id,web_name,full_name,team_name,position,now_cost,status,photo_url,total_points,points_per_game,form,selected_by_percent,minutes,starts,chance_of_playing_next_round,ep_next,set_piece_duties,expected_goals_per_90,expected_assists_per_90,expected_goals_conceded_per_90,defensive_contribution_per_90,transfers_in_event,transfers_out_event,next_gameweek,next_opponent,next_is_home,next_fixture_difficulty,start_rate,xp_model,xp_next,xp_horizon,fixtures_horizon,xp_ceiling,haul_probability
124,Groß,Pascal Groß,Brighton,MID,5.9,a,https://resources.premierleague.com/premierleague/photos/players/40x40/p60307.png,47,9.4,15.5,30.7,450,5,,15.5,"Penales, Tiros libres, Córners",0.35,0.17,1.73,5.2,964930,18724,6,Sunderland,False,3,0.74,2.77,15.5,9.22,SUN(A) · CRY(H) · LIV(A) · MCI(A),7.0,0.03
229,Tarkowski,James Tarkowski,Everton,DEF,6.2,a,https://resources.premierleague.com/premierleague/photos/players/40x40/p17761.png,43,8.6,11.0,17.2,450,5,,11.0,,0.04,0.01,1.39,10.2,292900,33776,6,Hull City,False,2,0.99,5.43,11.0,13.59,HUL(A) · CHE(H) · ARS(A) · NEW(A),6.0,0.03
330,Bogle,Jayden Bogle,Leeds,DEF,4.6,a,https://resources.premierleague.com/premierleague/photos/players/40x40/p226182.png,42,8.4,10.0,7.6,365,5,,10.0,,0.34,0.02,0.71,3.95,164101,36861,6,Arsenal,False,5,0.92,1.38,10.0,12.46,ARS(A) · MUN(H) · SUN(A) · BOU(A),6.0,0.007
94,Schade,Kevin Schade,Brentford,MID,6.2,a,https://resources.premierleague.com/premierleague/photos/players/40x40/p513418.png,39,7.8,12.0,12.7,447,5,,12.0,,0.31,0.06,1.27,6.85,515189,43495,6,Aston Villa,False,3,0.92,4.04,12.0,16.16,AVL(A) · LIV(H) · HUL(A) · NFO(H),8.0,0.065
411,Haaland,Erling Haaland,Man City,FWD,15.6,a,https://resources.premierleague.com/premierleague/photos/players/40x40/p223094.png,39,7.8,7.5,73.9,450,5,,7.5,Penales,0.88,0.11,1.45,4.0,102933,31645,6,Liverpool,False,4,0.95,3.49,7.5,20.94,LIV(A) · IPS(H) · AVL(A) · BHA(H),9.0,0.098
115,De Cuyper,Maxim De Cuyper,Brighton,DEF,5.0,a,https://resources.premierleague.com/premierleague/photos/players/40x40/Photo-Missing.png,38,7.6,8.5,28.5,423,5,,8.5,,0.33,0.14,1.83,3.4,386717,33659,6,Sunderland,False,3,0.72,3.32,8.5,11.06,SUN(A) · CRY(H) · LIV(A) · MCI(A),8.0,0.052
391,Gvardiol,Joško Gvardiol,Man City,DEF,5.7,a,https://resources.premierleague.com/premierleague/photos/players/40x40/p477424.png,37,7.4,7.5,26.9,434,5,,7.5,,0.05,0.15,1.5,6.43,186041,78839,6,Liverpool,False,4,0.71,2.09,7.5,12.56,LIV(A) · IPS(H) · AVL(A) · BHA(H),6.0,0.015
572,Tzolakis,Konstantinos Tzolakis,Hull City,GKP,4.7,a,https://resources.premierleague.com/premierleague/photos/players/40x40/Photo-Missing.png,34,6.8,4.0,12.9,450,5,,4.0,,0.0,0.0,1.48,0.0,152357,32371,6,Everton,True,3,0.88,3.89,4.0,16.84,EVE(H) · FUL(A) · BRE(H) · IPS(H),6.0,0.0
399,Cherki,Rayan Cherki,Man City,MID,7.8,a,https://resources.premierleague.com/premierleague/photos/players/40x40/Photo-Missing.png,34,6.8,4.5,28.5,302,4,,4.5,"Tiros libres, Córners",0.21,0.46,1.49,3.58,167664,120808,6,Liverpool,False,4,0.65,2.05,4.5,12.28,LIV(A) · IPS(H) · AVL(A) · BHA(H),7.0,0.029
397,Semenyo,Antoine Semenyo,Man City,MID,8.4,d,https://resources.premierleague.com/premierleague/photos/players/40x40/p437730.png,33,6.6,10.0,14.8,450,5,75.0,7.5,,0.07,0.23,1.45,4.4,133602,119922,6,Liverpool,False,4,0.99,1.89,7.5,11.33,LIV(A) · IPS(H) · AVL(A) · BHA(H),7.0,0.016
379,Isak,Alexander Isak,Liverpool,FWD,9.1,d,https://resources.premierleague.com/premierleague/photos/players/40x40/p219168.png,33,6.6,5.0,21.7,413,5,75.0,3.8,,0.77,0.02,1.27,1.53,126525,152221,6,Man City,True,4,0.61,1.19,3.8,5.96,MCI(H) · BRE(A) · BHA(H) · ARS(H),6.0,0.019
165,João Pedro,João Pedro Junqueira de Jesus,Chelsea,FWD,7.7,d,https://resources.premierleague.com/premierleague/photos/players/40x40/p475168.png,33,8.2,6.0,64.2,360,4,75.0,4.5,,0.54,0.05,1.54,2.25,91529,490558,6,Bournemouth,True,3,0.81,2.57,4.5,10.27,BOU(H) · EVE(A) · TOT(H) · MUN(H),6.0,0.057
504,Vuskovic,Luka Vušković,Brighton,DEF,5.0,a,https://resources.premierleague.com/premierleague/photos/players/40x40/Photo-Missing.png,32,6.4,7.0,3.9,437,5,,7.0,,0.09,0.01,1.74,8.86,80880,19984,6,Sunderland,False,3,0.88,4.35,7.0,14.5,SUN(A) · CRY(H) · LIV(A) · MCI(A),6.0,0.015
367,Gakpo,Cody Gakpo,Liverpool,MID,7.2,d,https://resources.premierleague.com/premierleague/photos/players/40x40/p243298.png,32,6.4,2.0,11.8,370,4,75.0,1.5,,0.16,0.42,1.34,7.78,53760,144986,6,Man City,True,4,0.82,1.75,1.5,8.75,MCI(H) · BRE(A) · BHA(H) · ARS(H),6.0,0.019
12,Saka,Bukayo Saka,Arsenal,MID,9.6,a,https://resources.premierleague.com/premierleague/photos/players/40x40/p223340.png,32,6.4,5.0,14.7,416,5,,5.0,Penales,0.7,0.21,0.77,6.71,212951,59448,6,Leeds,True,3,0.83,4.58,5.0,16.81,LEE(H) · NFO(A) · EVE(H) · LIV(A),10.0,0.114
426,B.Fernandes,Bruno Borges Fernandes,Man Utd,MID,11.9,a,https://resources.premierleague.com/premierleague/photos/players/40x40/p141746.png,31,6.2,2.0,38.3,450,5,,2.0,"Penales, Tiros libres, Córners",0.51,0.26,1.36,5.8,66280,241864,6,Spurs,True,2,0.96,6.66,2.0,19.98,TOT(H) · LEE(A) · BOU(H) · CHE(A),12.0,0.2
286,Belloumi,Mohamed Belloumi,Hull City,MID,5.1,a,https://resources.premierleague.com/premierleague/photos/players/40x40/Photo-Missing.png,31,6.2,8.5,5.4,394,5,,8.5,,0.16,0.1,1.47,10.05,102146,34398,6,Everton,True,3,0.88,2.75,8.5,11.93,EVE(H) · FUL(A) · BRE(H) · IPS(H),3.0,0.002
68,Tavernier,Marcus Tavernier,Bournemouth,MID,6.1,a,https://resources.premierleague.com/premierleague/photos/players/40x40/p201658.png,31,6.2,5.0,6.9,424,5,,5.0,"Tiros libres, Córners",0.36,0.2,1.39,8.92,112536,61497,6,Chelsea,False,4,0.91,2.71,5.0,13.56,CHE(A) · SUN(H) · MUN(A) · LEE(H),7.0,0.034
449,Hall,Lewis Hall,Newcastle,DEF,5.3,a,https://resources.premierleague.com/premierleague/photos/players/40x40/p487838.png,31,6.2,6.5,18.1,449,5,,6.5,"Tiros libres, Córners",0.05,0.16,1.83,9.22,330067,31779,6,Coventry City,False,2,0.82,4.32,6.5,14.05,COV(A) · AVL(H) · CRY(A) · EVE(H),6.0,0.021
388,Guéhi,Marc Guéhi,Man City,DEF,6.0,a,https://resources.premierleague.com/premierleague/photos/players/40x40/p209036.png,30,6.0,5.0,18.1,450,5,,5.0,,0.19,0.08,1.45,5.8,29373,66267,6,Liverpool,False,4,0.96,2.78,5.0,16.66,LIV(A) · IPS(H) · AVL(A) · BHA(H),6.0,0.022
1,Raya,David Raya Martín,Arsenal,GKP,6.1,a,https://resources.premierleague.com/premierleague/photos/players/40x40/p154561.png,30,6.0,7.5,42.6,450,5,,7.5,,0.0,0.0,0.81,0.0,171928,65786,6,Leeds,True,3,0.99,3.81,7.5,13.99,LEE(H) · NFO(A) · EVE(H) · LIV(A),6.0,0.0
69,Scott,Alex Scott,Bournemouth,MID,6.1,i,https://resources.premierleague.com/premierleague/photos/players/40x40/p503139.png,30,6.0,3.0,5.4,446,5,0.0,0.0,,0.13,0.08,1.38,12.11,26568,80445,6,Chelsea,False,4,0.95,0.0,0.0,0.0,CHE(A) · SUN(H) · MUN(A) · LEE(H),0.0,0.0
15,Ødegaard,Martin Ødegaard,Arsenal,MID,6.8,a,https://resources.premierleague.com/premierleague/photos/players/40x40/p184029.png,29,5.8,2.5,19.9,377,5,,2.5,,0.26,0.32,0.77,5.49,113889,113631,6,Leeds,True,3,0.71,2.75,2.5,10.07,LEE(H) · NFO(A) · EVE(H) · LIV(A),7.0,0.027
40,Rogers,Morgan Rogers,Chelsea,MID,7.8,a,https://resources.premierleague.com/premierleague/photos/players/40x40/p244850.png,29,5.8,5.0,41.2,437,5,,5.0,,0.35,0.25,1.8,6.38,234025,86703,6,Bournemouth,True,3,0.99,3.91,5.0,15.65,BOU(H) · EVE(A) · TOT(H) · MUN(H),7.0,0.053
8,Calafiori,Riccardo Calafiori,Arsenal,DEF,5.9,a,https://resources.premierleague.com/premierleague/photos/players/40x40/p466075.png,29,5.8,3.5,50.7,416,5,,3.5,,0.14,0.13,0.81,3.89,116749,77221,6,Leeds,True,3,0.79,4.31,3.5,15.8,LEE(H) · NFO(A) · EVE(H) · LIV(A),8.0,0.075
480,Gibbs-White,Morgan Gibbs-White,Nott'm Forest,MID,8.0,a,https://resources.premierleague.com/premierleague/photos/players/40x40/p222531.png,28,5.6,5.0,15.7,450,5,100.0,5.0,"Penales, Tiros libres",0.31,0.28,0.95,4.2,95066,113012,6,Crystal Palace,False,3,0.96,4.11,5.0,16.45,CRY(A) · ARS(H) · IPS(A) · BRE(A),8.0,0.068
98,Janelt,Vitaly Janelt,Brentford,MID,5.0,a,https://resources.premierleague.com/premierleague/photos/players/40x40/p204580.png,28,5.6,3.5,2.5,450,5,,3.5,,0.11,0.09,1.26,12.8,24796,22831,6,Aston Villa,False,3,0.7,2.26,3.5,9.05,AVL(A) · LIV(H) · HUL(A) · NFO(H),5.0,0.007
453,Barnes,Harvey Barnes,Newcastle,MID,6.1,a,https://resources.premierleague.com/premierleague/photos/players/40x40/p201666.png,28,5.6,5.5,6.2,450,5,,5.5,,0.12,0.1,1.83,6.6,219663,37606,6,Coventry City,False,2,0.75,3.9,5.5,12.66,COV(A) · AVL(H) · CRY(A) · EVE(H),8.0,0.061
154,Palmer,Cole Palmer,Chelsea,MID,9.7,d,https://resources.premierleague.com/premierleague/photos/players/40x40/p244851.png,28,5.6,3.5,24.9,442,5,75.0,2.6,Penales,0.27,0.16,1.78,5.9,59831,248512,6,Bournemouth,True,3,0.82,2.89,2.6,11.55,BOU(H) · EVE(A) · TOT(H) · MUN(H),7.0,0.061
138,Kostoulas,Charalampos Kostoulas,Brighton,FWD,5.6,a,https://resources.premierleague.com/premierleague/photos/players/40x40/Photo-Missing.png,28,5.6,10.0,5.3,353,4,,10.0,,0.34,0.02,1.96,6.88,418202,30036,6,Sunderland,False,3,0.43,1.82,10.0,6.07,SUN(A) · CRY(H) · LIV(A) · MCI(A),6.0,0.037
385,Trafford,James Trafford,Leeds,GKP,5.0,a,https://resources.premierleague.com/premierleague/photos/players/40x40/p432720.png,28,5.6,6.5,5.5,450,5,,6.5,,0.0,0.0,1.29,0.0,30332,20278,6,Arsenal,False,5,0.55,0.55,6.5,4.97,ARS(A) · MUN(H) · SUN(A) · BOU(A),2.0,0.0
233,Mykolenko,Vitalii Mykolenko,Everton,DEF,4.6,d,https://resources.premierleague.com/premierleague/photos/players/40x40/p224967.png,27,5.4,8.0,4.0,450,5,75.0,6.0,,0.01,0.03,1.39,7.8,42944,39909,6,Hull City,False,2,0.93,3.34,6.0,8.35,HUL(A) · CHE(H) · ARS(A) · NEW(A),6.0,0.004
335,Stach,Anton Stach,Leeds,MID,6.0,a,https://resources.premierleague.com/premierleague/photos/players/40x40/Photo-Missing.png,27,5.4,4.0,2.5,447,5,,4.0,"Tiros libres, Córners",0.2,0.06,1.24,12.28,6398,24085,6,Arsenal,False,5,0.87,1.06,4.0,9.54,ARS(A) · MUN(H) · SUN(A) · BOU(A),3.0,0.003
334,Muharemović,Tarik Muharemović,Leeds,DEF,5.0,a,https://resources.premierleague.com/premierleague/photos/players/40x40/Photo-Missing.png,27,5.4,6.5,4.4,450,5,,6.5,,0.1,0.01,1.29,11.6,45912,33892,6,Arsenal,False,5,0.88,1.65,6.5,14.85,ARS(A) · MUN(H) · SUN(A) · BOU(A),6.0,0.002
350,A.Becker,Alisson Becker,Liverpool,GKP,5.5,a,https://resources.premierleague.com/premierleague/photos/players/40x40/Photo-Missing.png,27,5.4,8.5,4.2,450,5,,8.5,,0.0,0.0,1.22,0.0,18121,15221,6,Man City,True,4,0.84,1.82,8.5,9.11,MCI(H) · BRE(A) · BHA(H) · ARS(H),6.0,0.0
279,Ajayi,Semi Ajayi,Hull City,DEF,4.2,a,https://resources.premierleague.com/premierleague/photos/players/40x40/p146426.png,27,5.4,1.0,13.9,423,5,100.0,1.0,,0.14,0.0,1.37,5.74,56223,72296,6,Everton,True,3,0.88,4.42,1.0,19.14,EVE(H) · FUL(A) · BRE(H) · IPS(H),6.0,0.025
230,Branthwaite,Jarrad Branthwaite,Everton,DEF,5.5,a,https://resources.premierleague.com/premierleague/photos/players/40x40/p480455.png,27,5.4,7.0,2.5,450,5,,7.0,,0.03,0.0,1.39,10.8,28962,10246,6,Hull City,False,2,0.59,3.26,7.0,8.14,HUL(A) · CHE(H) · ARS(A) · NEW(A),6.0,0.013
277,Egan,John Egan,Hull City,DEF,4.1,a,https://resources.premierleague.com/premierleague/photos/players/40x40/p108416.png,26,5.2,1.5,7.1,437,5,,1.5,,0.01,0.0,1.5,12.15,43581,37952,6,Everton,True,3,0.88,4.7,1.5,20.35,EVE(H) · FUL(A) · BRE(H) · IPS(H),6.0,0.002
428,Cunha,Matheus Santos Carneiro da Cunha,Man Utd,MID,7.9,a,https://resources.premierleague.com/premierleague/photos/players/40x40/p430871.png,26,5.2,6.0,5.9,407,5,,6.0,,0.14,0.18,1.2,2.87,32862,27642,6,Spurs,True,2,0.88,4.45,6.0,13.34,TOT(H) · LEE(A) · BOU(H) · CHE(A),8.0,0.063
332,Justin,James Justin,Leeds,DEF,4.5,a,https://resources.premierleague.com/premierleague/photos/players/40x40/p220627.png,26,5.2,5.0,1.4,450,5,,5.0,,0.04,0.08,1.29,8.8,7011,8249,6,Arsenal,False,5,0.78,1.05,5.0,9.48,ARS(A) · MUN(H) · SUN(A) · BOU(A),2.0,0.002
316,Emersonn,Emersonn Correia da Silva,Ipswich Town,FWD,5.5,a,https://resources.premierleague.com/premierleague/photos/players/40x40/Photo-Missing.png,26,5.2,7.0,3.8,317,5,100.0,7.0,,0.46,0.03,1.22,2.84,51913,28124,6,Fulham,True,2,0.88,2.92,7.0,8.76,FUL(H) · MCI(A) · NFO(H) · HUL(A),6.0,0.01
356,Virgil,Virgil van Dijk,Liverpool,DEF,6.5,a,https://resources.premierleague.com/premierleague/photos/players/40x40/p97032.png,25,5.0,8.0,16.2,450,5,,8.0,,0.05,0.02,1.22,9.6,30545,55689,6,Man City,True,4,1.0,2.91,8.0,14.56,MCI(H) · BRE(A) · BHA(H) · ARS(H),6.0,0.013
586,Mendy,Nobel Mendy,Hull City,DEF,4.1,a,https://resources.premierleague.com/premierleague/photos/players/40x40/Photo-Missing.png,25,6.2,0.5,6.2,249,4,100.0,0.5,,0.12,0.0,1.45,14.1,9772,37587,6,Everton,True,3,0.78,4.67,0.5,20.22,EVE(H) · FUL(A) · BRE(H) · IPS(H),6.0,0.015
226,Pickford,Jordan Pickford,Everton,GKP,5.5,a,https://resources.premierleague.com/premierleague/photos/players/40x40/p111234.png,25,5.0,7.0,9.2,450,5,,7.0,,0.0,0.0,1.39,0.0,35918,21555,6,Hull City,False,2,1.0,3.94,7.0,9.86,HUL(A) · CHE(H) · ARS(A) · NEW(A),6.0,0.0
305,Davis,Leif Davis,Ipswich Town,DEF,4.0,a,https://resources.premierleague.com/premierleague/photos/players/40x40/p455084.png,25,5.0,8.0,7.1,450,5,,8.0,,0.32,0.09,1.8,4.8,75517,37398,6,Fulham,True,2,0.88,5.89,8.0,17.67,FUL(H) · MCI(A) · NFO(H) · HUL(A),9.0,0.089
427,Mbeumo,Bryan Mbeumo,Man Utd,MID,7.9,a,https://resources.premierleague.com/premierleague/photos/players/40x40/p446008.png,25,5.0,2.0,20.4,450,5,,2.0,,0.61,0.16,1.36,5.2,58201,166053,6,Spurs,True,2,0.91,6.28,2.0,18.84,TOT(H) · LEE(A) · BOU(H) · CHE(A),12.0,0.183
4,Gabriel,Gabriel dos Santos Magalhães,Arsenal,DEF,8.0,a,https://resources.premierleague.com/premierleague/photos/players/40x40/p226597.png,25,5.0,5.0,22.7,450,5,,5.0,,0.1,0.04,0.81,8.2,36699,85206,6,Leeds,True,3,0.89,4.56,5.0,16.71,LEE(H) · NFO(A) · EVE(H) · LIV(A),8.0,0.045
127,Gomez,Diego Gómez Amarilla,Brighton,MID,5.0,a,https://resources.premierleague.com/premierleague/photos/players/40x40/p514254.png,24,4.8,5.5,3.9,433,5,,5.5,,0.16,0.16,1.76,7.48,15647,49215,6,Sunderland,False,3,0.84,3.19,5.5,10.64,SUN(A) · CRY(H) · LIV(A) · MCI(A),7.0,0.035
112,Van Hecke,Jan Paul van Hecke,Spurs,DEF,4.9,d,https://resources.premierleague.com/premierleague/photos/players/40x40/p469142.png,24,4.8,7.0,6.3,450,5,75.0,5.2,,0.14,0.08,1.56,8.6,23097,55027,6,Man Utd,False,4,0.97,2.09,5.2,12.54,MUN(A) · COV(H) · CHE(A) · CRY(H),6.0,0.011
552,Brobbey,Brian Brobbey,Sunderland,FWD,5.7,i,https://resources.premierleague.com/premierleague/photos/players/40x40/Photo-Missing.png,24,4.8,9.0,6.7,399,5,0.0,0.0,,0.66,0.02,1.85,2.48,202984,73226,6,Brighton,True,3,0.79,0.0,0.0,0.0,BHA(H) · BOU(A) · LEE(H) · COV(A),0.0,0.0
362,Jacquet,Jeremy Jacquet,Liverpool,DEF,5.0,d,https://resources.premierleague.com/premierleague/photos/players/40x40/Photo-Missing.png,24,4.8,7.5,3.4,415,5,75.0,5.6,,0.0,0.03,1.19,7.81,40836,24131,6,Man City,True,4,0.88,2.26,5.6,11.32,MCI(H) · BRE(A) · BHA(H) · ARS(H),6.0,0.0
268,King,Josh King,Fulham,MID,5.6,a,https://resources.premierleague.com/premierleague/photos/players/40x40/p577725.png,24,4.8,2.5,3.2,425,5,,2.5,,0.33,0.1,1.76,5.93,158757,27738,6,Ipswich Town,False,2,0.7,3.33,2.5,12.47,IPS(A) · HUL(H) · COV(A) · AVL(A),7.0,0.038
282,Giles,Ryan Giles,Hull City,DEF,4.0,a,https://resources.premierleague.com/premierleague/photos/players/40x40/p232351.png,24,4.8,2.0,2.9,444,5,,2.0,Tiros libres,0.0,0.09,1.49,4.86,26802,17484,6,Everton,True,3,0.88,4.08,2.0,17.68,EVE(H) · FUL(A) · BRE(H) · IPS(H),6.0,0.0
204,Mitchell,Tyrick Mitchell,Crystal Palace,DEF,4.5,a,https://resources.premierleague.com/premierleague/photos/players/40x40/p244723.png,24,4.8,4.0,6.1,419,5,,4.0,,0.17,0.06,1.79,5.37,20486,22545,6,Nott'm Forest,True,3,0.97,3.64,4.0,13.35,NFO(H) · BHA(A) · NEW(H) · TOT(A),6.0,0.023
173,Thomas,Bobby Thomas,Coventry City,DEF,4.0,a,https://resources.premierleague.com/premierleague/photos/players/40x40/p461102.png,24,4.8,4.5,8.6,437,5,,4.5,,0.1,0.06,1.67,10.71,41130,42831,6,Newcastle,True,3,0.88,4.65,4.5,20.14,NEW(H) · TOT(A) · FUL(H) · SUN(H),6.0,0.017
109,Verbruggen,Bart Verbruggen,Brighton,GKP,4.5,a,https://resources.premierleague.com/premierleague/photos/players/40x40/p489639.png,23,4.6,7.0,21.6,450,5,,7.0,,0.0,0.04,1.73,0.0,96526,101494,6,Sunderland,False,3,1.0,2.99,7.0,9.97,SUN(A) · CRY(H) · LIV(A) · MCI(A),6.0,0.0
472,Murillo,Murillo Costa dos Santos,Nott'm Forest,DEF,5.5,a,https://resources.premierleague.com/premierleague/photos/players/40x40/p575476.png,23,4.6,5.0,2.1,449,5,100.0,5.0,,0.08,0.07,0.96,10.62,11644,10633,6,Crystal Palace,False,3,0.83,3.54,5.0,14.16,CRY(A) · ARS(H) · IPS(A) · BRE(A),6.0,0.013
88,Kayode,Michael Kayode,Brentford,DEF,4.6,a,https://resources.premierleague.com/premierleague/photos/players/40x40/p607464.png,23,4.6,3.5,7.6,294,4,,3.5,,0.17,0.13,0.99,4.9,20268,28012,6,Aston Villa,False,3,0.89,3.48,3.5,13.91,AVL(A) · LIV(H) · HUL(A) · NFO(H),6.0,0.023
346,Calvert-Lewin,Dominic Calvert-Lewin,Leeds,FWD,6.0,a,https://resources.premierleague.com/premierleague/photos/players/40x40/p177815.png,22,4.4,6.0,24.5,419,5,,6.0,Penales,0.64,0.02,1.04,4.73,121800,224651,6,Arsenal,False,5,0.89,1.28,6.0,11.56,ARS(A) · MUN(H) · SUN(A) · BOU(A),6.0,0.013
565,M.Sangaré,Mamadou Sangaré,Brentford,MID,5.6,a,https://resources.premierleague.com/premierleague/photos/players/40x40/Photo-Missing.png,22,4.4,2.0,9.6,321,4,,2.0,,0.11,0.18,1.21,13.46,10388,168254,6,Aston Villa,False,3,0.78,2.57,2.0,10.29,AVL(A) · LIV(H) · HUL(A) · NFO(H),3.0,0.001
237,Ndiaye,Iliman Ndiaye,Man City,MID,5.8,a,https://resources.premierleague.com/premierleague/photos/players/40x40/p440993.png,22,4.4,3.0,6.5,385,4,,3.0,,0.09,0.14,2.2,10.29,9265,85661,6,Liverpool,False,4,0.82,2.03,3.0,12.17,LIV(A) · IPS(H) · AVL(A) · BHA(H),6.0,0.013
86,Lewis-Potter,Keane Lewis-Potter,Brentford,MID,5.5,a,https://resources.premierleague.com/premierleague/photos/players/40x40/p249231.png,22,4.4,2.0,1.7,406,5,,2.0,Tiros libres,0.27,0.18,1.26,8.42,4707,14753,6,Aston Villa,False,3,0.79,2.89,2.0,11.56,AVL(A) · LIV(H) · HUL(A) · NFO(H),7.0,0.027
460,Willock,Joe Willock,Newcastle,MID,5.0,a,https://resources.premierleague.com/premierleague/photos/players/40x40/p200089.png,22,4.4,5.5,0.6,284,3,,5.5,,0.26,0.1,1.64,5.7,12571,3844,6,Coventry City,False,2,0.43,1.9,5.5,6.18,COV(A) · AVL(H) · CRY(A) · EVE(H),5.0,0.017
432,Mainoo,Kobbie Mainoo,Man Utd,MID,5.5,d,https://resources.premierleague.com/premierleague/photos/players/40x40/p516895.png,22,4.4,4.0,1.5,354,4,75.0,3.0,,0.08,0.13,1.21,14.24,8467,19393,6,Spurs,True,2,0.61,1.91,3.0,5.72,TOT(H) · LEE(A) · BOU(H) · CHE(A),3.0,0.004
116,Dunk,Lewis Dunk,Brighton,DEF,4.5,d,https://resources.premierleague.com/premierleague/photos/players/40x40/p83299.png,22,5.5,6.0,1.5,360,4,75.0,4.5,,0.01,0.02,1.76,5.75,8014,13863,6,Sunderland,False,3,0.81,2.11,4.5,7.02,SUN(A) · CRY(H) · LIV(A) · MCI(A),6.0,0.007
579,Araujo,Ronald Araujo,Liverpool,DEF,5.4,a,https://resources.premierleague.com/premierleague/photos/players/40x40/Photo-Missing.png,22,4.4,6.5,3.1,284,3,,6.5,,0.0,0.02,0.87,7.61,22281,12866,6,Man City,True,4,0.68,2.54,6.5,12.68,MCI(H) · BRE(A) · BHA(H) · ARS(H),6.0,0.0
214,Kamada,Daichi Kamada,Crystal Palace,MID,5.0,a,https://resources.premierleague.com/premierleague/photos/players/40x40/p209400.png,21,4.2,5.5,0.5,441,5,,5.5,,0.1,0.08,1.81,7.76,4209,3974,6,Nott'm Forest,True,3,0.79,2.48,5.5,9.1,NFO(H) · BHA(A) · NEW(H) · TOT(A),5.0,0.01
338,Ampadu,Ethan Ampadu,Leeds,MID,5.4,a,https://resources.premierleague.com/premierleague/photos/players/40x40/p199598.png,21,4.2,6.0,0.9,450,5,,6.0,,0.02,0.05,1.29,12.0,2422,6651,6,Arsenal,False,5,0.96,0.95,6.0,8.54,ARS(A) · MUN(H) · SUN(A) · BOU(A),3.0,0.0
93,Schuster,Jannik Schuster,Brentford,DEF,4.5,a,https://resources.premierleague.com/premierleague/photos/players/40x40/Photo-Missing.png,21,7.0,8.5,0.4,253,2,,8.5,,0.04,0.19,1.49,13.52,22783,3693,6,Aston Villa,False,3,0.57,3.43,8.5,13.71,AVL(A) · LIV(H) · HUL(A) · NFO(H),6.0,0.004
544,Xhaka,Granit Xhaka,Sunderland,MID,5.5,a,https://resources.premierleague.com/premierleague/photos/players/40x40/p84450.png,21,4.2,1.5,3.6,450,5,,1.5,,0.01,0.26,1.73,10.8,7856,28683,6,Brighton,True,3,0.92,2.81,1.5,12.16,BHA(H) · BOU(A) · LEE(H) · COV(A),5.0,0.004
41,Buendía,Emiliano Buendía Stati,Aston Villa,MID,5.9,a,https://resources.premierleague.com/premierleague/photos/players/40x40/p195546.png,21,4.2,7.0,1.1,401,5,,7.0,"Penales, Tiros libres",0.21,0.05,1.76,7.63,17944,6249,6,Brentford,True,3,0.78,2.71,7.0,10.83,BRE(H) · NEW(A) · MCI(H) · FUL(H),7.0,0.022
10,White,Benjamin White,Arsenal,DEF,5.5,d,https://resources.premierleague.com/premierleague/photos/players/40x40/p198869.png,21,5.2,0.5,4.7,315,4,75.0,0.4,,0.05,0.08,0.33,5.14,3475,84140,6,Leeds,True,3,0.52,1.7,0.4,6.24,LEE(H) · NFO(A) · EVE(H) · LIV(A),6.0,0.011
87,Ajer,Kristoffer Ajer,Brentford,DEF,4.5,a,https://resources.premierleague.com/premierleague/photos/players/40x40/p191866.png,21,4.2,4.0,3.8,450,5,,4.0,,0.03,0.02,1.26,10.0,16505,29874,6,Aston Villa,False,3,0.76,2.95,4.0,11.79,AVL(A) · LIV(H) · HUL(A) · NFO(H),6.0,0.006
649,Maitland-Niles,Ainsley Maitland-Niles,Everton,DEF,4.5,a,https://resources.premierleague.com/premierleague/photos/players/40x40/p154043.png,21,7.0,7.0,1.4,177,2,,7.0,,0.03,0.13,1.02,6.61,24518,6663,6,Hull City,False,2,0.57,3.31,7.0,8.27,HUL(A) · CHE(H) · ARS(A) · NEW(A),6.0,0.017
236,Dewsbury-Hall,Kiernan Dewsbury-Hall,Everton,MID,6.6,a,https://resources.premierleague.com/premierleague/photos/players/40x40/p215413.png,20,4.0,2.5,5.8,450,5,,2.5,,0.2,0.17,1.35,8.4,40036,63417,6,Hull City,False,2,0.89,4.45,2.5,11.12,HUL(A) · CHE(H) · ARS(A) · NEW(A),8.0,0.054
176,Dasilva,Jay Dasilva,Coventry City,DEF,4.0,a,https://resources.premierleague.com/premierleague/photos/players/40x40/Photo-Missing.png,20,4.0,7.5,0.8,444,5,,7.5,,0.1,0.11,1.75,4.66,10066,2735,6,Newcastle,True,3,0.88,4.08,7.5,17.7,NEW(H) · TOT(A) · FUL(H) · SUN(H),6.0,0.017
249,Barry,Thierno Barry,Everton,FWD,5.7,a,https://resources.premierleague.com/premierleague/photos/players/40x40/Photo-Missing.png,20,4.0,4.0,8.4,417,5,,4.0,Penales,0.76,0.03,1.08,3.67,113452,55832,6,Hull City,False,2,0.78,4.24,4.0,10.61,HUL(A) · CHE(H) · ARS(A) · NEW(A),10.0,0.115
605,Yalcouyé,Malick Yalcouyé,Brighton,MID,4.5,a,https://resources.premierleague.com/premierleague/photos/players/40x40/p611695.png,20,4.0,4.5,3.9,236,3,,4.5,,0.56,0.17,2.51,7.25,32333,40657,6,Sunderland,False,3,0.68,3.69,4.5,12.3,SUN(A) · CRY(H) · LIV(A) · MCI(A),10.0,0.108
258,Castagne,Timothy Castagne,Fulham,DEF,4.5,a,https://resources.premierleague.com/premierleague/photos/players/40x40/p166477.png,20,4.0,3.5,1.0,408,5,,3.5,,0.15,0.09,1.5,6.4,22015,6925,6,Ipswich Town,False,2,0.76,3.96,3.5,14.84,IPS(A) · HUL(H) · COV(A) · AVL(A),8.0,0.036
13,Rice,Declan Rice,Arsenal,MID,7.4,d,https://resources.premierleague.com/premierleague/photos/players/40x40/p204480.png,20,4.0,3.5,11.3,411,5,75.0,2.6,"Tiros libres, Córners",0.03,0.15,0.77,9.2,8204,112663,6,Leeds,True,3,0.96,2.56,2.6,9.4,LEE(H) · NFO(A) · EVE(H) · LIV(A),6.0,0.011
368,Szoboszlai,Dominik Szoboszlai,Liverpool,MID,6.9,a,https://resources.premierleague.com/premierleague/photos/players/40x40/p424876.png,20,4.0,2.5,32.2,440,5,,2.5,"Penales, Tiros libres, Córners",0.29,0.17,1.23,8.39,46954,279142,6,Man City,True,4,0.97,2.5,2.5,12.52,MCI(H) · BRE(A) · BHA(H) · ARS(H),7.0,0.019
82,Kelleher,Caoimhín Kelleher,Brentford,GKP,5.0,a,https://resources.premierleague.com/premierleague/photos/players/40x40/p200720.png,20,4.0,4.5,6.1,450,5,,4.5,,0.0,0.0,1.26,0.0,25759,18776,6,Aston Villa,False,3,0.99,2.98,4.5,11.92,AVL(A) · LIV(H) · HUL(A) · NFO(H),6.0,0.0
384,Donnarumma,Gianluigi Donnarumma,Man City,GKP,5.5,a,https://resources.premierleague.com/premierleague/photos/players/40x40/Photo-Missing.png,19,3.8,4.5,7.5,450,5,,4.5,,0.0,0.0,1.45,0.0,12846,38218,6,Liverpool,False,4,0.95,2.0,4.5,11.98,LIV(A) · IPS(H) · AVL(A) · BHA(H),6.0,0.0
242,George,Tyrique George,Everton,MID,5.5,a,https://resources.premierleague.com/premierleague/photos/players/40x40/p550615.png,19,3.8,2.0,0.9,309,4,,2.0,,0.1,0.09,1.08,5.24,3026,13817,6,Hull City,False,2,0.41,2.06,2.0,5.15,HUL(A) · CHE(H) · ARS(A) · NEW(A),6.0,0.027
26,Havertz,Kai Havertz,Arsenal,FWD,7.6,d,https://resources.premierleague.com/premierleague/photos/players/40x40/p219847.png,19,3.8,1.5,7.8,437,5,75.0,1.1,,0.34,0.08,0.81,2.68,51917,105516,6,Leeds,True,3,0.59,1.83,1.1,6.72,LEE(H) · NFO(A) · EVE(H) · LIV(A),6.0,0.035
469,N.Williams,Neco Williams,Nott'm Forest,DEF,5.0,a,https://resources.premierleague.com/premierleague/photos/players/40x40/p215136.png,19,3.8,2.0,8.6,450,5,,2.0,,0.08,0.12,0.95,5.8,15070,61593,6,Crystal Palace,False,3,0.97,3.95,2.0,15.79,CRY(A) · ARS(H) · IPS(A) · BRE(A),6.0,0.025
114,Boscagli,Olivier Boscagli,Brighton,DEF,4.5,a,https://resources.premierleague.com/premierleague/photos/players/40x40/Photo-Missing.png,19,3.8,6.0,0.3,437,5,,6.0,,0.01,0.11,1.74,5.97,3153,1174,6,Sunderland,False,3,0.62,2.15,6.0,7.18,SUN(A) · CRY(H) · LIV(A) · MCI(A),6.0,0.002
588,Khalaili,Anan Khalaili,Crystal Palace,DEF,5.0,d,https://resources.premierleague.com/premierleague/photos/players/40x40/Photo-Missing.png,19,3.8,6.5,0.3,379,4,75.0,4.9,,0.23,0.08,2.0,10.45,2334,2205,6,Nott'm Forest,True,3,0.78,3.13,4.9,11.47,NFO(H) · BHA(A) · NEW(H) · TOT(A),6.0,0.022
366,Wirtz,Florian Wirtz,Liverpool,MID,7.3,a,https://resources.premierleague.com/premierleague/photos/players/40x40/Photo-Missing.png,18,3.6,4.5,5.6,402,5,,4.5,,0.22,0.09,1.08,8.06,7125,52417,6,Man City,True,4,0.86,2.34,4.5,11.71,MCI(H) · BRE(A) · BHA(H) · ARS(H),7.0,0.023
336,Okafor,Noah Okafor,Leeds,MID,5.8,a,https://resources.premierleague.com/premierleague/photos/players/40x40/Photo-Missing.png,18,3.6,6.0,0.4,299,4,,6.0,,0.05,0.08,0.71,5.42,2566,4625,6,Arsenal,False,5,0.65,0.81,6.0,7.32,ARS(A) · MUN(H) · SUN(A) · BOU(A),3.0,0.003
496,Kinsky,Antonín Kinský,Spurs,GKP,4.5,a,https://resources.premierleague.com/premierleague/photos/players/40x40/p485055.png,18,3.6,4.5,16.9,450,5,,4.5,,0.0,0.0,1.56,0.0,25388,147319,6,Man Utd,False,4,0.59,1.34,4.5,8.06,MUN(A) · COV(H) · CHE(A) · CRY(H),6.0,0.0
79,Evanilson,Francisco Evanilson de Lima Barbosa,Bournemouth,FWD,6.0,a,https://resources.premierleague.com/premierleague/photos/players/40x40/p444102.png,18,3.6,3.5,3.2,424,5,,3.5,,0.18,0.11,1.37,5.73,26246,26446,6,Chelsea,False,4,0.92,2.09,3.5,10.43,CHE(A) · SUN(H) · MUN(A) · LEE(H),6.0,0.016
542,E.Le Fée,Enzo Le Fée,Sunderland,MID,5.7,a,https://resources.premierleague.com/premierleague/photos/players/40x40/Photo-Missing.png,18,3.6,2.5,3.3,438,5,,2.5,Córners,0.42,0.28,1.74,4.32,14904,32019,6,Brighton,True,3,0.93,3.82,2.5,16.57,BHA(H) · BOU(A) · LEE(H) · COV(A),8.0,0.059
454,Elanga,Anthony Elanga,Newcastle,MID,6.1,i,https://resources.premierleague.com/premierleague/photos/players/40x40/p449434.png,18,6.0,0.0,4.2,232,3,0.0,0.0,,0.16,0.13,1.56,3.49,377,195780,6,Coventry City,False,2,0.48,0.0,0.0,0.0,COV(A) · AVL(H) · CRY(A) · EVE(H),0.0,0.0
250,Leno,Bernd Leno,Fulham,GKP,4.5,a,https://resources.premierleague.com/premierleague/photos/players/40x40/p80201.png,18,3.6,6.0,3.5,450,5,,6.0,,0.0,0.0,1.82,0.0,60408,17776,6,Ipswich Town,False,2,1.0,3.82,6.0,14.32,IPS(A) · HUL(H) · COV(A) · AVL(A),6.0,0.0
502,Robertson,Andrew Robertson,Spurs,DEF,4.4,a,https://resources.premierleague.com/premierleague/photos/players/40x40/p122798.png,17,3.4,5.5,2.5,366,4,,5.5,,0.03,0.11,1.73,4.92,8418,17883,6,Man Utd,False,4,0.54,1.38,5.5,8.27,MUN(A) · COV(H) · CHE(A) · CRY(H),6.0,0.006
45,McGinn,John McGinn,Aston Villa,MID,5.4,a,https://resources.premierleague.com/premierleague/photos/players/40x40/p122806.png,17,3.4,6.0,2.2,434,5,,6.0,Córners,0.16,0.05,1.72,6.22,9886,11976,6,Brentford,True,3,0.87,2.92,6.0,11.68,BRE(H) · NEW(A) · MCI(H) · FUL(H),7.0,0.021
390,Rúben,Rúben dos Santos Gato Alves Dias,Man City,DEF,5.5,a,https://resources.premierleague.com/premierleague/photos/players/40x40/p171314.png,17,3.4,3.5,1.9,450,5,,3.5,,0.06,0.15,1.45,5.2,5727,11038,6,Liverpool,False,4,0.82,2.04,3.5,12.23,LIV(A) · IPS(H) · AVL(A) · BHA(H),6.0,0.005
244,Armstrong,Harrison Armstrong,Everton,MID,5.0,a,https://resources.premierleague.com/premierleague/photos/players/40x40/Photo-Missing.png,16,3.2,2.5,0.4,446,5,100.0,2.5,,0.04,0.1,1.4,8.07,1073,3924,6,Hull City,False,2,0.58,2.31,2.5,5.77,HUL(A) · CHE(H) · ARS(A) · NEW(A),5.0,0.011
123,Hinshelwood,Jack Hinshelwood,Brighton,MID,5.9,i,https://resources.premierleague.com/premierleague/photos/players/40x40/p532529.png,16,16.0,0.0,0.5,63,1,0.0,0.0,,2.01,0.03,0.27,4.29,367,8067,6,Sunderland,False,3,0.36,0.0,0.0,0.0,SUN(A) · CRY(H) · LIV(A) · MCI(A),0.0,0.0
551,N.Angulo,Nilson Angulo,Sunderland,MID,5.0,a,https://resources.premierleague.com/premierleague/photos/players/40x40/Photo-Missing.png,16,3.2,3.0,0.1,313,5,,3.0,Tiros libres,0.17,0.04,1.31,6.9,664,948,6,Brighton,True,3,0.57,1.83,3.0,7.91,BHA(H) · BOU(A) · LEE(H) · COV(A),5.0,0.01
110,Rushworth,Carl Rushworth,Coventry City,GKP,4.5,a,https://resources.premierleague.com/premierleague/photos/players/40x40/p472739.png,16,3.2,5.5,0.8,450,5,,5.5,,0.0,0.0,1.73,0.0,3392,7214,6,Newcastle,True,3,0.88,3.72,5.5,16.1,NEW(H) · TOT(A) · FUL(H) · SUN(H),6.0,0.0
597,Suzuki,Zion Suzuki,Aston Villa,GKP,5.0,a,https://resources.premierleague.com/premierleague/photos/players/40x40/Photo-Missing.png,16,4.0,2.0,1.9,360,4,,2.0,,0.0,0.0,1.36,0.0,16957,8686,6,Brentford,True,3,0.78,3.65,2.0,14.61,BRE(H) · NEW(A) · MCI(H) · FUL(H),6.0,0.0
96,Damsgaard,Mikkel Damsgaard,Brentford,MID,5.4,d,https://resources.premierleague.com/premierleague/photos/players/40x40/p440089.png,16,3.2,2.0,0.4,283,3,75.0,1.5,,0.05,0.23,0.97,9.86,1872,3463,6,Aston Villa,False,3,0.62,1.67,1.5,6.69,AVL(A) · LIV(H) · HUL(A) · NFO(H),5.0,0.011
503,Van de Ven,Micky van de Ven,Spurs,DEF,5.0,a,https://resources.premierleague.com/premierleague/photos/players/40x40/p491279.png,16,4.0,3.5,3.8,360,4,100.0,3.5,,0.15,0.01,0.98,7.25,8519,24841,6,Man Utd,False,4,0.86,2.4,3.5,14.43,MUN(A) · COV(H) · CHE(A) · CRY(H),6.0,0.013
557,Tzolis,Christos Tzolis,Arsenal,MID,6.3,d,https://resources.premierleague.com/premierleague/photos/players/40x40/p439509.png,16,3.2,2.5,11.4,362,5,75.0,1.9,,0.05,0.14,0.68,5.72,12782,218735,6,Leeds,True,3,0.88,2.0,1.9,7.35,LEE(H) · NFO(A) · EVE(H) · LIV(A),3.0,0.0
553,Isidor,Wilson Isidor,Sunderland,FWD,5.5,a,https://resources.premierleague.com/premierleague/photos/players/40x40/Photo-Missing.png,15,3.0,1.0,1.3,117,0,,1.0,,1.15,0.01,2.91,3.85,5333,13752,6,Brighton,True,3,0.14,0.57,1.0,2.46,BHA(H) · BOU(A) · LEE(H) · COV(A),2.0,0.011
129,Ayari,Yasin Ayari,Brighton,MID,5.4,a,https://resources.premierleague.com/premierleague/photos/players/40x40/p509416.png,15,3.8,5.5,0.4,333,4,100.0,5.5,,0.19,0.05,1.52,5.68,3178,2606,6,Sunderland,False,3,0.66,2.11,5.5,7.04,SUN(A) · CRY(H) · LIV(A) · MCI(A),5.0,0.011
483,Ndoye,Dan Ndoye,Nott'm Forest,MID,5.5,a,https://resources.premierleague.com/premierleague/photos/players/40x40/Photo-Missing.png,15,3.0,1.0,0.7,316,5,,1.0,,0.36,0.26,1.09,5.7,1070,10108,6,Crystal Palace,False,3,0.68,2.45,1.0,9.79,CRY(A) · ARS(H) · IPS(A) · BRE(A),7.0,0.021
257,Bassey,Calvin Bassey,Fulham,DEF,4.5,a,https://resources.premierleague.com/premierleague/photos/players/40x40/p232892.png,15,3.0,6.0,0.8,450,5,,6.0,,0.03,0.02,1.82,5.8,11014,2915,6,Ipswich Town,False,2,0.87,3.97,6.0,14.88,IPS(A) · HUL(H) · COV(A) · AVL(A),6.0,0.019
516,Bentancur,Rodrigo Bentancur,Spurs,MID,5.5,a,https://resources.premierleague.com/premierleague/photos/players/40x40/p202993.png,15,3.0,3.5,0.2,370,4,,3.5,,0.0,0.03,1.36,14.59,521,1034,6,Man Utd,False,4,0.7,1.35,3.5,8.13,MUN(A) · COV(H) · CHE(A) · CRY(H),3.0,0.0
290,Slater,Regan Slater,Hull City,MID,4.5,a,https://resources.premierleague.com/premierleague/photos/players/40x40/p243413.png,15,3.0,2.0,5.2,437,5,,2.0,Córners,0.04,0.12,1.5,6.8,20126,48162,6,Everton,True,3,0.88,2.5,2.0,10.83,EVE(H) · FUL(A) · BRE(H) · IPS(H),3.0,0.001
591,Enciso,Julio Enciso,Ipswich Town,MID,5.5,a,https://resources.premierleague.com/premierleague/photos/players/40x40/p474120.png,15,3.0,2.0,0.8,413,5,100.0,2.0,,0.27,0.19,1.85,6.76,3701,7757,6,Fulham,True,2,0.88,3.76,2.0,11.28,FUL(H) · MCI(A) · NFO(H) · HUL(A),6.0,0.012
47,Kamara,Boubacar Kamara,Aston Villa,MID,5.0,a,https://resources.premierleague.com/premierleague/photos/players/40x40/p226944.png,15,3.0,4.0,0.3,443,5,100.0,4.0,,0.02,0.03,1.71,7.31,1628,1985,6,Brentford,True,3,0.72,1.86,4.0,7.44,BRE(H) · NEW(A) · MCI(H) · FUL(H),3.0,0.001
447,Botman,Sven Botman,Newcastle,DEF,5.0,a,https://resources.premierleague.com/premierleague/photos/players/40x40/p220237.png,15,3.0,3.0,0.7,450,5,,3.0,,0.01,0.03,1.83,11.8,6635,4018,6,Coventry City,False,2,0.78,4.35,3.0,14.13,COV(A) · AVL(H) · CRY(A) · EVE(H),6.0,0.02
105,Anthony,Jaidon Anthony,Brentford,MID,5.9,a,https://resources.premierleague.com/premierleague/photos/players/40x40/p444180.png,15,3.0,5.5,0.2,267,3,,5.5,,0.39,0.18,1.18,8.76,3095,799,6,Aston Villa,False,3,0.68,2.33,5.5,9.31,AVL(A) · LIV(H) · HUL(A) · NFO(H),3.0,0.005
464,Wissa,Yoane Wissa,Newcastle,FWD,6.2,a,https://resources.premierleague.com/premierleague/photos/players/40x40/p216646.png,15,3.0,1.0,18.8,441,5,,1.0,,0.48,0.01,1.63,5.51,127047,172005,6,Coventry City,False,2,0.55,3.15,1.0,10.24,COV(A) · AVL(H) · CRY(A) · EVE(H),9.0,0.086
377,Munoz,Victor Munoz,Liverpool,MID,6.5,a,https://resources.premierleague.com/premierleague/photos/players/40x40/Photo-Missing.png,15,3.0,1.0,0.9,257,3,,1.0,,0.18,0.11,1.62,5.6,2003,13625,6,Man City,True,4,0.68,1.36,1.0,6.78,MCI(H) · BRE(A) · BHA(H) · ARS(H),3.0,0.001
70,Kluivert,Justin Kluivert,Bournemouth,MID,6.0,i,https://resources.premierleague.com/premierleague/photos/players/40x40/p222683.png,15,3.8,4.0,0.8,294,4,0.0,0.0,,0.3,0.02,1.37,6.73,2326,23748,6,Chelsea,False,4,0.53,0.0,0.0,0.0,CHE(A) · SUN(H) · MUN(A) · LEE(H),0.0,0.0
481,Anderson,Elliot Anderson,Man City,MID,6.3,a,https://resources.premierleague.com/premierleague/photos/players/40x40/p215379.png,15,3.0,3.5,3.9,413,5,100.0,3.5,,0.02,0.15,1.56,11.77,10097,34220,6,Liverpool,False,4,0.99,2.1,3.5,12.61,LIV(A) · IPS(H) · AVL(A) · BHA(H),5.0,0.004
222,Strand Larsen,Jørgen Strand Larsen,Crystal Palace,FWD,6.0,a,https://resources.premierleague.com/premierleague/photos/players/40x40/p247412.png,14,2.8,5.0,0.7,298,3,,5.0,,0.13,0.06,1.86,3.93,7613,5136,6,Nott'm Forest,True,3,0.64,1.86,5.0,6.82,NFO(H) · BHA(A) · NEW(H) · TOT(A),6.0,0.01
211,Yeremy,Yéremy Pino Santos,Crystal Palace,MID,5.5,a,https://resources.premierleague.com/premierleague/photos/players/40x40/Photo-Missing.png,14,2.8,1.5,0.3,307,4,,1.5,"Tiros libres, Córners",0.15,0.16,2.03,7.62,867,3462,6,Nott'm Forest,True,3,0.74,2.95,1.5,10.81,NFO(H) · BHA(A) · NEW(H) · TOT(A),7.0,0.037
541,Meunier,Thomas Meunier,Sunderland,DEF,4.5,a,https://resources.premierleague.com/premierleague/photos/players/40x40/Photo-Missing.png,14,2.8,2.5,0.3,396,5,100.0,2.5,,0.08,0.13,1.35,4.55,2198,1241,6,Brighton,True,3,0.88,4.4,2.5,19.07,BHA(H) · BOU(A) · LEE(H) · COV(A),6.0,0.015
455,Tonali,Sandro Tonali,Spurs,MID,5.3,a,https://resources.premierleague.com/premierleague/photos/players/40x40/p432422.png,14,2.8,2.5,1.8,427,5,100.0,2.5,,0.05,0.13,1.63,8.85,2945,18664,6,Man Utd,False,4,0.91,1.81,2.5,10.85,MUN(A) · COV(H) · CHE(A) · CRY(H),3.0,0.003
53,Manzambi,Johan Manzambi,Aston Villa,MID,5.9,a,https://resources.premierleague.com/premierleague/photos/players/40x40/Photo-Missing.png,14,7.0,7.0,0.5,98,1,100.0,7.0,,0.4,0.22,1.41,8.27,37224,5019,6,Brentford,True,3,0.48,1.53,7.0,6.13,BRE(H) · NEW(A) · MCI(H) · FUL(H),3.0,0.001
567,Horníček,Lukás Hornícek,Newcastle,GKP,5.0,a,https://resources.premierleague.com/premierleague/photos/players/40x40/Photo-Missing.png,14,2.8,2.0,1.5,450,5,,2.0,,0.0,0.0,1.83,0.0,9317,6931,6,Coventry City,False,2,0.88,4.87,2.0,15.82,COV(A) · AVL(H) · CRY(A) · EVE(H),6.0,0.0
91,Pinnock,Ethan Pinnock,Coventry City,DEF,4.5,a,https://resources.premierleague.com/premierleague/photos/players/40x40/p231065.png,14,3.5,5.0,0.1,282,3,,5.0,,0.04,0.0,2.1,14.04,577,326,6,Newcastle,True,3,0.35,1.47,5.0,6.36,NEW(H) · TOT(A) · FUL(H) · SUN(H),5.0,0.001
569,Gonzalo,Gonzalo García,Fulham,FWD,6.0,a,https://resources.premierleague.com/premierleague/photos/players/40x40/Photo-Missing.png,14,2.8,2.0,4.5,425,5,,2.0,Penales,0.49,0.12,1.76,3.81,134637,43542,6,Ipswich Town,False,2,0.88,3.2,2.0,12.01,IPS(A) · HUL(H) · COV(A) · AVL(A),6.0,0.017
445,Thiaw,Malick Thiaw,Newcastle,DEF,5.0,a,https://resources.premierleague.com/premierleague/photos/players/40x40/Photo-Missing.png,14,2.8,3.0,2.2,450,5,,3.0,,0.0,0.02,1.83,9.0,12702,13472,6,Coventry City,False,2,0.93,5.01,3.0,16.29,COV(A) · AVL(H) · CRY(A) · EVE(H),8.0,0.04
532,Ballard,Daniel Ballard,Sunderland,DEF,4.9,i,https://resources.premierleague.com/premierleague/photos/players/40x40/Photo-Missing.png,14,2.8,1.0,2.4,450,5,0.0,0.0,,0.06,0.03,1.73,9.8,3742,27660,6,Brighton,True,3,0.82,0.0,0.0,0.0,BHA(H) · BOU(A) · LEE(H) · COV(A),0.0,0.0
202,Richards,Chris Richards,Crystal Palace,DEF,4.9,a,https://resources.premierleague.com/premierleague/photos/players/40x40/p427623.png,14,2.8,5.0,0.6,450,5,,5.0,,0.02,0.01,1.89,10.8,2311,2764,6,Nott'm Forest,True,3,0.91,3.73,5.0,13.69,NFO(H) · BHA(A) · NEW(H) · TOT(A),6.0,0.015
156,Neto,Pedro Lomba Neto,Chelsea,MID,6.5,a,https://resources.premierleague.com/premierleague/photos/players/40x40/p247632.png,14,2.8,2.0,1.4,332,4,,2.0,,0.18,0.16,1.8,7.59,7744,11464,6,Bournemouth,True,3,0.79,3.01,2.0,12.03,BOU(H) · EVE(A) · TOT(H) · MUN(H),7.0,0.032
43,Tielemans,Youri Tielemans,Man Utd,MID,5.8,a,https://resources.premierleague.com/premierleague/photos/players/40x40/p166989.png,14,2.8,3.0,1.5,402,5,100.0,3.0,,0.15,0.12,1.38,9.63,3981,12700,6,Spurs,True,2,0.78,3.38,3.0,10.15,TOT(H) · LEE(A) · BOU(H) · CHE(A),6.0,0.02
280,Coyle,Lewie Coyle,Hull City,DEF,4.0,a,https://resources.premierleague.com/premierleague/photos/players/40x40/Photo-Missing.png,14,2.8,1.0,0.7,348,5,100.0,1.0,,0.03,0.02,1.61,2.84,2547,2640,6,Everton,True,3,0.88,4.08,1.0,17.7,EVE(H) · FUL(A) · BRE(H) · IPS(H),6.0,0.005
331,Gudmundsson,Gabriel Gudmundsson,Leeds,DEF,4.5,a,https://resources.premierleague.com/premierleague/photos/players/40x40/Photo-Missing.png,14,4.7,6.0,0.1,252,3,100.0,6.0,,0.0,0.08,1.37,5.0,943,472,6,Arsenal,False,5,0.71,0.86,6.0,7.74,ARS(A) · MUN(H) · SUN(A) · BOU(A),2.0,0.001
261,Iwobi,Alex Iwobi,Fulham,MID,5.4,a,https://resources.premierleague.com/premierleague/photos/players/40x40/p153133.png,14,2.8,4.0,0.7,408,5,,4.0,"Tiros libres, Córners",0.09,0.27,1.8,6.4,5995,4333,6,Ipswich Town,False,2,0.88,3.84,4.0,14.39,IPS(A) · HUL(H) · COV(A) · AVL(A),7.0,0.025
345,Tanaka,Tanaka Ao,Leeds,MID,4.9,a,https://resources.premierleague.com/premierleague/photos/players/40x40/Photo-Missing.png,14,3.5,4.0,0.3,255,3,,4.0,,0.26,0.02,1.14,10.24,2827,2918,6,Arsenal,False,5,0.48,0.54,4.0,4.84,ARS(A) · MUN(H) · SUN(A) · BOU(A),2.0,0.001
467,Sels,Matz Sels,Nott'm Forest,GKP,5.0,a,https://resources.premierleague.com/premierleague/photos/players/40x40/p85633.png,14,2.8,2.5,1.6,450,5,,2.5,,0.0,0.0,0.95,0.0,2631,8194,6,Crystal Palace,False,3,0.89,2.74,2.5,10.94,CRY(A) · ARS(H) · IPS(A) · BRE(A),6.0,0.0
580,Charles,Shea Charles,Fulham,MID,5.0,a,https://resources.premierleague.com/premierleague/photos/players/40x40/p463210.png,13,2.6,4.5,0.1,303,3,,4.5,,0.03,0.05,1.98,13.66,1372,633,6,Ipswich Town,False,2,0.68,2.69,4.5,10.09,IPS(A) · HUL(H) · COV(A) · AVL(A),3.0,0.0
183,Rudoni,Jack Rudoni,Coventry City,MID,4.9,a,https://resources.premierleague.com/premierleague/photos/players/40x40/Photo-Missing.png,13,2.6,3.5,0.1,297,4,100.0,3.5,Tiros libres,0.28,0.34,1.36,10.3,1241,952,6,Newcastle,True,3,0.78,2.7,3.5,11.7,NEW(H) · TOT(A) · FUL(H) · SUN(H),5.0,0.006
593,Dedić,Amar Dedic,Newcastle,DEF,4.5,i,https://resources.premierleague.com/premierleague/photos/players/40x40/Photo-Missing.png,13,3.2,0.0,1.7,327,4,0.0,0.0,,0.04,0.02,2.03,6.61,315,48413,6,Coventry City,False,2,0.78,0.0,0.0,0.0,COV(A) · AVL(H) · CRY(A) · EVE(H),0.0,0.0
155,Enzo,Enzo Fernández,Man City,MID,6.9,a,https://resources.premierleague.com/premierleague/photos/players/40x40/p448047.png,13,3.2,4.5,3.7,271,3,,4.5,,0.12,0.18,1.78,6.97,38535,19199,6,Liverpool,False,4,0.76,2.19,4.5,13.17,LIV(A) · IPS(H) · AVL(A) · BHA(H),7.0,0.027
598,Elvedi,Nico Elvedi,Leeds,DEF,4.5,a,https://resources.premierleague.com/premierleague/photos/players/40x40/Photo-Missing.png,13,3.2,4.0,0.1,326,3,,4.0,,0.03,0.16,1.5,8.01,351,318,6,Arsenal,False,5,0.68,1.19,4.0,10.68,ARS(A) · MUN(H) · SUN(A) · BOU(A),6.0,0.0
566,Silva,António João Pereira de Albuquerque Tavares da Silva,Bournemouth,DEF,5.0,a,https://resources.premierleague.com/premierleague/photos/players/40x40/Photo-Missing.png,13,2.6,3.0,0.5,450,5,,3.0,,0.17,0.06,1.39,11.2,14848,7160,6,Chelsea,False,4,0.88,3.33,3.0,16.67,CHE(A) · SUN(H) · MUN(A) · LEE(H),6.0,0.014
264,Bobb,Oscar Bobb,Fulham,MID,5.5,a,https://resources.premierleague.com/premierleague/photos/players/40x40/p477555.png,13,2.6,3.0,0.3,343,5,,3.0,,0.14,0.3,1.62,7.35,3749,2343,6,Ipswich Town,False,2,0.64,3.15,3.0,11.82,IPS(A) · HUL(H) · COV(A) · AVL(A),7.0,0.034
558,Schlager,Xaver Schlager,Nott'm Forest,MID,5.0,a,https://resources.premierleague.com/premierleague/photos/players/40x40/Photo-Missing.png,13,2.6,2.5,0.1,376,4,,2.5,,0.05,0.04,1.06,11.73,270,1005,6,Crystal Palace,False,3,0.78,2.39,2.5,9.56,CRY(A) · ARS(H) · IPS(A) · BRE(A),3.0,0.0
113,F.Kadıoğlu,Ferdi Kadıoğlu,Brighton,DEF,4.4,a,https://resources.premierleague.com/premierleague/photos/players/40x40/p231416.png,13,3.2,5.5,1.6,332,4,100.0,5.5,,0.03,0.04,2.05,2.71,5649,9510,6,Sunderland,False,3,0.85,2.98,5.5,9.93,SUN(A) · CRY(H) · LIV(A) · MCI(A),6.0,0.014
533,Mukiele,Nordi Mukiele,Sunderland,DEF,5.4,a,https://resources.premierleague.com/premierleague/photos/players/40x40/Photo-Missing.png,13,3.2,0.0,1.9,360,4,100.0,0.0,,0.19,0.07,1.72,12.0,6496,11072,6,Brighton,True,3,0.82,3.7,0.0,16.03,BHA(H) · BOU(A) · LEE(H) · COV(A),6.0,0.023
200,Lacroix,Maxence Lacroix,Chelsea,DEF,5.9,a,https://resources.premierleague.com/premierleague/photos/players/40x40/p437499.png,13,2.6,2.0,6.7,364,4,,2.0,,0.04,0.05,1.96,11.62,11682,35671,6,Bournemouth,True,3,0.86,3.59,2.0,14.37,BOU(H) · EVE(A) · TOT(H) · MUN(H),6.0,0.014
295,McBurnie,Oli McBurnie,Hull City,FWD,5.5,a,https://resources.premierleague.com/premierleague/photos/players/40x40/p169432.png,13,2.6,2.5,1.9,441,5,,2.5,Penales,0.25,0.03,1.47,4.29,10976,22092,6,Everton,True,3,0.88,2.07,2.5,8.95,EVE(H) · FUL(A) · BRE(H) · IPS(H),2.0,0.003
358,Kerkez,Milos Kerkez,Liverpool,DEF,5.3,a,https://resources.premierleague.com/premierleague/photos/players/40x40/p544877.png,13,2.6,3.5,2.2,385,4,,3.5,,0.02,0.02,1.32,7.01,3230,13548,6,Man City,True,4,0.76,1.94,3.5,9.69,MCI(H) · BRE(A) · BHA(H) · ARS(H),6.0,0.005
254,Robinson,Antonee Robinson,Fulham,DEF,4.5,a,https://resources.premierleague.com/premierleague/photos/players/40x40/p169528.png,12,2.4,4.0,1.5,429,5,,4.0,,0.05,0.06,1.9,6.5,26543,9981,6,Ipswich Town,False,2,0.72,3.54,4.0,13.29,IPS(A) · HUL(H) · COV(A) · AVL(A),6.0,0.021
486,McAtee,James McAtee,Nott'm Forest,MID,5.5,a,https://resources.premierleague.com/premierleague/photos/players/40x40/p432714.png,12,2.4,2.5,0.1,416,5,,2.5,Córners,0.08,0.21,0.98,8.44,450,1135,6,Crystal Palace,False,3,0.53,1.6,2.5,6.41,CRY(A) · ARS(H) · IPS(A) · BRE(A),5.0,0.006
210,Wharton,Adam Wharton,Crystal Palace,MID,5.4,a,https://resources.premierleague.com/premierleague/photos/players/40x40/p496221.png,12,2.4,2.0,0.7,436,5,100.0,2.0,,0.03,0.12,1.84,8.46,1412,5379,6,Nott'm Forest,True,3,0.88,2.81,2.0,10.31,NFO(H) · BHA(A) · NEW(H) · TOT(A),5.0,0.009
491,Igor Jesus,Igor Jesus Maciel da Cruz,Nott'm Forest,FWD,5.8,a,https://resources.premierleague.com/premierleague/photos/players/40x40/Photo-Missing.png,12,2.4,4.0,2.6,257,2,,4.0,,0.44,0.03,0.91,5.25,10430,29489,6,Crystal Palace,False,3,0.57,1.88,4.0,7.52,CRY(A) · ARS(H) · IPS(A) · BRE(A),6.0,0.02
471,Milenković,Nikola Milenković,Nott'm Forest,DEF,5.4,i,https://resources.premierleague.com/premierleague/photos/players/40x40/p227444.png,12,4.0,0.0,1.0,270,3,0.0,0.0,,0.04,0.01,1.09,10.33,89,14878,6,Crystal Palace,False,3,0.79,0.0,0.0,0.0,CRY(A) · ARS(H) · IPS(A) · BRE(A),0.0,0.0
31,Konsa,Ezri Konsa Ngoyo,Arsenal,DEF,4.6,d,https://resources.premierleague.com/premierleague/photos/players/40x40/p199798.png,12,3.0,3.5,18.8,281,3,75.0,2.6,,0.07,0.01,1.12,7.37,105393,111252,6,Leeds,True,3,0.75,2.08,2.6,7.61,LEE(H) · NFO(A) · EVE(H) · LIV(A),6.0,0.007
639,Andrés,José María Andrés Baixauli,Brighton,MID,5.5,a,https://resources.premierleague.com/premierleague/photos/players/40x40/Photo-Missing.png,12,6.0,6.0,0.0,109,1,,6.0,,0.43,0.1,1.4,10.73,3522,400,6,Sunderland,False,3,0.48,2.3,6.0,7.66,SUN(A) · CRY(H) · LIV(A) · MCI(A),7.0,0.046
11,Mosquera,Cristhian Mosquera,Arsenal,DEF,5.3,a,https://resources.premierleague.com/premierleague/photos/players/40x40/Photo-Missing.png,12,6.0,0.0,1.6,168,2,100.0,0.0,,0.0,0.01,0.28,5.36,2090,11988,6,Leeds,True,3,0.32,1.38,0.0,5.06,LEE(H) · NFO(A) · EVE(H) · LIV(A),6.0,0.002
60,Hill,James Hill,Bournemouth,DEF,5.5,a,https://resources.premierleague.com/premierleague/photos/players/40x40/p463981.png,12,2.4,3.0,0.8,450,5,,3.0,,0.0,0.16,1.39,10.0,4281,4008,6,Chelsea,False,4,0.79,2.13,3.0,10.66,CHE(A) · SUN(H) · MUN(A) · LEE(H),6.0,0.003
259,Diop,Issa Diop,Ipswich Town,DEF,4.0,a,https://resources.premierleague.com/premierleague/photos/players/40x40/p219924.png,12,2.4,2.5,12.5,450,5,,2.5,,0.01,0.03,1.8,9.0,9755,74133,6,Fulham,True,2,0.61,3.1,2.5,9.31,FUL(H) · MCI(A) · NFO(H) · HUL(A),6.0,0.017
459,L.Miley,Lewis Miley,Newcastle,MID,5.5,d,https://resources.premierleague.com/premierleague/photos/players/40x40/p547719.png,12,2.4,2.0,0.1,396,5,75.0,1.5,,0.01,0.03,1.81,11.82,502,788,6,Coventry City,False,2,0.7,2.15,1.5,6.98,COV(A) · AVL(H) · CRY(A) · EVE(H),3.0,0.006
650,Affengruber,David Affengruber,Fulham,DEF,4.5,a,https://resources.premierleague.com/premierleague/photos/players/40x40/Photo-Missing.png,12,6.0,6.0,0.2,180,2,,6.0,,0.0,0.01,1.44,11.5,18762,3711,6,Ipswich Town,False,2,0.57,2.79,6.0,10.46,IPS(A) · HUL(H) · COV(A) · AVL(A),6.0,0.0
570,Palacios,César Palacios,Fulham,MID,5.4,a,https://resources.premierleague.com/premierleague/photos/players/40x40/Photo-Missing.png,12,3.0,0.5,0.2,226,3,,0.5,,0.39,0.01,2.17,6.77,870,1186,6,Ipswich Town,False,2,0.68,2.8,0.5,10.5,IPS(A) · HUL(H) · COV(A) · AVL(A),3.0,0.004
327,Bijol,Jaka Bijol,Leeds,DEF,5.0,a,https://resources.premierleague.com/premierleague/photos/players/40x40/Photo-Missing.png,12,4.0,0.0,0.7,164,2,,0.0,,0.06,0.0,1.73,11.52,983,6546,6,Arsenal,False,5,0.48,0.61,0.0,5.52,ARS(A) · MUN(H) · SUN(A) · BOU(A),2.0,0.001
73,Adams,Tyler Adams,Bournemouth,MID,5.0,a,https://resources.premierleague.com/premierleague/photos/players/40x40/p200785.png,12,2.4,3.0,0.3,279,3,100.0,3.0,,0.01,0.02,0.88,13.23,1442,1992,6,Chelsea,False,4,0.58,1.07,3.0,5.33,CHE(A) · SUN(H) · MUN(A) · LEE(H),3.0,0.0
313,Clarke,Jack Clarke,Ipswich Town,MID,5.4,a,https://resources.premierleague.com/premierleague/photos/players/40x40/p443261.png,11,2.8,1.5,0.2,170,2,,1.5,Penales,0.16,0.2,1.04,5.29,273,1177,6,Fulham,True,2,0.57,2.39,1.5,7.17,FUL(H) · MCI(A) · NFO(H) · HUL(A),3.0,0.001
265,Berge,Sander Berge,Fulham,MID,4.9,a,https://resources.premierleague.com/premierleague/photos/players/40x40/p207189.png,11,2.2,3.0,0.3,349,4,,3.0,,0.02,0.09,1.9,4.9,895,1683,6,Ipswich Town,False,2,0.85,2.98,3.0,11.19,IPS(A) · HUL(H) · COV(A) · AVL(A),5.0,0.005
372,Mac Allister,Alexis Mac Allister,Liverpool,MID,5.4,a,https://resources.premierleague.com/premierleague/photos/players/40x40/p243016.png,11,2.2,3.0,1.3,306,3,,3.0,,0.03,0.14,1.43,12.06,4640,8328,6,Man City,True,4,0.71,1.55,3.0,7.74,MCI(H) · BRE(A) · BHA(H) · ARS(H),3.0,0.004
161,Lavia,Roméo Lavia,Chelsea,MID,5.0,a,https://resources.premierleague.com/premierleague/photos/players/40x40/p514356.png,11,2.8,1.0,0.2,258,4,,1.0,,0.26,0.04,1.77,10.81,625,2863,6,Bournemouth,True,3,0.45,1.42,1.0,5.67,BOU(H) · EVE(A) · TOT(H) · MUN(H),3.0,0.006
412,Lammens,Senne Lammens,Man Utd,GKP,4.9,a,https://resources.premierleague.com/premierleague/photos/players/40x40/Photo-Missing.png,11,2.2,3.0,9.8,450,5,,3.0,,0.0,0.0,1.36,0.0,8901,63151,6,Spurs,True,2,0.92,3.83,3.0,11.49,TOT(H) · LEE(A) · BOU(H) · CHE(A),6.0,0.0
239,Garner,James Garner,Everton,MID,6.0,a,https://resources.premierleague.com/premierleague/photos/players/40x40/p232928.png,11,2.2,3.5,0.2,328,4,100.0,3.5,"Tiros libres, Córners",0.05,0.05,0.95,12.35,2578,2623,6,Hull City,False,2,0.9,3.84,3.5,9.6,HUL(A) · CHE(H) · ARS(A) · NEW(A),6.0,0.013
267,Lukić,Saša Lukić,Ipswich Town,MID,4.9,a,https://resources.premierleague.com/premierleague/photos/players/40x40/p212314.png,11,2.2,1.5,0.1,400,5,,1.5,Córners,0.0,0.09,1.66,8.32,292,688,6,Fulham,True,2,0.76,3.09,1.5,9.26,FUL(H) · MCI(A) · NFO(H) · HUL(A),6.0,0.014
184,Grimes,Matt Grimes,Coventry City,MID,4.9,a,https://resources.premierleague.com/premierleague/photos/players/40x40/p168144.png,11,2.2,2.5,0.1,443,5,,2.5,Córners,0.02,0.03,1.71,7.72,234,1099,6,Newcastle,True,3,0.88,2.38,2.5,10.31,NEW(H) · TOT(A) · FUL(H) · SUN(H),3.0,0.0
529,Roefs,Robin Roefs,Sunderland,GKP,4.9,a,https://resources.premierleague.com/premierleague/photos/players/40x40/Photo-Missing.png,11,2.2,1.0,2.4,450,5,,1.0,,0.0,0.0,1.73,0.0,2541,15323,6,Brighton,True,3,0.96,2.75,1.0,11.93,BHA(H) · BOU(A) · LEE(H) · COV(A),6.0,0.0
619,Palacios,Exequiel Palacios,Ipswich Town,MID,5.0,a,https://resources.premierleague.com/premierleague/photos/players/40x40/Photo-Missing.png,11,2.8,3.0,0.1,275,3,,3.0,,0.0,0.03,1.73,14.4,673,1020,6,Fulham,True,2,0.68,2.33,3.0,7.0,FUL(H) · MCI(A) · NFO(H) · HUL(A),3.0,0.0
389,Matheus N.,Matheus Nunes,Man City,DEF,5.9,a,https://resources.premierleague.com/premierleague/photos/players/40x40/p465351.png,11,3.7,5.0,1.0,213,2,100.0,5.0,,0.0,0.03,1.97,8.87,2142,3601,6,Liverpool,False,4,0.62,1.59,5.0,9.53,LIV(A) · IPS(H) · AVL(A) · BHA(H),6.0,0.001
474,Jair Cunha,Jair Paula da Cunha Filho,Nott'm Forest,DEF,4.5,a,https://resources.premierleague.com/premierleague/photos/players/40x40/Photo-Missing.png,11,2.8,0.5,0.2,360,4,100.0,0.5,,0.01,0.0,0.99,9.0,346,788,6,Crystal Palace,False,3,0.48,1.73,0.5,6.9,CRY(A) · ARS(H) · IPS(A) · BRE(A),6.0,0.004
304,O'Shea,Dara O'Shea,Ipswich Town,DEF,4.0,a,https://resources.premierleague.com/premierleague/photos/players/40x40/p216616.png,10,2.0,1.5,2.6,450,5,,1.5,,0.01,0.05,1.8,9.6,2813,18695,6,Fulham,True,2,0.88,5.69,1.5,17.07,FUL(H) · MCI(A) · NFO(H) · HUL(A),6.0,0.003
247,Hackney,Hayden Hackney,Everton,MID,5.4,a,https://resources.premierleague.com/premierleague/photos/players/40x40/Photo-Missing.png,10,2.0,1.0,0.2,137,1,100.0,1.0,,0.03,0.09,2.57,7.88,234,1345,6,Hull City,False,2,0.48,1.81,1.0,4.53,HUL(A) · CHE(H) · ARS(A) · NEW(A),3.0,0.0
33,Mings,Tyrone Mings,Aston Villa,DEF,4.5,a,https://resources.premierleague.com/premierleague/photos/players/40x40/p149484.png,10,2.5,1.5,0.4,261,2,,1.5,,0.07,0.01,1.53,8.28,2639,1883,6,Brentford,True,3,0.4,1.53,1.5,6.12,BRE(H) · NEW(A) · MCI(H) · FUL(H),6.0,0.008
534,Hume,Trai Hume,Sunderland,DEF,4.3,a,https://resources.premierleague.com/premierleague/photos/players/40x40/Photo-Missing.png,10,2.5,0.5,2.7,206,2,,0.5,,0.06,0.13,2.0,5.68,1514,38587,6,Brighton,True,3,0.65,2.42,0.5,10.51,BHA(H) · BOU(A) · LEE(H) · COV(A),6.0,0.013
203,Canvot,Jaydee Canvot,Crystal Palace,DEF,4.8,a,https://resources.premierleague.com/premierleague/photos/players/40x40/Photo-Missing.png,10,2.5,4.0,0.2,360,4,,4.0,,0.01,0.03,1.94,8.5,648,1105,6,Nott'm Forest,True,3,0.58,2.17,4.0,7.95,NFO(H) · BHA(A) · NEW(H) · TOT(A),6.0,0.01
415,Dorgu,Patrick Dorgu,Man Utd,MID,5.8,d,https://resources.premierleague.com/premierleague/photos/players/40x40/p596777.png,10,2.0,4.0,0.5,171,2,75.0,3.0,,0.41,0.05,1.78,10.53,1054,5718,6,Spurs,True,2,0.4,1.47,3.0,4.42,TOT(H) · LEE(A) · BOU(H) · CHE(A),3.0,0.016
67,Rayan,Rayan Vitor Simplício Rocha,Bournemouth,MID,6.3,a,https://resources.premierleague.com/premierleague/photos/players/40x40/Photo-Missing.png,10,2.0,2.0,1.5,434,5,,2.0,,0.18,0.09,1.32,3.11,5808,12120,6,Chelsea,False,4,0.67,1.64,2.0,8.19,CHE(A) · SUN(H) · MUN(A) · LEE(H),5.0,0.013
166,N.Jackson,Nicolas Jackson,Aston Villa,FWD,6.5,a,https://resources.premierleague.com/premierleague/photos/players/40x40/p517052.png,10,2.5,3.0,1.6,286,4,,3.0,,0.21,0.19,0.87,2.83,52139,11218,6,Brentford,True,3,0.78,1.81,3.0,7.25,BRE(H) · NEW(A) · MCI(H) · FUL(H),2.0,0.001
418,Maguire,Harry Maguire,Man Utd,DEF,4.8,a,https://resources.premierleague.com/premierleague/photos/players/40x40/p95658.png,10,2.0,1.5,8.5,450,5,,1.5,,0.04,0.09,1.36,6.2,6478,92229,6,Spurs,True,2,0.75,3.81,1.5,11.43,TOT(H) · LEE(A) · BOU(H) · CHE(A),6.0,0.023
429,Rashford,Marcus Rashford,Man Utd,MID,7.0,d,https://resources.premierleague.com/premierleague/photos/players/40x40/p176297.png,10,2.0,2.0,1.4,351,4,75.0,1.5,,0.2,0.11,1.15,4.62,4509,22396,6,Spurs,True,2,0.78,2.42,1.5,7.25,TOT(H) · LEE(A) · BOU(H) · CHE(A),3.0,0.003
46,Barkley,Ross Barkley,Aston Villa,MID,5.0,a,https://resources.premierleague.com/premierleague/photos/players/40x40/p88894.png,10,2.0,1.5,0.2,308,4,,1.5,,0.11,0.04,2.15,8.18,667,2197,6,Brentford,True,3,0.49,1.67,1.5,6.69,BRE(H) · NEW(A) · MCI(H) · FUL(H),5.0,0.012
106,Thiago,Igor Thiago Nascimento Rodrigues,Brentford,FWD,7.8,a,https://resources.premierleague.com/premierleague/photos/players/40x40/p502500.png,10,2.0,3.0,9.3,442,5,,3.0,Penales,0.64,0.03,1.27,3.87,82061,49347,6,Aston Villa,False,3,0.99,4.42,3.0,17.67,AVL(A) · LIV(H) · HUL(A) · NFO(H),10.0,0.116
84,Collins,Nathan Collins,Brentford,DEF,5.4,i,https://resources.premierleague.com/premierleague/photos/players/40x40/p432830.png,10,3.3,0.0,0.9,196,3,0.0,0.0,,0.23,0.02,0.98,7.81,139,11644,6,Aston Villa,False,3,0.72,0.0,0.0,0.0,AVL(A) · LIV(H) · HUL(A) · NFO(H),0.0,0.0
545,Sadiki,Noah Sadiki,Sunderland,MID,4.9,a,https://resources.premierleague.com/premierleague/photos/players/40x40/Photo-Missing.png,10,2.0,2.0,0.2,410,5,,2.0,,0.1,0.05,1.42,6.37,495,1734,6,Brighton,True,3,0.93,2.58,2.0,11.17,BHA(H) · BOU(A) · LEE(H) · COV(A),3.0,0.004
61,Truffert,Adrien Truffert,Bournemouth,DEF,5.4,a,https://resources.premierleague.com/premierleague/photos/players/40x40/Photo-Missing.png,10,2.0,2.5,3.0,450,5,,2.5,,0.02,0.06,1.39,9.0,6448,15823,6,Chelsea,False,4,1.0,2.61,2.5,13.06,CHE(A) · SUN(H) · MUN(A) · LEE(H),6.0,0.005
398,Foden,Phil Foden,Man City,MID,6.9,s,https://resources.premierleague.com/premierleague/photos/players/40x40/p209244.png,9,2.2,-1.0,1.7,217,3,0.0,0.0,,0.67,0.36,0.79,5.81,252,34516,6,Liverpool,False,4,0.6,0.0,0.0,0.0,LIV(A) · IPS(H) · AVL(A) · BHA(H),0.0,0.0
7,Lewis-Skelly,Myles Lewis-Skelly,Arsenal,MID,5.4,a,https://resources.premierleague.com/premierleague/photos/players/40x40/p499169.png,9,2.2,0.5,0.6,271,4,,0.5,,0.05,0.08,0.34,4.65,1359,5725,6,Leeds,True,3,0.47,1.22,0.5,4.49,LEE(H) · NFO(A) · EVE(H) · LIV(A),3.0,0.0
644,Timber,Quinten Timber,Crystal Palace,MID,5.0,a,https://resources.premierleague.com/premierleague/photos/players/40x40/Photo-Missing.png,9,3.0,3.5,0.0,253,3,,3.5,,0.09,0.02,1.98,9.6,571,383,6,Nott'm Forest,True,3,0.68,1.88,3.5,6.9,NFO(H) · BHA(A) · NEW(H) · TOT(A),3.0,0.004
36,Maatsen,Ian Maatsen,Aston Villa,DEF,4.4,i,https://resources.premierleague.com/premierleague/photos/players/40x40/p441302.png,9,2.2,0.5,0.5,335,4,0.0,0.0,,0.08,0.12,1.76,6.45,62,8098,6,Brentford,True,3,0.62,0.0,0.0,0.0,BRE(H) · NEW(A) · MCI(H) · FUL(H),0.0,0.0
393,Khusanov,Abdukodir Khusanov,Man City,DEF,5.4,a,https://resources.premierleague.com/premierleague/photos/players/40x40/p578153.png,9,3.0,0.0,1.4,268,3,,0.0,,0.0,0.02,0.9,5.71,1677,10406,6,Liverpool,False,4,0.5,1.25,0.0,7.52,LIV(A) · IPS(H) · AVL(A) · BHA(H),6.0,0.003
167,Delap,Liam Delap,Nott'm Forest,FWD,5.6,a,https://resources.premierleague.com/premierleague/photos/players/40x40/p463034.png,9,2.2,3.0,2.7,277,3,,3.0,,0.29,0.11,0.85,5.52,29020,36614,6,Crystal Palace,False,3,0.46,1.62,3.0,6.47,CRY(A) · ARS(H) · IPS(A) · BRE(A),6.0,0.023
28,Martinez,Emiliano Martínez Romero,Chelsea,GKP,5.0,a,https://resources.premierleague.com/premierleague/photos/players/40x40/p98980.png,9,2.2,2.0,4.7,360,4,,2.0,,0.0,0.0,1.87,0.0,10588,26240,6,Bournemouth,True,3,0.82,2.37,2.0,9.48,BOU(H) · EVE(A) · TOT(H) · MUN(H),6.0,0.0
423,Shaw,Luke Shaw,Man Utd,DEF,4.3,a,https://resources.premierleague.com/premierleague/photos/players/40x40/p106760.png,9,2.2,1.0,7.5,335,4,100.0,1.0,,0.01,0.16,1.24,6.18,5863,93335,6,Spurs,True,2,0.9,4.51,1.0,13.54,TOT(H) · LEE(A) · BOU(H) · CHE(A),6.0,0.012
617,Cho,Mohamed-Ali Cho,Hull City,MID,5.0,a,https://resources.premierleague.com/premierleague/photos/players/40x40/Photo-Missing.png,9,2.2,3.5,0.0,72,0,,3.5,,0.99,0.45,1.22,2.5,425,182,6,Everton,True,3,0.38,3.24,3.5,14.03,EVE(H) · FUL(A) · BRE(H) · IPS(H),12.0,0.149
104,Onyeka,Frank Onyeka,Coventry City,MID,4.9,a,https://resources.premierleague.com/premierleague/photos/players/40x40/p428580.png,9,2.2,2.5,0.1,314,4,100.0,2.5,,0.01,0.01,1.81,8.03,202,574,6,Newcastle,True,3,0.4,1.23,2.5,5.33,NEW(H) · TOT(A) · FUL(H) · SUN(H),3.0,0.001
371,Gravenberch,Ryan Gravenberch,Liverpool,MID,5.8,a,https://resources.premierleague.com/premierleague/photos/players/40x40/p441266.png,9,1.8,1.0,1.1,190,2,,1.0,,0.05,0.04,0.96,11.84,1525,10503,6,Man City,True,4,0.65,1.3,1.0,6.49,MCI(H) · BRE(A) · BHA(H) · ARS(H),3.0,0.002
194,Thomas-Asante,Brandon Thomas-Asante,Coventry City,FWD,5.0,a,https://resources.premierleague.com/premierleague/photos/players/40x40/Photo-Missing.png,9,1.8,2.5,0.8,227,2,,2.5,,0.13,0.02,1.97,10.7,11336,7730,6,Newcastle,True,3,0.57,1.25,2.5,5.41,NEW(H) · TOT(A) · FUL(H) · SUN(H),2.0,0.0
209,Johnson,Brennan Johnson,Everton,MID,5.9,a,https://resources.premierleague.com/premierleague/photos/players/40x40/p242898.png,9,1.8,3.0,0.1,238,3,,3.0,,0.39,0.08,1.41,9.83,545,931,6,Hull City,False,2,0.55,2.58,3.0,6.44,HUL(A) · CHE(H) · ARS(A) · NEW(A),7.0,0.024
499,Pedro Porro,Pedro Porro Sauceda,Spurs,DEF,5.4,d,https://resources.premierleague.com/premierleague/photos/players/40x40/p441164.png,9,3.0,0.5,7.4,198,3,75.0,0.4,"Tiros libres, Córners",0.17,0.07,0.76,4.09,1856,95531,6,Man Utd,False,4,0.72,1.49,0.4,8.96,MUN(A) · COV(H) · CHE(A) · CRY(H),6.0,0.006
522,Gray,Archie Gray,Spurs,MID,4.9,a,https://resources.premierleague.com/premierleague/photos/players/40x40/p547701.png,9,2.2,2.5,0.2,307,3,,2.5,,0.07,0.01,1.79,7.92,567,1456,6,Man Utd,False,4,0.54,1.04,2.5,6.25,MUN(A) · COV(H) · CHE(A) · CRY(H),3.0,0.002
575,Yirenkyi,Caleb Yirenkyi,Coventry City,MID,4.8,a,https://resources.premierleague.com/premierleague/photos/players/40x40/Photo-Missing.png,9,1.8,2.0,0.1,265,3,,2.0,,0.01,0.05,1.44,7.13,375,1251,6,Newcastle,True,3,0.68,1.92,2.0,8.3,NEW(H) · TOT(A) · FUL(H) · SUN(H),3.0,0.0
519,Gallagher,Conor Gallagher,Spurs,MID,5.3,a,https://resources.premierleague.com/premierleague/photos/players/40x40/p232787.png,9,3.0,3.0,0.2,134,2,,3.0,,0.25,0.08,1.78,12.09,956,863,6,Man Utd,False,4,0.38,0.8,3.0,4.79,MUN(A) · COV(H) · CHE(A) · CRY(H),2.0,0.002
452,Bruno G.,Bruno Guimarães Rodriguez Moura,Arsenal,MID,6.7,a,https://resources.premierleague.com/premierleague/photos/players/40x40/p208706.png,9,3.0,4.0,1.8,123,1,100.0,4.0,,0.07,0.12,1.6,8.78,8500,9409,6,Leeds,True,3,0.46,1.75,4.0,6.41,LEE(H) · NFO(A) · EVE(H) · LIV(A),5.0,0.018
51,George Hemmings,George Hemmings,Aston Villa,MID,4.5,a,https://resources.premierleague.com/premierleague/photos/players/40x40/Photo-Missing.png,9,1.8,1.0,1.2,297,4,,1.0,,0.02,0.05,1.9,5.76,3841,12289,6,Brentford,True,3,0.4,1.14,1.0,4.54,BRE(H) · NEW(A) · MCI(H) · FUL(H),2.0,0.004
57,Petrović,Đorđe Petrović,Bournemouth,GKP,4.5,a,https://resources.premierleague.com/premierleague/photos/players/40x40/p457569.png,9,1.8,1.5,2.9,450,5,,1.5,,0.0,0.0,1.39,0.0,8634,15783,6,Chelsea,False,4,1.0,1.95,1.5,9.77,CHE(A) · SUN(H) · MUN(A) · LEE(H),6.0,0.0
102,Yarmoliuk,Yehor Yarmoliuk,Brentford,MID,4.8,a,https://resources.premierleague.com/premierleague/photos/players/40x40/p508395.png,9,1.8,3.5,0.6,216,2,,3.5,,0.04,0.12,1.91,10.83,1752,4395,6,Aston Villa,False,3,0.59,1.66,3.5,6.64,AVL(A) · LIV(H) · HUL(A) · NFO(H),3.0,0.002
315,Fatawu,Abdul Fatawu,Ipswich Town,MID,5.4,s,https://resources.premierleague.com/premierleague/photos/players/40x40/p531442.png,8,1.6,0.0,0.2,352,5,0.0,0.0,,0.04,0.28,1.99,7.16,70,3121,6,Fulham,True,2,0.88,0.0,0.0,0.0,FUL(H) · MCI(A) · NFO(H) · HUL(A),0.0,0.0
37,Lindelöf,Victor Lindelöf,Aston Villa,DEF,4.5,a,https://resources.premierleague.com/premierleague/photos/players/40x40/p184667.png,8,1.6,1.0,0.3,450,5,,1.0,,0.09,0.03,1.84,4.4,1648,1725,6,Brentford,True,3,0.64,2.09,1.0,8.34,BRE(H) · NEW(A) · MCI(H) · FUL(H),6.0,0.007
403,Sávio,Sávio Moreira de Oliveira,Spurs,MID,6.5,a,https://resources.premierleague.com/premierleague/photos/players/40x40/p510281.png,8,2.7,2.5,0.6,240,3,100.0,2.5,,0.15,0.26,1.04,4.12,4084,9011,6,Man Utd,False,4,0.39,1.09,2.5,6.55,MUN(A) · COV(H) · CHE(A) · CRY(H),5.0,0.012
401,Marmoush,Omar Marmoush,Spurs,FWD,7.0,a,https://resources.premierleague.com/premierleague/photos/players/40x40/p438234.png,8,2.0,2.0,2.1,339,4,,2.0,,0.1,0.04,1.02,3.45,16971,26677,6,Man Utd,False,4,0.51,1.15,2.0,6.89,MUN(A) · COV(H) · CHE(A) · CRY(H),5.0,0.008
514,Tel,Mathys Tel,Spurs,MID,5.7,a,https://resources.premierleague.com/premierleague/photos/players/40x40/p511499.png,8,2.0,0.5,0.2,257,3,,0.5,,0.07,0.08,1.94,4.55,261,2438,6,Man Utd,False,4,0.47,1.08,0.5,6.51,MUN(A) · COV(H) · CHE(A) · CRY(H),3.0,0.006
199,Benitez,Walter Benítez,Crystal Palace,GKP,4.5,a,https://resources.premierleague.com/premierleague/photos/players/40x40/Photo-Missing.png,8,4.0,4.0,0.1,180,2,,4.0,,0.0,0.0,1.5,0.0,977,504,6,Nott'm Forest,True,3,0.21,0.69,4.0,2.52,NFO(H) · BHA(A) · NEW(H) · TOT(A),2.0,0.0
52,Alysson,Alysson Edward Franco da Rocha dos Santos,Aston Villa,MID,5.0,d,https://resources.premierleague.com/premierleague/photos/players/40x40/Photo-Missing.png,8,2.0,3.0,0.0,87,0,75.0,2.2,,0.06,0.0,2.48,8.28,75,923,6,Brentford,True,3,0.0,0.0,2.2,0.0,BRE(H) · NEW(A) · MCI(H) · FUL(H),0.0,0.0
224,Nketiah,Eddie Nketiah,Crystal Palace,FWD,5.5,a,https://resources.premierleague.com/premierleague/photos/players/40x40/p205533.png,8,2.0,0.5,0.5,175,3,100.0,0.5,,0.57,0.31,2.32,6.17,1630,4129,6,Nott'm Forest,True,3,0.33,1.32,0.5,4.85,NFO(H) · BHA(A) · NEW(H) · TOT(A),6.0,0.022
148,Hato,Jorrel Hato,Chelsea,DEF,4.5,a,https://resources.premierleague.com/premierleague/photos/players/40x40/Photo-Missing.png,8,2.0,0.0,0.8,258,4,,0.0,,0.0,0.07,1.68,6.28,1170,9044,6,Bournemouth,True,3,0.56,1.9,0.0,7.6,BOU(H) · EVE(A) · TOT(H) · MUN(H),6.0,0.002
145,Fofana,Wesley Fofana,Chelsea,DEF,5.0,a,https://resources.premierleague.com/premierleague/photos/players/40x40/p444463.png,8,2.0,2.5,0.2,312,4,100.0,2.5,,0.0,0.02,1.63,13.56,3501,1579,6,Bournemouth,True,3,0.66,2.77,2.5,11.1,BOU(H) · EVE(A) · TOT(H) · MUN(H),6.0,0.005
473,Aina,Ola Aina,Nott'm Forest,DEF,4.4,a,https://resources.premierleague.com/premierleague/photos/players/40x40/p159506.png,8,2.0,1.0,2.3,306,4,,1.0,,0.01,0.16,1.09,6.47,1383,25709,6,Crystal Palace,False,3,0.64,2.32,1.0,9.29,CRY(A) · ARS(H) · IPS(A) · BRE(A),6.0,0.004
71,Cook,Lewis Cook,Bournemouth,MID,5.0,a,https://resources.premierleague.com/premierleague/photos/players/40x40/p155408.png,8,1.6,0.5,0.2,180,2,,0.5,,0.0,0.0,2.1,7.0,327,1387,6,Chelsea,False,4,0.31,0.5,0.5,2.5,CHE(A) · SUN(H) · MUN(A) · LEE(H),2.0,0.0
439,Šeško,Benjamin Sesko,Man Utd,FWD,7.0,d,https://resources.premierleague.com/premierleague/photos/players/40x40/Photo-Missing.png,8,2.0,0.5,1.6,76,0,75.0,0.4,,0.46,0.01,2.37,5.92,6935,28934,6,Spurs,True,2,0.22,0.91,0.4,2.74,TOT(H) · LEE(A) · BOU(H) · CHE(A),2.0,0.025
417,Dalot,Diogo Dalot Teixeira,Man Utd,DEF,4.9,a,https://resources.premierleague.com/premierleague/photos/players/40x40/p216051.png,8,1.6,2.0,1.6,346,4,,2.0,,0.06,0.06,1.22,4.16,1978,9505,6,Spurs,True,2,0.78,4.06,2.0,12.19,TOT(H) · LEE(A) · BOU(H) · CHE(A),6.0,0.033
461,Touré,Bazoumana Touré,Newcastle,MID,5.8,a,https://resources.premierleague.com/premierleague/photos/players/40x40/Photo-Missing.png,8,2.7,3.5,0.1,50,0,,3.5,,0.5,0.02,1.37,7.2,436,1058,6,Coventry City,False,2,0.38,1.57,3.5,5.12,COV(A) · AVL(H) · CRY(A) · EVE(H),3.0,0.0
462,Steur,Sean Steur,Newcastle,MID,4.9,a,https://resources.premierleague.com/premierleague/photos/players/40x40/Photo-Missing.png,8,1.6,2.5,0.1,223,2,,2.5,,0.0,0.02,1.71,8.48,322,494,6,Coventry City,False,2,0.57,2.17,2.5,7.05,COV(A) · AVL(H) · CRY(A) · EVE(H),3.0,0.0
643,Chilwell,Ben Chilwell,Crystal Palace,DEF,4.5,a,https://resources.premierleague.com/premierleague/photos/players/40x40/p172850.png,8,4.0,0.5,0.4,29,0,,0.5,,0.84,0.03,3.48,3.1,729,3562,6,Nott'm Forest,True,3,0.38,2.83,0.5,10.36,NFO(H) · BHA(A) · NEW(H) · TOT(A),8.0,0.085
562,Maeda,Daizen Maeda,Ipswich Town,MID,5.3,a,https://resources.premierleague.com/premierleague/photos/players/40x40/Photo-Missing.png,8,1.6,1.0,0.2,259,3,,1.0,,0.25,0.01,2.1,6.95,171,1880,6,Fulham,True,2,0.68,2.68,1.0,8.05,FUL(H) · MCI(A) · NFO(H) · HUL(A),3.0,0.002
130,Wieffer,Mats Wieffer,Brighton,DEF,4.9,i,https://resources.premierleague.com/premierleague/photos/players/40x40/p467779.png,7,3.5,0.0,0.2,156,2,0.0,0.0,,0.07,0.08,1.83,8.65,36,2369,6,Sunderland,False,3,0.5,0.0,0.0,0.0,SUN(A) · CRY(H) · LIV(A) · MCI(A),0.0,0.0
576,Stroud,Elliot Stroud,Hull City,MID,5.0,a,https://resources.premierleague.com/premierleague/photos/players/40x40/Photo-Missing.png,7,1.8,0.5,0.1,249,4,,0.5,,0.02,0.02,1.56,7.23,173,582,6,Everton,True,3,0.78,2.19,0.5,9.48,EVE(H) · FUL(A) · BRE(H) · IPS(H),3.0,0.0
95,O.Dango,Dango Ouattara,Brentford,MID,6.3,a,https://resources.premierleague.com/premierleague/photos/players/40x40/p533463.png,7,1.4,1.0,0.5,179,2,,1.0,,0.05,0.2,1.41,14.08,1112,4574,6,Aston Villa,False,3,0.53,2.3,1.0,9.19,AVL(A) · LIV(H) · HUL(A) · NFO(H),7.0,0.033
328,Struijk,Pascal Struijk,Brighton,DEF,4.9,d,https://resources.premierleague.com/premierleague/photos/players/40x40/p222694.png,7,2.3,3.0,0.2,98,1,75.0,2.2,,0.15,0.01,1.56,9.18,662,1235,6,Sunderland,False,3,0.53,1.65,2.2,5.49,SUN(A) · CRY(H) · LIV(A) · MCI(A),6.0,0.011
347,Nmecha,Lukas Nmecha,Leeds,FWD,5.4,a,https://resources.premierleague.com/premierleague/photos/players/40x40/p174594.png,7,1.8,1.0,0.5,64,0,,1.0,,0.38,0.21,4.08,5.62,2502,4467,6,Arsenal,False,5,0.13,0.21,1.0,1.89,ARS(A) · MUN(H) · SUN(A) · BOU(A),2.0,0.002
525,Fernandes,Mateus Fernandes,Spurs,MID,5.7,a,https://resources.premierleague.com/premierleague/photos/players/40x40/p551226.png,7,1.4,2.0,0.7,249,3,,2.0,,0.07,0.1,1.6,7.59,600,8153,6,Man Utd,False,4,0.76,1.47,2.0,8.82,MUN(A) · COV(H) · CHE(A) · CRY(H),3.0,0.002
506,Udogie,Destiny Udogie,Spurs,DEF,4.4,a,https://resources.premierleague.com/premierleague/photos/players/40x40/p487053.png,7,2.3,0.0,0.3,86,1,100.0,0.0,,0.0,0.24,1.22,4.19,431,1940,6,Man Utd,False,4,0.28,0.68,0.0,4.08,MUN(A) · COV(H) · CHE(A) · CRY(H),2.0,0.0
627,Barcola,Bradley Barcola,Liverpool,MID,8.0,a,https://resources.premierleague.com/premierleague/photos/players/40x40/Photo-Missing.png,7,2.3,3.0,1.9,168,2,,3.0,,0.14,0.07,0.77,4.29,17604,23064,6,Man City,True,4,0.57,1.31,3.0,6.53,MCI(H) · BRE(A) · BHA(H) · ARS(H),3.0,0.005
456,J.Ramsey,Jacob Ramsey,Newcastle,MID,4.8,i,https://resources.premierleague.com/premierleague/photos/players/40x40/p232653.png,7,2.3,0.0,0.2,69,0,0.0,0.0,,0.22,0.21,2.5,14.35,88,5627,6,Coventry City,False,2,0.2,0.0,0.0,0.0,COV(A) · AVL(H) · CRY(A) · EVE(H),0.0,0.0
512,Kudus,Mohammed Kudus,Spurs,MID,6.5,a,https://resources.premierleague.com/premierleague/photos/players/40x40/p460842.png,7,1.8,2.5,0.2,123,0,100.0,2.5,,0.08,0.31,1.07,10.24,3109,1535,6,Man Utd,False,4,0.25,0.57,2.5,3.42,MUN(A) · COV(H) · CHE(A) · CRY(H),2.0,0.002
581,Diomande,Ousmane Diomande,Nott'm Forest,DEF,5.4,a,https://resources.premierleague.com/premierleague/photos/players/40x40/Photo-Missing.png,7,2.3,3.0,0.5,163,2,,3.0,,0.09,0.01,0.8,10.49,1894,2703,6,Crystal Palace,False,3,0.57,3.56,3.0,14.25,CRY(A) · ARS(H) · IPS(A) · BRE(A),6.0,0.007
337,Aaronson,Brenden Aaronson,Leeds,MID,5.3,a,https://resources.premierleague.com/premierleague/photos/players/40x40/p427637.png,7,1.4,1.0,0.5,194,2,,1.0,,0.0,0.01,1.75,6.96,265,4191,6,Arsenal,False,5,0.59,0.66,1.0,5.95,ARS(A) · MUN(H) · SUN(A) · BOU(A),2.0,0.002
329,Rodon,Joe Rodon,Leeds,DEF,4.3,i,https://resources.premierleague.com/premierleague/photos/players/40x40/p214225.png,7,3.5,0.0,0.7,123,2,0.0,0.0,,0.02,0.04,0.74,8.05,55,11293,6,Arsenal,False,5,0.63,0.0,0.0,0.0,ARS(A) · MUN(H) · SUN(A) · BOU(A),0.0,0.0
526,Solanke,Dominic Solanke-Mitchell,Spurs,FWD,5.8,a,https://resources.premierleague.com/premierleague/photos/players/40x40/p154566.png,7,1.4,2.0,0.8,170,2,,2.0,Penales,0.3,0.01,1.36,4.76,2654,7072,6,Man Utd,False,4,0.34,0.73,2.0,4.38,MUN(A) · COV(H) · CHE(A) · CRY(H),2.0,0.005
320,Akpom,Chuba Akpom,Ipswich Town,FWD,5.0,a,https://resources.premierleague.com/premierleague/photos/players/40x40/p147675.png,7,2.3,0.5,1.2,78,0,,0.5,,1.32,0.0,4.85,3.46,5824,11506,6,Fulham,True,2,0.38,1.21,0.5,3.63,FUL(H) · MCI(A) · NFO(H) · HUL(A),2.0,0.003
536,Reinildo,Reinildo Mandava,Sunderland,DEF,4.4,a,https://resources.premierleague.com/premierleague/photos/players/40x40/Photo-Missing.png,7,1.8,-1.0,0.3,360,4,100.0,-1.0,,0.0,0.08,1.26,7.25,308,1874,6,Brighton,True,3,0.7,2.59,-1.0,11.22,BHA(H) · BOU(A) · LEE(H) · COV(A),6.0,0.002
564,Scherpen,Kjell Scherpen,Ipswich Town,GKP,4.5,a,https://resources.premierleague.com/premierleague/photos/players/40x40/p240514.png,7,1.8,0.5,0.6,360,4,,0.5,,0.0,0.0,1.68,0.0,1003,3406,6,Fulham,True,2,0.78,4.62,0.5,13.87,FUL(H) · MCI(A) · NFO(H) · HUL(A),6.0,0.0
309,Núñez,Marcelino Núñez,Ipswich Town,MID,4.9,a,https://resources.premierleague.com/premierleague/photos/players/40x40/Photo-Missing.png,6,3.0,0.0,0.1,140,2,,0.0,Tiros libres,0.02,0.03,2.24,13.5,110,815,6,Fulham,True,2,0.57,2.29,0.0,6.86,FUL(H) · MCI(A) · NFO(H) · HUL(A),3.0,0.0
125,Georginio,Georginio Rutter,Brighton,FWD,5.3,a,https://resources.premierleague.com/premierleague/photos/players/40x40/p463067.png,6,3.0,0.5,0.5,104,1,100.0,0.5,,0.15,0.39,0.89,7.79,3423,4900,6,Sunderland,False,3,0.36,1.14,0.5,3.79,SUN(A) · CRY(H) · LIV(A) · MCI(A),5.0,0.005
419,Martinez,Lisandro Martínez,Man Utd,DEF,4.9,a,https://resources.premierleague.com/premierleague/photos/players/40x40/p221820.png,6,1.5,1.0,1.3,360,4,100.0,1.0,,0.05,0.04,1.45,5.0,4512,7510,6,Spurs,True,2,0.57,2.74,1.0,8.21,TOT(H) · LEE(A) · BOU(H) · CHE(A),6.0,0.007
387,O'Reilly,Nico O'Reilly,Man City,DEF,6.3,d,https://resources.premierleague.com/premierleague/photos/players/40x40/p472769.png,6,1.5,1.0,10.6,163,2,75.0,0.8,,0.48,0.24,1.16,2.76,5519,101162,6,Liverpool,False,4,0.58,1.51,0.8,9.04,LIV(A) · IPS(H) · AVL(A) · BHA(H),6.0,0.022
287,Millar,Liam Millar,Hull City,MID,5.0,u,https://resources.premierleague.com/premierleague/photos/players/40x40/Photo-Missing.png,6,3.0,0.0,0.0,50,0,0.0,0.0,,1.04,0.0,1.57,7.2,0,363,6,Everton,True,3,0.38,0.0,0.0,0.0,EVE(H) · FUL(A) · BRE(H) · IPS(H),0.0,0.0
592,Ouattara,Abdoul Ouattara,Ipswich Town,DEF,4.0,a,https://resources.premierleague.com/premierleague/photos/players/40x40/Photo-Missing.png,6,1.2,1.5,0.8,131,1,,1.5,,0.01,0.02,2.15,7.56,908,2553,6,Fulham,True,2,0.48,3.43,1.5,10.3,FUL(H) · MCI(A) · NFO(H) · HUL(A),6.0,0.001
97,Jensen,Mathias Jensen,Brentford,MID,5.4,i,https://resources.premierleague.com/premierleague/photos/players/40x40/p207283.png,6,6.0,0.0,0.1,66,1,0.0,0.0,Córners,0.11,0.46,0.64,6.82,23,797,6,Aston Villa,False,3,0.44,0.0,0.0,0.0,AVL(A) · LIV(H) · HUL(A) · NFO(H),0.0,0.0
100,Carvalho,Fábio Freitas Gouveia Carvalho,Brentford,MID,5.0,a,https://resources.premierleague.com/premierleague/photos/players/40x40/p244858.png,6,6.0,3.0,0.0,3,0,100.0,3.0,,12.9,0.0,3.9,0.0,694,203,6,Aston Villa,False,3,0.01,0.07,3.0,0.3,AVL(A) · LIV(H) · HUL(A) · NFO(H),0.0,0.002
640,Flemming,Zian Flemming,Ipswich Town,FWD,5.5,a,https://resources.premierleague.com/premierleague/photos/players/40x40/Photo-Missing.png,6,2.0,2.5,0.1,60,0,,2.5,,0.96,0.02,0.94,7.5,1313,1235,6,Fulham,True,2,0.38,2.95,2.5,8.86,FUL(H) · MCI(A) · NFO(H) · HUL(A),10.0,0.137
611,Wan-Bissaka,Aaron Wan-Bissaka,Aston Villa,DEF,4.5,a,https://resources.premierleague.com/premierleague/photos/players/40x40/p214590.png,6,1.5,2.0,0.2,152,2,,2.0,,0.0,0.04,1.94,12.43,1878,1711,6,Brentford,True,3,0.57,1.95,2.0,7.79,BRE(H) · NEW(A) · MCI(H) · FUL(H),5.0,0.0
656,Mfuni,Stephen Mfuni,Coventry City,DEF,4.0,a,https://resources.premierleague.com/premierleague/photos/players/40x40/Photo-Missing.png,6,6.0,3.0,0.1,90,1,,3.0,,0.0,0.01,1.1,8.0,2265,1006,6,Newcastle,True,3,0.48,1.78,3.0,7.7,NEW(H) · TOT(A) · FUL(H) · SUN(H),6.0,0.0
238,Grealish,Jack Grealish,Everton,MID,6.5,a,https://resources.premierleague.com/premierleague/photos/players/40x40/p114283.png,6,1.5,2.0,0.5,135,1,100.0,2.0,,0.01,0.29,1.11,8.67,5084,3691,6,Hull City,False,2,0.34,1.55,2.0,3.87,HUL(A) · CHE(H) · ARS(A) · NEW(A),5.0,0.012
175,van Ewijk,Milan van Ewijk,Coventry City,DEF,4.0,d,https://resources.premierleague.com/premierleague/photos/players/40x40/Photo-Missing.png,6,1.5,0.0,8.5,360,4,75.0,0.0,,0.0,0.08,1.88,6.75,1320,99802,6,Newcastle,True,3,0.78,2.73,0.0,11.84,NEW(H) · TOT(A) · FUL(H) · SUN(H),6.0,0.0
32,Cash,Matty Cash,Aston Villa,DEF,4.4,a,https://resources.premierleague.com/premierleague/photos/players/40x40/p199796.png,6,1.5,-0.5,4.8,296,3,100.0,-0.5,,0.05,0.01,1.81,5.17,3619,32150,6,Brentford,True,3,0.75,2.63,-0.5,10.51,BRE(H) · NEW(A) · MCI(H) · FUL(H),6.0,0.008
246,Röhl,Merlin Röhl,Everton,MID,4.9,i,https://resources.premierleague.com/premierleague/photos/players/40x40/Photo-Missing.png,6,2.0,0.0,0.0,249,3,0.0,0.0,,0.0,0.07,1.63,8.67,8,716,6,Hull City,False,2,0.38,0.0,0.0,0.0,HUL(A) · CHE(H) · ARS(A) · NEW(A),0.0,0.0
186,Mason-Clark,Ephron Mason-Clark,Coventry City,MID,5.3,a,https://resources.premierleague.com/premierleague/photos/players/40x40/Photo-Missing.png,5,1.2,1.0,0.1,231,4,100.0,1.0,,0.2,0.05,1.23,5.84,92,422,6,Newcastle,True,3,0.78,2.37,1.0,10.28,NEW(H) · TOT(A) · FUL(H) · SUN(H),3.0,0.001
198,Henderson,Dean Henderson,Crystal Palace,GKP,4.9,i,https://resources.premierleague.com/premierleague/photos/players/40x40/p172649.png,5,1.7,0.0,1.3,270,3,0.0,0.0,,0.0,0.0,2.16,0.0,179,13904,6,Nott'm Forest,True,3,0.79,0.0,0.0,0.0,NFO(H) · BHA(A) · NEW(H) · TOT(A),0.0,0.0
90,Hickey,Aaron Hickey,Brentford,DEF,4.5,a,https://resources.premierleague.com/premierleague/photos/players/40x40/p472713.png,5,1.0,1.0,0.1,152,1,,1.0,,0.02,0.04,1.82,10.07,229,312,6,Aston Villa,False,3,0.21,0.83,1.0,3.31,AVL(A) · LIV(H) · HUL(A) · NFO(H),2.0,0.003
260,Wilson,Harry Wilson,Leeds,MID,6.2,d,https://resources.premierleague.com/premierleague/photos/players/40x40/p153682.png,5,1.2,0.5,1.6,145,1,75.0,0.4,,0.01,0.06,2.04,6.83,90,49961,6,Arsenal,False,5,0.52,0.47,0.4,4.24,ARS(A) · MUN(H) · SUN(A) · BOU(A),2.0,0.002
596,Ruggeri,Matteo Ruggeri,Aston Villa,DEF,4.5,a,https://resources.premierleague.com/premierleague/photos/players/40x40/Photo-Missing.png,5,1.7,1.5,0.1,113,1,,1.5,,0.02,0.02,1.63,12.74,882,433,6,Brentford,True,3,0.48,2.85,1.5,11.4,BRE(H) · NEW(A) · MCI(H) · FUL(H),6.0,0.001
190,Tchaouna,Loum Tchaouna,Coventry City,MID,5.4,a,https://resources.premierleague.com/premierleague/photos/players/40x40/Photo-Missing.png,5,1.2,0.5,0.1,211,2,,0.5,,0.1,0.08,1.38,7.68,32,452,6,Newcastle,True,3,0.57,1.72,0.5,7.47,NEW(H) · TOT(A) · FUL(H) · SUN(H),3.0,0.0
405,N.Gonzalez,Nico González Iglesias,Newcastle,MID,5.5,a,https://resources.premierleague.com/premierleague/photos/players/40x40/p465694.png,5,1.7,0.5,0.2,164,3,100.0,0.5,,0.0,0.12,1.28,6.59,873,2041,6,Coventry City,False,2,0.52,1.92,0.5,6.24,COV(A) · AVL(H) · CRY(A) · EVE(H),3.0,0.003
585,Herrington,Lucas Herrington,Hull City,DEF,4.0,a,https://resources.premierleague.com/premierleague/photos/players/40x40/Photo-Missing.png,5,1.0,1.0,0.6,197,1,,1.0,,0.01,0.02,1.54,7.31,1224,2070,6,Everton,True,3,0.48,2.57,1.0,11.12,EVE(H) · FUL(A) · BRE(H) · IPS(H),6.0,0.001
583,Chavarria,Pep Chavarría,Chelsea,DEF,4.9,a,https://resources.premierleague.com/premierleague/photos/players/40x40/Photo-Missing.png,5,1.0,1.0,0.2,208,1,,1.0,,0.02,0.03,1.77,6.92,602,667,6,Bournemouth,True,3,0.48,2.48,1.0,9.93,BOU(H) · EVE(A) · TOT(H) · MUN(H),6.0,0.001
151,Acheampong,Josh Acheampong,Chelsea,DEF,4.5,a,https://resources.premierleague.com/premierleague/photos/players/40x40/p577016.png,5,1.2,0.0,0.3,221,2,,0.0,,0.0,0.01,1.92,8.14,533,2332,6,Bournemouth,True,3,0.31,1.02,0.0,4.08,BOU(H) · EVE(A) · TOT(H) · MUN(H),2.0,0.003
201,Muñoz,Daniel Muñoz Mejía,Nott'm Forest,DEF,5.4,a,https://resources.premierleague.com/premierleague/photos/players/40x40/p247348.png,5,1.2,2.0,5.6,257,3,,2.0,,0.21,0.07,0.91,5.25,9993,37809,6,Crystal Palace,False,3,0.68,3.06,2.0,12.23,CRY(A) · ARS(H) · IPS(A) · BRE(A),8.0,0.033
75,Christie,Ryan Christie,Bournemouth,MID,5.0,a,https://resources.premierleague.com/premierleague/photos/players/40x40/p158499.png,5,1.2,1.5,0.0,102,1,100.0,1.5,,0.44,0.11,1.45,12.35,430,312,6,Chelsea,False,4,0.22,0.52,1.5,2.59,CHE(A) · SUN(H) · MUN(A) · LEE(H),2.0,0.003
543,Diarra,Habib Diarra,Sunderland,MID,5.3,i,https://resources.premierleague.com/premierleague/photos/players/40x40/Photo-Missing.png,5,2.5,0.0,0.0,28,0,0.0,0.0,Penales,0.1,0.51,0.39,0.0,21,281,6,Brighton,True,3,0.2,0.0,0.0,0.0,BHA(H) · BOU(A) · LEE(H) · COV(A),0.0,0.0
19,Zubimendi,Martín Zubimendi Ibáñez,Arsenal,MID,5.3,a,https://resources.premierleague.com/premierleague/photos/players/40x40/Photo-Missing.png,5,1.0,1.0,0.6,89,0,,1.0,,0.21,0.04,1.4,12.13,601,4377,6,Leeds,True,3,0.45,1.47,1.0,5.4,LEE(H) · NFO(A) · EVE(H) · LIV(A),3.0,0.005
14,Eze,Eberechi Eze,Arsenal,MID,6.2,a,https://resources.premierleague.com/premierleague/photos/players/40x40/p232413.png,4,1.0,1.0,1.0,85,0,,1.0,,0.04,0.1,1.41,5.29,4086,7941,6,Leeds,True,3,0.29,1.18,1.0,4.33,LEE(H) · NFO(A) · EVE(H) · LIV(A),3.0,0.013
17,Merino,Mikel Merino Zazón,Arsenal,MID,5.7,a,https://resources.premierleague.com/premierleague/photos/players/40x40/p195384.png,4,0.8,1.0,0.4,81,0,,1.0,,0.16,0.17,1.07,11.11,1519,3286,6,Leeds,True,3,0.13,0.59,1.0,2.16,LEE(H) · NFO(A) · EVE(H) · LIV(A),2.0,0.008
589,Gourna-Douath,Lucas Gourna-Douath,Hull City,MID,5.0,a,https://resources.premierleague.com/premierleague/photos/players/40x40/Photo-Missing.png,4,1.3,0.5,0.0,138,1,,0.5,,0.02,0.02,1.47,11.09,38,126,6,Everton,True,3,0.48,1.43,0.5,6.18,EVE(H) · FUL(A) · BRE(H) · IPS(H),3.0,0.0
450,Livramento,Tino Livramento,Newcastle,DEF,4.9,d,https://resources.premierleague.com/premierleague/photos/players/40x40/p441191.png,4,2.0,1.5,0.1,33,0,75.0,1.1,,0.0,0.03,0.49,8.18,500,1882,6,Coventry City,False,2,0.18,0.69,1.1,2.25,COV(A) · AVL(H) · CRY(A) · EVE(H),2.0,0.001
642,Thomas,Sorba Thomas,Hull City,MID,5.5,a,https://resources.premierleague.com/premierleague/photos/players/40x40/Photo-Missing.png,4,1.3,1.5,0.0,119,1,,1.5,,0.16,0.08,1.54,6.05,594,398,6,Everton,True,3,0.48,1.58,1.5,6.83,EVE(H) · FUL(A) · BRE(H) · IPS(H),5.0,0.01
119,Costinha,João Pedro Loureiro da Costa,Brighton,DEF,4.5,a,https://resources.premierleague.com/premierleague/photos/players/40x40/Photo-Missing.png,4,0.8,1.0,0.0,68,0,,1.0,,0.16,0.4,1.35,9.26,217,161,6,Sunderland,False,3,0.38,2.33,1.0,7.76,SUN(A) · CRY(H) · LIV(A) · MCI(A),6.0,0.004
56,Abraham,Tammy Abraham,Aston Villa,FWD,5.5,a,https://resources.premierleague.com/premierleague/photos/players/40x40/p173879.png,4,1.0,1.0,0.2,71,0,100.0,1.0,,0.0,0.0,3.41,2.54,2197,2115,6,Brentford,True,3,0.03,0.13,1.0,0.51,BRE(H) · NEW(A) · MCI(H) · FUL(H),0.0,0.003
72,Gannon-Doak,Ben Gannon-Doak,Bournemouth,MID,4.9,a,https://resources.premierleague.com/premierleague/photos/players/40x40/p496208.png,4,1.0,1.0,0.1,12,0,,1.0,,0.9,0.38,4.5,52.5,177,475,6,Chelsea,False,4,0.0,0.0,1.0,0.0,CHE(A) · SUN(H) · MUN(A) · LEE(H),0.0,0.0
488,I.Sangaré,Ibrahim Sangaré,Nott'm Forest,MID,4.8,a,https://resources.premierleague.com/premierleague/photos/players/40x40/p210462.png,4,1.3,1.0,0.4,105,1,100.0,1.0,,0.08,0.02,0.48,6.86,432,4097,6,Crystal Palace,False,3,0.43,1.21,1.0,4.85,CRY(A) · ARS(H) · IPS(A) · BRE(A),3.0,0.002
490,Wood,Chris Wood,Nott'm Forest,FWD,5.8,a,https://resources.premierleague.com/premierleague/photos/players/40x40/p60689.png,4,1.0,1.0,0.9,62,0,,1.0,,0.17,0.01,0.77,1.45,2655,7665,6,Crystal Palace,False,3,0.14,0.54,1.0,2.16,CRY(A) · ARS(H) · IPS(A) · BRE(A),2.0,0.009
369,Ngumoha,Rio Ngumoha,Liverpool,MID,5.7,a,https://resources.premierleague.com/premierleague/photos/players/40x40/Photo-Missing.png,4,1.3,0.5,0.5,99,1,,0.5,,0.14,0.05,0.62,3.64,1003,5000,6,Man City,True,4,0.17,0.47,0.5,2.36,MCI(H) · BRE(A) · BHA(H) · ARS(H),2.0,0.005
195,Simms,Ellis Simms,Coventry City,FWD,4.9,a,https://resources.premierleague.com/premierleague/photos/players/40x40/p218997.png,4,1.3,0.5,0.6,104,1,,0.5,,0.26,0.01,2.41,2.6,2947,6624,6,Newcastle,True,3,0.48,1.0,0.5,4.35,NEW(H) · TOT(A) · FUL(H) · SUN(H),2.0,0.0
263,Kevin,Kevin Santos Lopes de Macedo,Fulham,MID,5.3,a,https://resources.premierleague.com/premierleague/photos/players/40x40/Photo-Missing.png,4,1.0,1.0,0.0,61,0,,1.0,,0.1,0.18,1.81,11.8,262,353,6,Ipswich Town,False,2,0.12,0.53,1.0,1.98,IPS(A) · HUL(H) · COV(A) · AVL(A),2.0,0.004
157,Estêvão,Estêvão Almeida de Oliveira Gonçalves,Chelsea,MID,6.3,a,https://resources.premierleague.com/premierleague/photos/players/40x40/Photo-Missing.png,4,1.0,1.0,0.7,23,0,,1.0,,0.27,0.27,3.95,7.83,2446,4882,6,Bournemouth,True,3,0.16,0.73,1.0,2.93,BOU(H) · EVE(A) · TOT(H) · MUN(H),2.0,0.014
136,Welbeck,Danny Welbeck,Chelsea,FWD,5.9,a,https://resources.premierleague.com/premierleague/photos/players/40x40/p50175.png,4,1.3,1.5,1.0,85,1,100.0,1.5,,0.0,0.15,2.11,5.29,11071,11647,6,Bournemouth,True,3,0.44,1.77,1.5,7.07,BOU(H) · EVE(A) · TOT(H) · MUN(H),6.0,0.033
144,Gusto,Malo Gusto,Chelsea,DEF,4.9,a,https://resources.premierleague.com/premierleague/photos/players/40x40/p482609.png,4,1.0,0.5,0.9,272,3,,0.5,,0.03,0.04,1.16,4.96,1979,7864,6,Bournemouth,True,3,0.64,2.42,0.5,9.69,BOU(H) · EVE(A) · TOT(H) · MUN(H),6.0,0.012
162,Andrey Santos,Andrey Nascimento dos Santos,Man Utd,MID,4.8,a,https://resources.premierleague.com/premierleague/photos/players/40x40/Photo-Missing.png,4,1.3,0.0,0.6,82,1,,0.0,,0.0,0.26,2.23,19.76,1156,5993,6,Spurs,True,2,0.27,1.23,0.0,3.68,TOT(H) · LEE(A) · BOU(H) · CHE(A),3.0,0.007
463,Woltemade,Nick Woltemade,Newcastle,FWD,5.9,u,https://resources.premierleague.com/premierleague/photos/players/40x40/Photo-Missing.png,4,4.0,0.0,0.5,19,0,0.0,0.0,,0.09,0.05,1.8,0.0,0,4279,6,Coventry City,False,2,0.32,0.0,0.0,0.0,COV(A) · AVL(H) · CRY(A) · EVE(H),0.0,0.0
634,Fernandez-Pardo,Matias Fernandez-Pardo,Newcastle,FWD,6.0,a,https://resources.premierleague.com/premierleague/photos/players/40x40/Photo-Missing.png,4,1.3,1.5,0.1,157,2,,1.5,,0.03,0.01,1.69,2.87,2867,1816,6,Coventry City,False,2,0.57,1.65,1.5,5.36,COV(A) · AVL(H) · CRY(A) · EVE(H),2.0,0.0
465,Osula,William Osula,Newcastle,FWD,5.8,i,https://resources.premierleague.com/premierleague/photos/players/40x40/p538207.png,4,4.0,0.0,0.3,55,1,0.0,0.0,Penales,0.1,0.23,2.42,8.18,152,2945,6,Coventry City,False,2,0.21,0.0,0.0,0.0,COV(A) · AVL(H) · CRY(A) · EVE(H),0.0,0.0
64,Smith,Adam Smith,Bournemouth,DEF,4.5,a,https://resources.premierleague.com/premierleague/photos/players/40x40/p54469.png,4,0.8,1.0,0.1,434,5,,1.0,,0.0,0.02,1.39,4.35,551,636,6,Chelsea,False,4,0.68,1.4,1.0,7.0,CHE(A) · SUN(H) · MUN(A) · LEE(H),6.0,0.0
182,Amenda,Aurèle Amenda,Coventry City,DEF,4.0,i,https://resources.premierleague.com/premierleague/photos/players/40x40/Photo-Missing.png,4,1.0,0.0,0.6,360,4,0.0,0.0,,0.0,0.1,1.88,6.0,51,8294,6,Newcastle,True,3,0.78,0.0,0.0,0.0,NEW(H) · TOT(A) · FUL(H) · SUN(H),0.0,0.0
515,Maddison,James Maddison,Spurs,MID,6.3,a,https://resources.premierleague.com/premierleague/photos/players/40x40/p172780.png,3,1.0,1.0,0.4,59,0,100.0,1.0,,0.09,0.06,1.57,16.78,989,2413,6,Man Utd,False,4,0.0,0.0,1.0,0.0,MUN(A) · COV(H) · CHE(A) · CRY(H),0.0,0.0
498,Senesi,Marcos Senesi Barón,Spurs,DEF,5.8,a,https://resources.premierleague.com/premierleague/photos/players/40x40/p221466.png,3,3.0,0.0,3.5,90,1,,0.0,,0.0,0.02,3.87,16.0,1508,25810,6,Man Utd,False,4,0.59,1.59,0.0,9.51,MUN(A) · COV(H) · CHE(A) · CRY(H),5.0,0.003
520,Bergvall,Lucas Bergvall,Spurs,MID,5.3,a,https://resources.premierleague.com/premierleague/photos/players/40x40/p570526.png,3,1.0,1.0,0.1,78,1,,1.0,,0.07,0.31,2.55,15.0,123,742,6,Man Utd,False,4,0.24,0.52,1.0,3.13,MUN(A) · COV(H) · CHE(A) · CRY(H),2.0,0.001
600,Osman,Ibrahim Osman,Brighton,MID,5.0,a,https://resources.premierleague.com/premierleague/photos/players/40x40/p612855.png,3,1.0,0.5,0.0,40,0,,0.5,,0.11,0.16,0.72,9.0,126,146,6,Sunderland,False,3,0.38,1.17,0.5,3.89,SUN(A) · CRY(H) · LIV(A) · MCI(A),3.0,0.0
457,J.Murphy,Jacob Murphy,Newcastle,MID,5.9,a,https://resources.premierleague.com/premierleague/photos/players/40x40/p114243.png,3,0.6,0.5,0.1,181,2,,0.5,,0.01,0.2,2.47,8.95,1203,1009,6,Coventry City,False,2,0.45,2.11,0.5,6.86,COV(A) · AVL(H) · CRY(A) · EVE(H),6.0,0.021
559,Bamba,Aladji Bamba,Newcastle,MID,4.9,a,https://resources.premierleague.com/premierleague/photos/players/40x40/Photo-Missing.png,3,1.0,1.0,0.1,27,0,,1.0,,0.0,0.0,4.3,26.67,146,597,6,Coventry City,False,2,0.38,1.54,1.0,5.0,COV(A) · AVL(H) · CRY(A) · EVE(H),3.0,0.0
501,Danso,Kevin Danso,Sunderland,DEF,5.0,a,https://resources.premierleague.com/premierleague/photos/players/40x40/p135720.png,3,1.0,0.5,0.2,270,3,,0.5,,0.02,0.06,1.97,6.67,1448,974,6,Brighton,True,3,0.52,1.88,0.5,8.14,BHA(H) · BOU(A) · LEE(H) · COV(A),6.0,0.005
568,Barco,Valentín Barco,Chelsea,MID,5.4,a,https://resources.premierleague.com/premierleague/photos/players/40x40/p543158.png,3,1.0,1.0,0.1,115,1,,1.0,,0.05,0.09,2.21,9.39,285,541,6,Bournemouth,True,3,0.48,1.4,1.0,5.61,BOU(H) · EVE(A) · TOT(H) · MUN(H),3.0,0.0
646,Fofana,Malick Fofana,Sunderland,MID,5.5,a,https://resources.premierleague.com/premierleague/photos/players/40x40/Photo-Missing.png,3,1.0,1.0,0.0,60,0,,1.0,,0.58,0.02,4.88,4.5,387,354,6,Brighton,True,3,0.38,1.89,1.0,8.17,BHA(H) · BOU(A) · LEE(H) · COV(A),7.0,0.046
343,James,Daniel James,Leeds,MID,4.9,i,https://resources.premierleague.com/premierleague/photos/players/40x40/p200617.png,3,1.0,1.0,0.1,52,0,0.0,0.0,,0.61,0.02,2.79,8.65,241,731,6,Arsenal,False,5,0.08,0.0,0.0,0.0,ARS(A) · MUN(H) · SUN(A) · BOU(A),0.0,0.0
108,Wilson,Callum Wilson,Brentford,FWD,5.4,a,https://resources.premierleague.com/premierleague/photos/players/40x40/p75115.png,3,1.0,0.0,0.3,13,0,,0.0,,0.48,0.28,1.04,13.85,1500,2878,6,Aston Villa,False,3,0.38,0.77,0.0,3.06,AVL(A) · LIV(H) · HUL(A) · NFO(H),2.0,0.0
253,Andersen,Joachim Andersen,Fulham,DEF,5.0,a,https://resources.premierleague.com/premierleague/photos/players/40x40/p174874.png,3,1.0,0.5,0.2,190,2,100.0,0.5,,0.0,0.05,2.06,9.47,3784,1418,6,Ipswich Town,False,2,0.63,3.18,0.5,11.93,IPS(A) · HUL(H) · COV(A) · AVL(A),6.0,0.01
262,Smith Rowe,Emile Smith Rowe,Fulham,MID,5.3,a,https://resources.premierleague.com/premierleague/photos/players/40x40/p209289.png,3,1.0,0.5,0.2,38,0,,0.5,,0.14,0.05,2.06,7.11,420,1546,6,Ipswich Town,False,2,0.29,1.37,0.5,5.13,IPS(A) · HUL(H) · COV(A) · AVL(A),3.0,0.014
241,McNeil,Dwight McNeil,Crystal Palace,MID,5.3,a,https://resources.premierleague.com/premierleague/photos/players/40x40/p433154.png,3,1.5,0.0,0.1,84,1,,0.0,,0.05,0.02,1.26,7.5,108,612,6,Nott'm Forest,True,3,0.28,0.93,0.0,3.4,NFO(H) · BHA(A) · NEW(H) · TOT(A),3.0,0.005
523,Moore,Mikey Moore,Spurs,MID,5.0,u,https://resources.premierleague.com/premierleague/photos/players/40x40/p499721.png,3,1.5,0.0,0.1,89,1,0.0,0.0,,0.4,0.02,3.3,3.03,0,678,6,Man Utd,False,4,0.48,0.0,0.0,0.0,MUN(A) · COV(H) · CHE(A) · CRY(H),0.0,0.0
269,Sessegnon,Ryan Sessegnon,Fulham,DEF,4.3,a,https://resources.premierleague.com/premierleague/photos/players/40x40/p184349.png,3,1.0,0.0,0.3,50,0,100.0,0.0,,0.23,0.79,3.24,5.4,446,1581,6,Ipswich Town,False,2,0.26,1.47,0.0,5.51,IPS(A) · HUL(H) · COV(A) · AVL(A),6.0,0.015
577,Tomiyasu,Takehiro Tomiyasu,Crystal Palace,DEF,4.4,d,https://resources.premierleague.com/premierleague/photos/players/40x40/p223723.png,3,0.8,0.5,0.3,189,2,75.0,0.4,,0.0,0.01,1.9,8.1,152,1632,6,Nott'm Forest,True,3,0.57,2.28,0.4,8.36,NFO(H) · BHA(A) · NEW(H) · TOT(A),6.0,0.0
633,Ahanor,Honest Ahanor,Crystal Palace,DEF,4.5,a,https://resources.premierleague.com/premierleague/photos/players/40x40/Photo-Missing.png,3,3.0,1.5,0.0,90,1,,1.5,,0.0,0.01,1.68,11.0,169,130,6,Nott'm Forest,True,3,0.48,1.56,1.5,5.73,NFO(H) · BHA(A) · NEW(H) · TOT(A),2.0,0.0
635,Larsson,Hugo Larsson,Fulham,MID,5.0,a,https://resources.premierleague.com/premierleague/photos/players/40x40/Photo-Missing.png,3,1.0,1.0,0.0,37,0,,1.0,,0.32,0.56,2.14,14.59,116,83,6,Ipswich Town,False,2,0.38,2.77,1.0,10.38,IPS(A) · HUL(H) · COV(A) · AVL(A),8.0,0.091
492,Awoniyi,Taiwo Awoniyi,Coventry City,FWD,5.4,s,https://resources.premierleague.com/premierleague/photos/players/40x40/p210156.png,3,0.8,-1.0,0.4,232,3,0.0,0.0,,0.5,0.02,1.38,4.27,94,6281,6,Newcastle,True,3,0.34,0.0,0.0,0.0,NEW(H) · TOT(A) · FUL(H) · SUN(H),0.0,0.0
584,Hamer,Gustavo Hamer,Coventry City,MID,5.4,a,https://resources.premierleague.com/premierleague/photos/players/40x40/p196100.png,3,1.0,0.0,0.1,32,0,,0.0,,0.0,0.06,2.31,8.44,53,485,6,Newcastle,True,3,0.38,1.13,0.0,4.91,NEW(H) · TOT(A) · FUL(H) · SUN(H),3.0,0.0
255,J.Cuenca,Jorge Cuenca Barreno,Fulham,DEF,4.5,a,https://resources.premierleague.com/premierleague/photos/players/40x40/p246301.png,3,3.0,0.0,0.0,90,1,,0.0,,0.0,0.03,2.24,10.0,78,128,6,Ipswich Town,False,2,0.24,1.15,0.0,4.3,IPS(A) · HUL(H) · COV(A) · AVL(A),2.0,0.0
34,Pau,Pau Torres,Aston Villa,DEF,4.4,i,https://resources.premierleague.com/premierleague/photos/players/40x40/p244954.png,3,1.0,0.5,0.3,187,3,0.0,0.0,,0.0,0.0,2.31,4.33,57,3846,6,Brentford,True,3,0.54,0.0,0.0,0.0,BRE(H) · NEW(A) · MCI(H) · FUL(H),0.0,0.0
375,Nyoni,Trey Nyoni,Liverpool,MID,4.9,a,https://resources.premierleague.com/premierleague/photos/players/40x40/Photo-Missing.png,3,1.0,0.5,0.0,38,0,,0.5,,0.0,0.0,0.85,23.68,105,351,6,Man City,True,4,0.0,0.0,0.5,0.0,MCI(H) · BRE(A) · BHA(H) · ARS(H),0.0,0.0
422,Mazraoui,Noussair Mazraoui,Man Utd,DEF,4.4,d,https://resources.premierleague.com/premierleague/photos/players/40x40/p230001.png,3,1.0,0.0,0.5,97,1,75.0,0.0,,0.2,0.06,1.93,5.57,620,3829,6,Spurs,True,2,0.24,0.91,0.0,2.73,TOT(H) · LEE(A) · BOU(H) · CHE(A),2.0,0.004
188,Torp,Victor Torp,Coventry City,MID,5.3,a,https://resources.premierleague.com/premierleague/photos/players/40x40/Photo-Missing.png,3,1.0,0.5,0.1,53,0,,0.5,,0.0,0.2,2.07,5.09,48,542,6,Newcastle,True,3,0.38,1.12,0.5,4.86,NEW(H) · TOT(A) · FUL(H) · SUN(H),3.0,0.0
271,Muniz,Rodrigo Muniz Carvalho,Fulham,FWD,5.4,a,https://resources.premierleague.com/premierleague/photos/players/40x40/p244042.png,3,0.8,0.5,0.4,38,0,,0.5,,0.95,0.0,2.01,7.11,2389,3261,6,Ipswich Town,False,2,0.13,0.58,0.5,2.19,IPS(A) · HUL(H) · COV(A) · AVL(A),2.0,0.009
381,Koumas,Lewis Koumas,Liverpool,MID,5.0,a,https://resources.premierleague.com/premierleague/photos/players/40x40/Photo-Missing.png,3,1.0,0.5,0.0,22,0,,0.5,,1.15,0.0,2.95,4.09,212,226,6,Man City,True,4,0.38,0.79,0.5,3.93,MCI(H) · BRE(A) · BHA(H) · ARS(H),3.0,0.0
74,Brooks,David Brooks,Bournemouth,MID,5.0,a,https://resources.premierleague.com/premierleague/photos/players/40x40/p111317.png,3,0.8,0.5,0.1,45,0,100.0,0.5,,0.0,0.14,1.5,10.0,237,415,6,Chelsea,False,4,0.17,0.59,0.5,2.95,CHE(A) · SUN(H) · MUN(A) · LEE(H),2.0,0.011
608,Jebbison,Daniel Jebbison,Bournemouth,FWD,5.0,a,https://resources.premierleague.com/premierleague/photos/players/40x40/p523700.png,3,1.0,0.5,0.1,31,0,,0.5,,0.29,0.0,1.77,2.9,1116,1075,6,Chelsea,False,4,0.38,0.79,0.5,3.95,CHE(A) · SUN(H) · MUN(A) · LEE(H),2.0,0.006
149,Colwill,Levi Samuels Colwill,Chelsea,DEF,4.8,a,https://resources.premierleague.com/premierleague/photos/players/40x40/p460028.png,3,0.8,1.0,0.9,341,4,,1.0,,0.0,0.01,1.76,6.86,1627,6577,6,Bournemouth,True,3,0.43,1.43,1.0,5.72,BOU(H) · EVE(A) · TOT(H) · MUN(H),5.0,0.0
142,James,Reece James,Chelsea,DEF,5.3,d,https://resources.premierleague.com/premierleague/photos/players/40x40/p225796.png,3,0.8,0.5,5.6,292,3,75.0,0.4,"Tiros libres, Córners",0.1,0.08,1.51,4.01,780,93799,6,Bournemouth,True,3,0.56,1.65,0.4,6.59,BOU(H) · EVE(A) · TOT(H) · MUN(H),6.0,0.01
478,Netz,Luca Netz,Nott'm Forest,DEF,4.4,a,https://resources.premierleague.com/premierleague/photos/players/40x40/Photo-Missing.png,3,1.0,0.5,0.0,27,0,,0.5,,0.0,0.07,0.43,3.33,67,142,6,Crystal Palace,False,3,0.04,0.12,0.5,0.5,CRY(A) · ARS(H) · IPS(A) · BRE(A),0.0,0.0
306,Greaves,Jacob Greaves,Ipswich Town,DEF,3.9,a,https://resources.premierleague.com/premierleague/photos/players/40x40/p449429.png,3,0.8,0.5,1.1,357,4,,0.5,,0.0,0.02,1.7,7.56,1665,4894,6,Fulham,True,2,0.78,5.02,0.5,15.06,FUL(H) · MCI(A) · NFO(H) · HUL(A),6.0,0.0
323,McAteer,Kasey McAteer,Ipswich Town,MID,4.4,a,https://resources.premierleague.com/premierleague/photos/players/40x40/p461587.png,3,1.0,0.0,1.0,42,0,,0.0,,0.11,0.0,0.45,10.71,2149,8190,6,Fulham,True,2,0.38,1.56,0.0,4.67,FUL(H) · MCI(A) · NFO(H) · HUL(A),3.0,0.0
160,Garnacho,Alejandro Garnacho Ferreyra,Aston Villa,MID,5.8,a,https://resources.premierleague.com/premierleague/photos/players/40x40/p493105.png,3,1.0,0.0,0.3,31,0,,0.0,,0.0,0.0,1.42,5.81,679,3170,6,Brentford,True,3,0.18,0.79,0.0,3.14,BRE(H) · NEW(A) · MCI(H) · FUL(H),2.0,0.013
289,Crooks,Matt Crooks,Hull City,MID,4.4,a,https://resources.premierleague.com/premierleague/photos/players/40x40/Photo-Missing.png,3,1.0,0.5,0.5,203,3,100.0,0.5,,0.0,0.05,1.58,9.31,6171,5366,6,Everton,True,3,0.68,1.96,0.5,8.49,EVE(H) · FUL(A) · BRE(H) · IPS(H),3.0,0.0
9,Hincapie,Piero Hincapié,Arsenal,DEF,5.2,a,https://resources.premierleague.com/premierleague/photos/players/40x40/Photo-Missing.png,2,1.0,0.0,0.9,32,0,,0.0,,0.0,0.0,0.79,8.44,1887,6506,6,Leeds,True,3,0.26,1.15,0.0,4.23,LEE(H) · NFO(A) · EVE(H) · LIV(A),6.0,0.003
16,Madueke,Noni Madueke,Arsenal,MID,6.2,a,https://resources.premierleague.com/premierleague/photos/players/40x40/p248857.png,2,1.0,0.0,0.2,23,0,,0.0,,0.0,0.2,0.59,11.74,905,1762,6,Leeds,True,3,0.21,0.75,0.0,2.75,LEE(H) · NFO(A) · EVE(H) · LIV(A),3.0,0.004
101,Henderson,Jordan Henderson,Chelsea,MID,4.9,a,https://resources.premierleague.com/premierleague/photos/players/40x40/p56979.png,2,2.0,1.0,0.0,90,1,100.0,1.0,,0.0,0.08,2.65,10.0,603,194,6,Bournemouth,True,3,0.39,1.08,1.0,4.31,BOU(H) · EVE(A) · TOT(H) · MUN(H),3.0,0.001
571,Florentino,Florentino Ibrain Morris Luís,Ipswich Town,MID,4.8,a,https://resources.premierleague.com/premierleague/photos/players/40x40/Photo-Missing.png,2,1.0,1.0,0.1,30,0,100.0,1.0,,0.0,0.03,2.25,6.0,133,447,6,Fulham,True,2,0.38,1.51,1.0,4.52,FUL(H) · MCI(A) · NFO(H) · HUL(A),3.0,0.0
548,Rigg,Chris Rigg,Sunderland,MID,4.9,a,https://resources.premierleague.com/premierleague/photos/players/40x40/Photo-Missing.png,2,1.0,0.0,0.0,17,0,,0.0,,0.0,0.0,2.33,5.29,43,285,6,Brighton,True,3,0.14,0.45,0.0,1.95,BHA(H) · BOU(A) · LEE(H) · COV(A),2.0,0.002
81,Rodríguez,Álvaro Rodríguez,Bournemouth,FWD,6.0,a,https://resources.premierleague.com/premierleague/photos/players/40x40/Photo-Missing.png,2,1.0,0.5,0.1,10,0,100.0,0.5,,0.0,0.0,1.62,9.0,1027,850,6,Chelsea,False,4,0.38,0.5,0.5,2.5,CHE(A) · SUN(H) · MUN(A) · LEE(H),2.0,0.0
140,Sánchez,Robert Lynch Sánchez,Chelsea,GKP,4.9,u,https://resources.premierleague.com/premierleague/photos/players/40x40/p215059.png,2,2.0,0.0,0.7,90,1,0.0,0.0,,0.0,0.01,1.33,0.0,0,5881,6,Bournemouth,True,3,0.56,0.0,0.0,0.0,BOU(H) · EVE(A) · TOT(H) · MUN(H),0.0,0.0
300,Walton,Christian Walton,Ipswich Town,GKP,4.4,a,https://resources.premierleague.com/premierleague/photos/players/40x40/p108813.png,2,2.0,1.0,0.4,90,1,,1.0,,0.0,0.01,2.24,0.0,2423,1413,6,Fulham,True,2,0.48,3.33,1.0,10.0,FUL(H) · MCI(A) · NFO(H) · HUL(A),6.0,0.0
248,Beto,Norberto Bercique Gomes Betuncal,Everton,FWD,5.4,u,https://resources.premierleague.com/premierleague/photos/players/40x40/p486385.png,2,1.0,0.0,0.6,31,0,0.0,0.0,,0.26,0.0,5.57,2.9,0,8877,6,Hull City,False,2,0.22,0.0,0.0,0.0,HUL(A) · CHE(H) · ARS(A) · NEW(A),0.0,0.0
207,Mingueza,Oscar Mingueza,Crystal Palace,DEF,4.4,a,https://resources.premierleague.com/premierleague/photos/players/40x40/Photo-Missing.png,2,1.0,0.0,0.1,16,0,,0.0,,0.0,0.0,1.86,11.25,115,364,6,Nott'm Forest,True,3,0.38,2.35,0.0,8.61,NFO(H) · BHA(A) · NEW(H) · TOT(A),6.0,0.0
621,McAidoo,Ryan McAidoo,Man City,MID,4.4,a,https://resources.premierleague.com/premierleague/photos/players/40x40/Photo-Missing.png,2,1.0,0.0,0.1,11,0,,0.0,,0.82,0.0,0.16,32.73,289,1247,6,Liverpool,False,4,0.38,1.77,0.0,10.65,LIV(A) · IPS(H) · AVL(A) · BHA(H),8.0,0.039
616,Bouaddi,Ayyoub Bouaddi,Man City,MID,5.5,a,https://resources.premierleague.com/premierleague/photos/players/40x40/Photo-Missing.png,2,1.0,0.0,0.2,22,0,,0.0,,0.0,0.49,1.51,24.55,950,2362,6,Liverpool,False,4,0.38,0.96,0.0,5.78,LIV(A) · IPS(H) · AVL(A) · BHA(H),5.0,0.002
406,Kovačić,Mateo Kovačić,Man City,MID,5.3,a,https://resources.premierleague.com/premierleague/photos/players/40x40/p91651.png,2,1.0,0.0,0.1,42,0,,0.0,,0.0,0.04,0.21,4.29,135,528,6,Liverpool,False,4,0.01,0.03,0.0,0.18,LIV(A) · IPS(H) · AVL(A) · BHA(H),0.0,0.0
54,Gomes,Joao Gomes,Aston Villa,MID,5.5,a,https://resources.premierleague.com/premierleague/photos/players/40x40/p448089.png,2,1.0,2.0,0.0,129,2,100.0,2.0,,0.0,0.02,2.89,13.95,578,249,6,Brentford,True,3,0.53,1.43,2.0,5.71,BRE(H) · NEW(A) · MCI(H) · FUL(H),3.0,0.002
25,Gyökeres,Viktor Gyökeres,Arsenal,FWD,7.1,a,https://resources.premierleague.com/premierleague/photos/players/40x40/p224117.png,2,1.0,0.5,3.4,29,0,,0.5,,0.0,0.71,2.02,3.1,36371,21273,6,Leeds,True,3,0.34,1.45,0.5,5.31,LEE(H) · NFO(A) · EVE(H) · LIV(A),6.0,0.03
212,Hughes,Will Hughes,Crystal Palace,MID,4.4,a,https://resources.premierleague.com/premierleague/photos/players/40x40/p108413.png,2,1.0,0.5,7.2,29,0,,0.5,,0.0,0.12,3.48,21.72,10839,58027,6,Nott'm Forest,True,3,0.25,0.75,0.5,2.76,NFO(H) · BHA(A) · NEW(H) · TOT(A),2.0,0.002
223,Mateta,Jean-Philippe Mateta,Crystal Palace,FWD,6.3,i,https://resources.premierleague.com/premierleague/photos/players/40x40/p231747.png,2,2.0,0.0,1.3,62,1,0.0,0.0,Penales,1.02,0.03,1.42,7.26,273,10857,6,Nott'm Forest,True,3,0.43,0.0,0.0,0.0,NFO(H) · BHA(A) · NEW(H) · TOT(A),0.0,0.0
527,Richarlison,Richarlison de Andrade,Spurs,FWD,5.9,u,https://resources.premierleague.com/premierleague/photos/players/40x40/p212319.png,2,2.0,0.0,0.6,67,1,0.0,0.0,,0.0,0.0,4.06,1.34,0,6967,6,Man Utd,False,4,0.36,0.0,0.0,0.0,MUN(A) · COV(H) · CHE(A) · CRY(H),0.0,0.0
595,Gozo,Zavier Gozo,Crystal Palace,MID,4.9,a,https://resources.premierleague.com/premierleague/photos/players/40x40/Photo-Missing.png,2,1.0,0.5,0.0,28,0,,0.5,,0.0,0.0,2.19,3.21,42,107,6,Nott'm Forest,True,3,0.38,1.13,0.5,4.13,NFO(H) · BHA(A) · NEW(H) · TOT(A),3.0,0.0
357,Frimpong,Jeremie Frimpong,Liverpool,DEF,5.3,a,https://resources.premierleague.com/premierleague/photos/players/40x40/Photo-Missing.png,2,0.7,0.5,1.7,178,2,,0.5,,0.01,0.12,1.98,6.07,1942,15108,6,Man City,True,4,0.36,0.96,0.5,4.79,MCI(H) · BRE(A) · BHA(H) · ARS(H),2.0,0.002
281,Drameh,Cody Drameh,Hull City,DEF,4.0,u,https://resources.premierleague.com/premierleague/photos/players/40x40/p433590.png,2,1.0,0.0,0.0,65,0,0.0,0.0,,0.07,0.0,1.2,8.31,0,295,6,Everton,True,3,0.38,0.0,0.0,0.0,EVE(H) · FUL(A) · BRE(H) · IPS(H),0.0,0.0
240,Iroegbunam,Tim Iroegbunam,Hull City,MID,5.0,a,https://resources.premierleague.com/premierleague/photos/players/40x40/p490094.png,2,0.7,0.5,0.0,70,0,100.0,0.5,,0.15,0.01,0.77,11.57,88,157,6,Everton,True,3,0.22,0.6,0.5,2.59,EVE(H) · FUL(A) · BRE(H) · IPS(H),2.0,0.0
364,Tsimikas,Kostas Tsimikas,Liverpool,DEF,4.9,a,https://resources.premierleague.com/premierleague/photos/players/40x40/p214285.png,2,1.0,0.5,0.1,64,1,,0.5,,0.06,0.03,0.66,4.22,123,445,6,Man City,True,4,0.48,1.94,0.5,9.68,MCI(H) · BRE(A) · BHA(H) · ARS(H),6.0,0.001
76,Tóth.A,Alex Tóth,Bournemouth,MID,4.9,a,https://resources.premierleague.com/premierleague/photos/players/40x40/Photo-Missing.png,2,1.0,0.5,0.0,17,0,,0.5,,0.0,0.0,2.96,10.59,32,67,6,Chelsea,False,4,0.03,0.06,0.5,0.28,CHE(A) · SUN(H) · MUN(A) · LEE(H),0.0,0.0
318,Philogene,Jaden Philogene,Ipswich Town,MID,5.4,a,https://resources.premierleague.com/premierleague/photos/players/40x40/Photo-Missing.png,2,1.0,1.0,0.1,52,0,100.0,1.0,,0.14,0.02,1.68,6.92,46,193,6,Fulham,True,2,0.38,1.52,1.0,4.55,FUL(H) · MCI(A) · NFO(H) · HUL(A),3.0,0.0
631,Mbaye,Ibrahim Mbaye,Aston Villa,MID,6.0,a,https://resources.premierleague.com/premierleague/photos/players/40x40/Photo-Missing.png,2,1.0,1.0,0.1,33,0,,1.0,,0.05,0.35,4.47,5.45,1150,1372,6,Brentford,True,3,0.38,1.27,1.0,5.08,BRE(H) · NEW(A) · MCI(H) · FUL(H),5.0,0.008
637,Vaz,Robinio Vaz,Hull City,FWD,5.0,a,https://resources.premierleague.com/premierleague/photos/players/40x40/Photo-Missing.png,2,1.0,1.0,0.1,20,0,,1.0,,0.0,0.04,1.4,9.0,2209,1372,6,Everton,True,3,0.38,0.8,1.0,3.45,EVE(H) · FUL(A) · BRE(H) · IPS(H),2.0,0.0
440,Zirkzee,Joshua Zirkzee,Man Utd,FWD,5.3,a,https://resources.premierleague.com/premierleague/photos/players/40x40/p458249.png,2,1.0,1.0,0.4,20,0,,1.0,,0.0,0.04,0.09,18.0,2476,3633,6,Spurs,True,2,0.07,0.33,1.0,0.99,TOT(H) · LEE(A) · BOU(H) · CHE(A),0.0,0.007
620,Diouf,El Hadji Malick Diouf,Brentford,DEF,4.5,a,https://resources.premierleague.com/premierleague/photos/players/40x40/Photo-Missing.png,2,1.0,1.0,0.1,39,0,,1.0,,0.0,0.02,1.45,4.62,645,815,6,Aston Villa,False,3,0.38,1.23,1.0,4.94,AVL(A) · LIV(H) · HUL(A) · NFO(H),2.0,0.0
126,O'Riley,Matt O'Riley,Brighton,MID,5.4,a,https://resources.premierleague.com/premierleague/photos/players/40x40/p219249.png,2,1.0,1.0,0.1,10,0,,1.0,,2.52,0.09,1.62,27.0,495,647,6,Sunderland,False,3,0.03,0.15,1.0,0.49,SUN(A) · CRY(H) · LIV(A) · MCI(A),0.0,0.004
339,Longstaff,Sean Longstaff,Leeds,MID,4.8,a,https://resources.premierleague.com/premierleague/photos/players/40x40/p180135.png,2,1.0,0.5,0.1,10,0,,0.5,,0.0,0.0,3.15,0.0,195,775,6,Arsenal,False,5,0.13,0.15,0.5,1.33,ARS(A) · MUN(H) · SUN(A) · BOU(A),2.0,0.0
420,Yoro,Leny Yoro,Man Utd,DEF,4.8,a,https://resources.premierleague.com/premierleague/photos/players/40x40/p550864.png,2,1.0,0.0,0.5,22,0,,0.0,,0.0,0.08,4.46,20.45,620,2493,6,Spurs,True,2,0.24,1.25,0.0,3.75,TOT(H) · LEE(A) · BOU(H) · CHE(A),2.0,0.008
164,Quenda,Geovany Quenda,Chelsea,MID,5.3,a,https://resources.premierleague.com/premierleague/photos/players/40x40/Photo-Missing.png,2,1.0,0.5,0.0,27,0,100.0,0.5,,0.1,0.03,4.3,3.33,85,206,6,Bournemouth,True,3,0.38,1.11,0.5,4.45,BOU(H) · EVE(A) · TOT(H) · MUN(H),3.0,0.0
446,Schär,Fabian Schär,Newcastle,DEF,4.9,a,https://resources.premierleague.com/premierleague/photos/players/40x40/p119471.png,2,1.0,0.5,0.2,25,0,100.0,0.5,,0.0,0.04,6.73,25.2,789,1086,6,Coventry City,False,2,0.14,0.84,0.5,2.72,COV(A) · AVL(H) · CRY(A) · EVE(H),2.0,0.006
232,O'Brien,Jake O'Brien,Everton,DEF,4.8,a,https://resources.premierleague.com/premierleague/photos/players/40x40/p512462.png,2,1.0,1.0,0.3,16,0,,1.0,,0.0,0.0,2.36,11.25,447,1447,6,Hull City,False,2,0.46,2.22,1.0,5.55,HUL(A) · CHE(H) · ARS(A) · NEW(A),6.0,0.01
42,Guessand,Evann Guessand,Crystal Palace,MID,5.4,a,https://resources.premierleague.com/premierleague/photos/players/40x40/Photo-Missing.png,2,1.0,0.0,0.0,54,0,,0.0,,0.05,0.05,0.57,3.33,125,297,6,Nott'm Forest,True,3,0.12,0.39,0.0,1.42,NFO(H) · BHA(A) · NEW(H) · TOT(A),2.0,0.002
578,Mudryk,Mykhailo Mudryk,Spurs,MID,5.3,i,https://resources.premierleague.com/premierleague/photos/players/40x40/p465920.png,1,1.0,0.0,0.0,16,0,0.0,0.0,,0.0,0.0,0.9,0.0,29,650,6,Man Utd,False,4,0.38,0.0,0.0,0.0,MUN(A) · COV(H) · CHE(A) · CRY(H),0.0,0.0
549,Talbi,Chemsdine Talbi,Sunderland,MID,5.3,a,https://resources.premierleague.com/premierleague/photos/players/40x40/Photo-Missing.png,1,1.0,0.0,0.1,31,0,,0.0,,0.0,0.0,0.41,5.81,132,679,6,Brighton,True,3,0.21,0.66,0.0,2.87,BHA(H) · BOU(A) · LEE(H) · COV(A),2.0,0.003
5,J.Timber,Jurriën Timber,Arsenal,DEF,6.5,a,https://resources.premierleague.com/premierleague/photos/players/40x40/p445122.png,1,0.5,0.5,0.5,104,1,100.0,0.5,,0.0,0.03,1.89,4.33,19113,5815,6,Leeds,True,3,0.47,2.42,0.5,8.86,LEE(H) · NFO(A) · EVE(H) · LIV(A),6.0,0.035
539,O'Nien,Luke O'Nien,Sunderland,DEF,3.9,a,https://resources.premierleague.com/premierleague/photos/players/40x40/Photo-Missing.png,1,1.0,0.0,2.5,66,1,,0.0,,0.01,0.01,2.3,6.82,21625,15405,6,Brighton,True,3,0.17,0.56,0.0,2.43,BHA(H) · BOU(A) · LEE(H) · COV(A),2.0,0.001
147,Tosin,Tosin Adarabioyo,Spurs,DEF,4.4,a,https://resources.premierleague.com/premierleague/photos/players/40x40/p109646.png,1,1.0,0.5,0.1,5,0,,0.5,,0.0,0.0,0.54,72.0,131,658,6,Man Utd,False,4,0.11,0.26,0.5,1.55,MUN(A) · COV(H) · CHE(A) · CRY(H),2.0,0.0
20,Dowman,Max Dowman,Arsenal,MID,5.3,d,https://resources.premierleague.com/premierleague/photos/players/40x40/Photo-Missing.png,1,1.0,0.5,0.1,9,0,75.0,0.4,,0.0,0.8,3.1,0.0,494,743,6,Leeds,True,3,0.01,0.07,0.4,0.24,LEE(H) · NFO(A) · EVE(H) · LIV(A),0.0,0.002
622,Braithwaite,Kaden Braithwaite,Man City,DEF,4.0,a,https://resources.premierleague.com/premierleague/photos/players/40x40/Photo-Missing.png,1,1.0,0.0,0.2,1,0,,0.0,,0.0,0.0,0.0,0.0,664,1799,6,Liverpool,False,4,0.38,1.59,0.0,9.52,LIV(A) · IPS(H) · AVL(A) · BHA(H),6.0,0.0
29,M.Bizot,Marco Bizot,Aston Villa,GKP,4.5,i,https://resources.premierleague.com/premierleague/photos/players/40x40/Photo-Missing.png,1,1.0,0.0,0.1,90,1,0.0,0.0,,0.0,0.0,3.77,0.0,81,1222,6,Brentford,True,3,0.18,0.0,0.0,0.0,BRE(H) · NEW(A) · MCI(H) · FUL(H),0.0,0.0
647,Osorio,Darío Osorio,Crystal Palace,MID,5.5,a,https://resources.premierleague.com/premierleague/photos/players/40x40/Photo-Missing.png,1,1.0,0.0,0.0,1,0,,0.0,,0.0,0.0,11.7,90.0,37,88,6,Nott'm Forest,True,3,0.38,0.79,0.0,2.89,NFO(H) · BHA(A) · NEW(H) · TOT(A),2.0,0.0
213,Lerma,Jefferson Lerma Solís,Crystal Palace,MID,4.8,a,https://resources.premierleague.com/premierleague/photos/players/40x40/p152551.png,1,0.5,0.5,0.1,51,0,,0.5,,0.46,0.0,2.21,21.18,115,458,6,Nott'm Forest,True,3,0.24,0.78,0.5,2.88,NFO(H) · BHA(A) · NEW(H) · TOT(A),2.0,0.003
35,Bogarde,Lamare Bogarde,Aston Villa,MID,4.9,a,https://resources.premierleague.com/premierleague/photos/players/40x40/p515597.png,1,1.0,0.0,0.1,16,0,,0.0,,0.0,0.0,1.24,5.62,196,494,6,Brentford,True,3,0.14,0.35,0.0,1.39,BRE(H) · NEW(A) · MCI(H) · FUL(H),2.0,0.0
245,Dibling,Tyler Dibling,Everton,MID,5.4,a,https://resources.premierleague.com/premierleague/photos/players/40x40/p496661.png,1,1.0,0.5,0.0,24,0,,0.5,,0.64,0.6,1.42,0.0,144,193,6,Hull City,False,2,0.05,0.19,0.5,0.48,HUL(A) · CHE(H) · ARS(A) · NEW(A),0.0,0.0
285,McNair,Paddy McNair,Hull City,DEF,4.0,a,https://resources.premierleague.com/premierleague/photos/players/40x40/p160817.png,1,1.0,0.0,0.1,26,0,100.0,0.0,,0.0,0.0,3.32,6.92,238,502,6,Everton,True,3,0.38,2.25,0.0,9.73,EVE(H) · FUL(A) · BRE(H) · IPS(H),6.0,0.0
206,Chadi Riad,Chadi Riad Dnanou,Crystal Palace,DEF,4.3,i,https://resources.premierleague.com/premierleague/photos/players/40x40/p515621.png,1,1.0,0.0,0.0,72,1,0.0,0.0,,0.0,0.01,1.22,8.75,34,174,6,Nott'm Forest,True,3,0.18,0.0,0.0,0.0,NFO(H) · BHA(A) · NEW(H) · TOT(A),0.0,0.0
421,Heaven,Ayden Heaven,Man Utd,DEF,4.3,a,https://resources.premierleague.com/premierleague/photos/players/40x40/p606745.png,1,1.0,0.0,0.3,90,1,,0.0,,0.12,0.04,1.01,2.0,316,1770,6,Spurs,True,2,0.24,1.21,0.0,3.62,TOT(H) · LEE(A) · BOU(H) · CHE(A),6.0,0.006
430,Mount,Mason Mount,Man Utd,MID,5.4,a,https://resources.premierleague.com/premierleague/photos/players/40x40/p184341.png,1,1.0,0.5,0.0,10,0,100.0,0.5,,0.81,0.09,0.0,9.0,217,227,6,Spurs,True,2,0.16,0.75,0.5,2.26,TOT(H) · LEE(A) · BOU(H) · CHE(A),2.0,0.007
159,Caicedo,Moisés Caicedo Corozo,Chelsea,MID,5.3,d,https://resources.premierleague.com/premierleague/photos/players/40x40/p486672.png,1,1.0,0.0,1.0,13,0,50.0,0.0,,0.0,0.0,0.48,0.0,484,10937,6,Bournemouth,True,3,0.42,0.59,0.0,2.37,BOU(H) · EVE(A) · TOT(H) · MUN(H),2.0,0.001
435,Lacey,Shea Lacey,Man Utd,MID,4.9,a,https://resources.premierleague.com/premierleague/photos/players/40x40/Photo-Missing.png,1,1.0,0.0,0.1,10,0,,0.0,,0.0,0.0,0.0,9.0,429,421,6,Spurs,True,2,0.0,0.0,0.0,0.0,TOT(H) · LEE(A) · BOU(H) · CHE(A),0.0,0.0
662,Nicoll-Jazuli,Mahdi Nicoll-Jazuli,Chelsea,MID,4.5,a,https://resources.premierleague.com/premierleague/photos/players/40x40/Photo-Missing.png,1,1.0,1.0,0.0,3,0,,1.1,,0.0,0.0,12.9,60.0,391,91,6,Bournemouth,True,3,0.38,0.8,1.1,3.18,BOU(H) · EVE(A) · TOT(H) · MUN(H),2.0,0.0
208,Sarr,Ismaïla Sarr,Crystal Palace,MID,6.2,a,https://resources.premierleague.com/premierleague/photos/players/40x40/p232185.png,1,1.0,0.5,0.6,8,0,100.0,0.5,,0.0,0.11,0.68,0.0,3433,2797,6,Nott'm Forest,True,3,0.32,1.5,0.5,5.49,NFO(H) · BHA(A) · NEW(H) · TOT(A),7.0,0.028
599,Cherif,Sidiki Cherif,Coventry City,FWD,5.0,a,https://resources.premierleague.com/premierleague/photos/players/40x40/Photo-Missing.png,1,1.0,0.5,0.1,30,0,,0.5,,0.0,0.0,4.29,3.0,672,921,6,Newcastle,True,3,0.38,0.75,0.5,3.25,NEW(H) · TOT(A) · FUL(H) · SUN(H),2.0,0.0
153,Disasi,Axel Disasi,Crystal Palace,DEF,4.5,s,https://resources.premierleague.com/premierleague/photos/players/40x40/p220362.png,1,0.3,-1.5,0.1,139,2,0.0,0.0,,0.0,0.03,2.41,12.95,38,970,6,Nott'm Forest,True,3,0.57,0.0,0.0,0.0,NFO(H) · BHA(A) · NEW(H) · TOT(A),0.0,0.0
185,Sakamoto,Tatsuhiro Sakamoto,Coventry City,MID,4.8,a,https://resources.premierleague.com/premierleague/photos/players/40x40/Photo-Missing.png,1,1.0,0.0,0.1,31,0,,0.0,,0.06,0.06,2.0,11.61,138,478,6,Newcastle,True,3,0.38,1.15,0.0,4.97,NEW(H) · TOT(A) · FUL(H) · SUN(H),3.0,0.0
395,Lewis,Rico Lewis,Man City,DEF,4.4,a,https://resources.premierleague.com/premierleague/photos/players/40x40/p477064.png,1,1.0,0.0,0.2,56,1,,0.0,,0.27,0.03,0.88,3.21,391,1420,6,Liverpool,False,4,0.15,0.44,0.0,2.65,LIV(A) · IPS(H) · AVL(A) · BHA(H),2.0,0.002
396,Vitor Reis,Vitor de Oliveira Nunes dos Reis,Man City,DEF,4.5,a,https://resources.premierleague.com/premierleague/photos/players/40x40/Photo-Missing.png,1,1.0,0.0,0.0,1,0,,0.0,,0.0,0.0,0.0,0.0,86,176,6,Liverpool,False,4,0.38,1.59,0.0,9.52,LIV(A) · IPS(H) · AVL(A) · BHA(H),6.0,0.0
400,Doku,Jérémy Doku,Man City,MID,7.4,a,https://resources.premierleague.com/premierleague/photos/players/40x40/p248875.png,1,1.0,0.5,0.7,15,0,100.0,0.5,,1.38,1.92,2.52,12.0,6192,2615,6,Liverpool,False,4,0.25,0.71,0.5,4.23,LIV(A) · IPS(H) · AVL(A) · BHA(H),3.0,0.007
243,Alcaraz,Carlos Alcaraz Durán,Everton,MID,4.9,a,https://resources.premierleague.com/premierleague/photos/players/40x40/p502697.png,1,0.5,0.0,0.1,5,0,,0.0,,0.9,0.36,0.72,54.0,190,491,6,Hull City,False,2,0.08,0.35,0.0,0.88,HUL(A) · CHE(H) · ARS(A) · NEW(A),0.0,0.003
638,Norton-Cuffy,Brooke Norton-Cuffy,Hull City,DEF,4.0,d,https://resources.premierleague.com/premierleague/photos/players/40x40/Photo-Missing.png,1,0.5,0.0,0.2,34,0,75.0,0.0,,0.13,0.0,0.79,2.65,473,2966,6,Everton,True,3,0.38,1.37,0.0,5.92,EVE(H) · FUL(A) · BRE(H) · IPS(H),6.0,0.017
594,David,Promise David,Brighton,FWD,5.9,a,https://resources.premierleague.com/premierleague/photos/players/40x40/Photo-Missing.png,1,0.5,0.0,0.2,23,0,,0.0,,1.64,0.0,0.55,0.0,3723,2587,6,Sunderland,False,3,0.38,0.81,0.0,2.7,SUN(A) · CRY(H) · LIV(A) · MCI(A),2.0,0.0
179,Latibeaudiere,Joel Latibeaudiere,Coventry City,DEF,4.0,a,https://resources.premierleague.com/premierleague/photos/players/40x40/p204813.png,1,1.0,0.5,0.0,1,0,,0.5,,0.0,0.0,1.8,180.0,89,177,6,Newcastle,True,3,0.38,2.42,0.5,10.49,NEW(H) · TOT(A) · FUL(H) · SUN(H),6.0,0.0
120,Svoboda,Michael Svoboda,Brighton,DEF,5.0,a,https://resources.premierleague.com/premierleague/photos/players/40x40/Photo-Missing.png,1,1.0,0.5,0.1,4,0,,0.5,,0.0,0.0,3.15,22.5,1437,530,6,Sunderland,False,3,0.38,2.38,0.5,7.92,SUN(A) · CRY(H) · LIV(A) · MCI(A),6.0,0.0
135,Yohanna,Zadok Yohanna,Brighton,MID,4.8,i,https://resources.premierleague.com/premierleague/photos/players/40x40/Photo-Missing.png,1,1.0,0.0,0.0,12,0,0.0,0.0,,0.0,0.22,0.0,0.0,28,474,6,Sunderland,False,3,0.38,0.0,0.0,0.0,SUN(A) · CRY(H) · LIV(A) · MCI(A),0.0,0.0
340,Gelhardt,Joe Gelhardt,Hull City,MID,5.0,a,https://resources.premierleague.com/premierleague/photos/players/40x40/p462635.png,1,1.0,0.5,0.0,7,0,100.0,0.5,,1.29,0.26,1.67,12.86,111,132,6,Everton,True,3,0.38,1.18,0.5,5.1,EVE(H) · FUL(A) · BRE(H) · IPS(H),3.0,0.0
556,Targett,Matt Targett,Hull City,DEF,4.0,d,https://resources.premierleague.com/premierleague/photos/players/40x40/p169359.png,1,1.0,0.0,1.6,5,0,75.0,0.0,,0.0,0.0,1.26,0.0,136,12489,6,Everton,True,3,0.38,1.77,0.0,7.68,EVE(H) · FUL(A) · BRE(H) · IPS(H),6.0,0.0
563,Morita,Hidemasa Morita,Hull City,MID,4.9,i,https://resources.premierleague.com/premierleague/photos/players/40x40/Photo-Missing.png,1,1.0,0.0,0.0,45,1,0.0,0.0,,0.0,0.0,2.18,6.0,25,219,6,Everton,True,3,0.48,0.0,0.0,0.0,EVE(H) · FUL(A) · BRE(H) · IPS(H),0.0,0.0
574,Hjertø-Dahl,Jens Hjertø-Dahl,Hull City,MID,4.9,a,https://resources.premierleague.com/premierleague/photos/players/40x40/Photo-Missing.png,1,1.0,0.0,0.1,8,0,,0.0,,0.0,0.0,0.0,11.25,83,386,6,Everton,True,3,0.38,1.16,0.0,5.03,EVE(H) · FUL(A) · BRE(H) · IPS(H),3.0,0.0
641,Bard,Melvin Bard,Leeds,DEF,4.5,a,https://resources.premierleague.com/premierleague/photos/players/40x40/Photo-Missing.png,1,1.0,0.5,0.0,18,0,,0.5,,0.0,0.0,1.5,10.0,116,94,6,Arsenal,False,5,0.38,0.41,0.5,3.68,ARS(A) · MUN(H) · SUN(A) · BOU(A),2.0,0.0
648,Bahoya,Jean-Mattéo Bahoya,Leeds,MID,5.0,d,https://resources.premierleague.com/premierleague/photos/players/40x40/Photo-Missing.png,1,1.0,0.5,0.0,1,0,75.0,0.4,,0.0,0.0,0.0,0.0,128,214,6,Arsenal,False,5,0.38,0.29,0.4,2.6,ARS(A) · MUN(H) · SUN(A) · BOU(A),2.0,0.0
482,Hudson-Odoi,Callum Hudson-Odoi,Nott'm Forest,MID,5.8,a,https://resources.premierleague.com/premierleague/photos/players/40x40/p209046.png,1,1.0,0.0,0.1,1,0,100.0,0.0,,0.0,0.0,0.0,0.0,365,1369,6,Crystal Palace,False,3,0.28,0.96,0.0,3.82,CRY(A) · ARS(H) · IPS(A) · BRE(A),3.0,0.007
493,Kalimuendo,Arnaud Kalimuendo,Nott'm Forest,FWD,5.4,a,https://resources.premierleague.com/premierleague/photos/players/40x40/Photo-Missing.png,1,1.0,0.0,0.1,1,0,,0.0,,0.0,0.0,0.0,0.0,275,485,6,Crystal Palace,False,3,0.0,0.0,0.0,0.0,CRY(A) · ARS(H) · IPS(A) · BRE(A),0.0,0.0
487,Dominguez,Nicolás Domínguez,Nott'm Forest,MID,4.9,a,https://resources.premierleague.com/premierleague/photos/players/40x40/p250199.png,1,1.0,0.0,0.1,1,0,,0.0,,0.0,0.0,0.0,0.0,72,352,6,Crystal Palace,False,3,0.22,0.67,0.0,2.67,CRY(A) · ARS(H) · IPS(A) · BRE(A),2.0,0.003
89,Henry,Rico Henry,Brentford,DEF,4.4,a,https://resources.premierleague.com/premierleague/photos/players/40x40/p194010.png,1,1.0,0.0,0.2,2,0,,0.0,,0.0,0.0,0.0,0.0,190,730,6,Aston Villa,False,3,0.18,0.61,0.0,2.43,AVL(A) · LIV(H) · HUL(A) · NFO(H),2.0,0.0
308,Furlong,Darnell Furlong,Ipswich Town,DEF,3.9,a,https://resources.premierleague.com/premierleague/photos/players/40x40/p176420.png,1,1.0,0.0,0.6,17,0,,0.0,,0.0,0.0,4.55,15.88,7470,3737,6,Fulham,True,2,0.38,3.06,0.0,9.18,FUL(H) · MCI(A) · NFO(H) · HUL(A),6.0,0.0
321,Walle Egeli,Sindre Walle Egeli,Ipswich Town,FWD,4.5,a,https://resources.premierleague.com/premierleague/photos/players/40x40/Photo-Missing.png,1,1.0,0.0,3.5,10,0,,0.0,,0.0,0.0,0.27,0.0,24127,33581,6,Fulham,True,2,0.38,1.0,0.0,3.0,FUL(H) · MCI(A) · NFO(H) · HUL(A),2.0,0.0
547,Mundle,Romaine Mundle,Sunderland,MID,4.9,i,https://resources.premierleague.com/premierleague/photos/players/40x40/p461199.png,1,1.0,0.0,0.0,1,0,0.0,0.0,,15.3,0.0,8.1,90.0,11,61,6,Brighton,True,3,0.03,0.0,0.0,0.0,BHA(H) · BOU(A) · LEE(H) · COV(A),0.0,0.0
535,Alderete,Omar Alderete,Sunderland,DEF,4.8,a,https://resources.premierleague.com/premierleague/photos/players/40x40/Photo-Missing.png,1,1.0,0.0,0.2,23,0,100.0,0.0,,0.0,0.04,0.39,0.0,306,1346,6,Brighton,True,3,0.42,1.52,0.0,6.61,BHA(H) · BOU(A) · LEE(H) · COV(A),6.0,0.006
22,Nwaneri,Ethan Nwaneri,Arsenal,MID,5.4,u,https://resources.premierleague.com/premierleague/photos/players/40x40/p499175.png,0,0.0,0.0,0.0,0,0,0.0,0.0,,0.0,0.0,0.0,0.0,0,58,6,Leeds,True,3,0.0,0.0,0.0,0.0,LEE(H) · NFO(A) · EVE(H) · LIV(A),0.0,0.0
23,Fábio Vieira,Fábio Ferreira Vieira,Arsenal,MID,5.5,u,https://resources.premierleague.com/premierleague/photos/players/40x40/p438098.png,0,0.0,0.0,0.0,0,0,0.0,0.0,,0.0,0.0,0.0,0.0,0,44,6,Leeds,True,3,0.38,0.0,0.0,0.0,LEE(H) · NFO(A) · EVE(H) · LIV(A),0.0,0.0
24,Nelson,Reiss Nelson,Arsenal,MID,5.5,u,https://resources.premierleague.com/premierleague/photos/players/40x40/p200641.png,0,0.0,0.0,0.0,0,0,0.0,0.0,,0.0,0.0,0.0,0.0,0,27,6,Leeds,True,3,0.0,0.0,0.0,0.0,LEE(H) · NFO(A) · EVE(H) · LIV(A),0.0,0.0
27,G.Jesus,Gabriel Fernando de Jesus,Arsenal,FWD,5.9,u,https://resources.premierleague.com/premierleague/photos/players/40x40/p205651.png,0,0.0,0.0,0.1,0,0,0.0,0.0,,0.0,0.0,0.0,0.0,0,1155,6,Leeds,True,3,0.04,0.0,0.0,0.0,LEE(H) · NFO(A) · EVE(H) · LIV(A),0.0,0.0
30,Digne,Lucas Digne,Aston Villa,DEF,4.5,u,https://resources.premierleague.com/premierleague/photos/players/40x40/p101188.png,0,0.0,0.0,0.0,0,0,0.0,0.0,,0.0,0.0,0.0,0.0,0,269,6,Brentford,True,3,0.28,0.0,0.0,0.0,BRE(H) · NEW(A) · MCI(H) · FUL(H),0.0,0.0
38,A.García,Andrés García,Aston Villa,DEF,4.0,a,https://resources.premierleague.com/premierleague/photos/players/40x40/p606798.png,0,0.0,0.0,1.5,0,0,,0.0,,0.0,0.0,0.0,0.0,2151,7379,6,Brentford,True,3,0.01,0.03,0.0,0.13,BRE(H) · NEW(A) · MCI(H) · FUL(H),0.0,0.0
39,Nedeljkovic,Kosta Nedeljkovic,Aston Villa,DEF,4.0,u,https://resources.premierleague.com/premierleague/photos/players/40x40/p578545.png,0,0.0,0.0,0.1,0,0,0.0,0.0,,0.0,0.0,0.0,0.0,0,686,6,Brentford,True,3,0.38,0.0,0.0,0.0,BRE(H) · NEW(A) · MCI(H) · FUL(H),0.0,0.0
44,Bailey,Leon Bailey,Aston Villa,MID,5.4,u,https://resources.premierleague.com/premierleague/photos/players/40x40/p215711.png,0,0.0,0.0,0.1,0,0,0.0,0.0,,0.0,0.0,0.0,0.0,0,577,6,Brentford,True,3,0.04,0.0,0.0,0.0,BRE(H) · NEW(A) · MCI(H) · FUL(H),0.0,0.0
48,Onana,Amadou Onana,Aston Villa,MID,4.9,i,https://resources.premierleague.com/premierleague/photos/players/40x40/p449871.png,0,0.0,0.0,0.0,0,0,0.0,0.0,,0.0,0.0,0.0,0.0,62,117,6,Brentford,True,3,0.28,0.0,0.0,0.0,BRE(H) · NEW(A) · MCI(H) · FUL(H),0.0,0.0
49,Iling Jr,Samuel Iling-Junior,Aston Villa,MID,5.0,u,https://resources.premierleague.com/premierleague/photos/players/40x40/p469247.png,0,0.0,0.0,0.0,0,0,0.0,0.0,,0.0,0.0,0.0,0.0,0,12,6,Brentford,True,3,0.38,0.0,0.0,0.0,BRE(H) · NEW(A) · MCI(H) · FUL(H),0.0,0.0
50,Burrowes,Bradley Burrowes,Aston Villa,MID,4.5,a,https://resources.premierleague.com/premierleague/photos/players/40x40/Photo-Missing.png,0,0.0,0.0,0.6,0,0,,0.0,,0.0,0.0,0.0,0.0,720,4002,6,Brentford,True,3,0.0,0.0,0.0,0.0,BRE(H) · NEW(A) · MCI(H) · FUL(H),0.0,0.0
521,Kulusevski,Dejan Kulusevski,Spurs,MID,6.5,i,https://resources.premierleague.com/premierleague/photos/players/40x40/p445044.png,0,0.0,0.0,0.0,0,0,0.0,0.0,,0.0,0.0,0.0,0.0,130,93,6,Man Utd,False,4,0.38,0.0,0.0,0.0,MUN(A) · COV(H) · CHE(A) · CRY(H),0.0,0.0
524,Olusesi,Callum Olusesi,Spurs,MID,4.4,a,https://resources.premierleague.com/premierleague/photos/players/40x40/p499726.png,0,0.0,0.0,1.0,0,0,,0.0,,0.0,0.0,0.0,0.0,6405,8654,6,Man Utd,False,4,0.0,0.0,0.0,0.0,MUN(A) · COV(H) · CHE(A) · CRY(H),0.0,0.0
528,Scarlett,Dane Scarlett,Spurs,FWD,4.5,u,https://resources.premierleague.com/premierleague/photos/players/40x40/p490145.png,0,0.0,0.0,1.1,0,0,0.0,0.0,,0.0,0.0,0.0,0.0,0,9607,6,Man Utd,False,4,0.0,0.0,0.0,0.0,MUN(A) · COV(H) · CHE(A) · CRY(H),0.0,0.0
601,Williams-Barnett,Luca Williams-Barnett,Spurs,MID,4.5,a,https://resources.premierleague.com/premierleague/photos/players/40x40/Photo-Missing.png,0,0.0,0.0,0.1,0,0,,0.0,,0.0,0.0,0.0,0.0,196,843,6,Man Utd,False,4,0.38,0.77,0.0,4.63,MUN(A) · COV(H) · CHE(A) · CRY(H),3.0,0.0
530,Patterson,Anthony Patterson,Sunderland,GKP,4.0,u,https://resources.premierleague.com/premierleague/photos/players/40x40/Photo-Missing.png,0,0.0,0.0,0.1,0,0,0.0,0.0,,0.0,0.0,0.0,0.0,0,431,6,Brighton,True,3,0.38,0.0,0.0,0.0,BHA(H) · BOU(A) · LEE(H) · COV(A),0.0,0.0
531,Ellborg,Melker Ellborg,Sunderland,GKP,4.4,a,https://resources.premierleague.com/premierleague/photos/players/40x40/Photo-Missing.png,0,0.0,0.0,0.1,0,0,,0.0,,0.0,0.0,0.0,0.0,172,315,6,Brighton,True,3,0.04,0.12,0.0,0.52,BHA(H) · BOU(A) · LEE(H) · COV(A),0.0,0.0
537,Seelt,Jenson Seelt,Sunderland,DEF,4.5,u,https://resources.premierleague.com/premierleague/photos/players/40x40/Photo-Missing.png,0,0.0,0.0,0.0,0,0,0.0,0.0,,0.0,0.0,0.0,0.0,0,28,6,Brighton,True,3,0.01,0.0,0.0,0.0,BHA(H) · BOU(A) · LEE(H) · COV(A),0.0,0.0
538,Hjelde,Leo Fuhr Hjelde,Sunderland,DEF,4.0,u,https://resources.premierleague.com/premierleague/photos/players/40x40/p477547.png,0,0.0,0.0,0.0,0,0,0.0,0.0,,0.0,0.0,0.0,0.0,0,194,6,Brighton,True,3,0.38,0.0,0.0,0.0,BHA(H) · BOU(A) · LEE(H) · COV(A),0.0,0.0
540,Masuaku,Arthur Masuaku,Sunderland,DEF,4.0,u,https://resources.premierleague.com/premierleague/photos/players/40x40/p105717.png,0,0.0,0.0,0.1,0,0,0.0,0.0,,0.0,0.0,0.0,0.0,0,756,6,Brighton,True,3,0.03,0.0,0.0,0.0,BHA(H) · BOU(A) · LEE(H) · COV(A),0.0,0.0
546,Adingra,Simon Adingra,Sunderland,MID,4.9,u,https://resources.premierleague.com/premierleague/photos/players/40x40/p535818.png,0,0.0,0.0,0.0,0,0,0.0,0.0,,0.0,0.0,0.0,0.0,0,232,6,Brighton,True,3,0.12,0.0,0.0,0.0,BHA(H) · BOU(A) · LEE(H) · COV(A),0.0,0.0
307,Johnson,Ben Johnson,Ipswich Town,DEF,4.0,u,https://resources.premierleague.com/premierleague/photos/players/40x40/p222018.png,0,0.0,0.0,0.1,0,0,0.0,0.0,,0.0,0.0,0.0,0.0,0,462,6,Fulham,True,2,0.38,0.0,0.0,0.0,FUL(H) · MCI(A) · NFO(H) · HUL(A),0.0,0.0
310,Matusiwa,Azor Matusiwa,Ipswich Town,MID,4.9,a,https://resources.premierleague.com/premierleague/photos/players/40x40/Photo-Missing.png,0,0.0,0.0,0.0,0,0,100.0,0.0,,0.0,0.0,0.0,0.0,19,22,6,Fulham,True,2,0.38,1.54,0.0,4.63,FUL(H) · MCI(A) · NFO(H) · HUL(A),3.0,0.0
311,Burns,Wes Burns,Ipswich Town,MID,5.0,u,https://resources.premierleague.com/premierleague/photos/players/40x40/p149929.png,0,0.0,0.0,0.0,0,0,0.0,0.0,,0.0,0.0,0.0,0.0,0,9,6,Fulham,True,2,0.38,0.0,0.0,0.0,FUL(H) · MCI(A) · NFO(H) · HUL(A),0.0,0.0
312,Taylor,Jack Taylor,Ipswich Town,MID,4.4,i,https://resources.premierleague.com/premierleague/photos/players/40x40/p231899.png,0,0.0,0.0,0.0,0,0,0.0,0.0,,0.0,0.0,0.0,0.0,419,349,6,Fulham,True,2,0.38,0.0,0.0,0.0,FUL(H) · MCI(A) · NFO(H) · HUL(A),0.0,0.0
314,Ogbene,Chiedozie Ogbene,Ipswich Town,MID,4.9,u,https://resources.premierleague.com/premierleague/photos/players/40x40/p229164.png,0,0.0,0.0,0.0,0,0,0.0,0.0,,0.0,0.0,0.0,0.0,0,77,6,Fulham,True,2,0.38,0.0,0.0,0.0,FUL(H) · MCI(A) · NFO(H) · HUL(A),0.0,0.0
317,Hirst,George Hirst,Ipswich Town,FWD,5.0,u,https://resources.premierleague.com/premierleague/photos/players/40x40/p222625.png,0,0.0,0.0,0.1,0,0,0.0,0.0,,0.0,0.0,0.0,0.0,0,602,6,Fulham,True,2,0.38,0.0,0.0,0.0,FUL(H) · MCI(A) · NFO(H) · HUL(A),0.0,0.0
319,Szmodics,Sam Szmodics,Ipswich Town,MID,5.0,u,https://resources.premierleague.com/premierleague/photos/players/40x40/p172453.png,0,0.0,0.0,0.0,0,0,0.0,0.0,,0.0,0.0,0.0,0.0,0,19,6,Fulham,True,2,0.38,0.0,0.0,0.0,FUL(H) · MCI(A) · NFO(H) · HUL(A),0.0,0.0
322,Al-Hamadi,Ali Al-Hamadi,Ipswich Town,FWD,5.0,u,https://resources.premierleague.com/premierleague/photos/players/40x40/p462387.png,0,0.0,0.0,0.0,0,0,0.0,0.0,,0.0,0.0,0.0,0.0,0,464,6,Fulham,True,2,0.38,0.0,0.0,0.0,FUL(H) · MCI(A) · NFO(H) · HUL(A),0.0,0.0
324,Mehmeti,Anis Mehmeti,Ipswich Town,MID,4.8,a,https://resources.premierleague.com/premierleague/photos/players/40x40/Photo-Missing.png,0,0.0,0.0,0.0,0,0,,0.0,,0.0,0.0,0.0,0.0,86,180,6,Fulham,True,2,0.38,1.54,0.0,4.63,FUL(H) · MCI(A) · NFO(H) · HUL(A),3.0,0.0
554,Van Oevelen,Kayne van Oevelen,Ipswich Town,GKP,4.5,u,https://resources.premierleague.com/premierleague/photos/players/40x40/Photo-Missing.png,0,0.0,0.0,0.0,0,0,0.0,0.0,,0.0,0.0,0.0,0.0,0,107,6,Fulham,True,2,0.38,0.0,0.0,0.0,FUL(H) · MCI(A) · NFO(H) · HUL(A),0.0,0.0
602,Humphreys,Cameron Humphreys,Ipswich Town,MID,4.5,u,https://resources.premierleague.com/premierleague/photos/players/40x40/p524180.png,0,0.0,0.0,0.0,0,0,0.0,0.0,,0.0,0.0,0.0,0.0,0,266,6,Fulham,True,2,0.38,0.0,0.0,0.0,FUL(H) · MCI(A) · NFO(H) · HUL(A),0.0,0.0
326,Perri,Lucas Estella Perri,Leeds,GKP,4.5,u,https://resources.premierleague.com/premierleague/photos/players/40x40/p201595.png,0,0.0,0.0,0.3,0,0,0.0,0.0,,0.0,0.0,0.0,0.0,0,1613,6,Arsenal,False,5,0.21,0.0,0.0,0.0,ARS(A) · MUN(H) · SUN(A) · BOU(A),0.0,0.0
333,Bornauw,Sebastiaan Bornauw,Leeds,DEF,4.5,u,https://resources.premierleague.com/premierleague/photos/players/40x40/Photo-Missing.png,0,0.0,0.0,0.0,0,0,0.0,0.0,,0.0,0.0,0.0,0.0,0,6,6,Arsenal,False,5,0.07,0.0,0.0,0.0,ARS(A) · MUN(H) · SUN(A) · BOU(A),0.0,0.0
341,Gnonto,Wilfried Gnonto,Leeds,MID,5.0,u,https://resources.premierleague.com/premierleague/photos/players/40x40/p492859.png,0,0.0,0.0,0.0,0,0,0.0,0.0,,0.0,0.0,0.0,0.0,0,69,6,Arsenal,False,5,0.05,0.0,0.0,0.0,ARS(A) · MUN(H) · SUN(A) · BOU(A),0.0,0.0
342,Harrison,Jack Harrison,Leeds,MID,5.0,u,https://resources.premierleague.com/premierleague/photos/players/40x40/p221399.png,0,0.0,0.0,0.0,0,0,0.0,0.0,,0.0,0.0,0.0,0.0,0,5,6,Arsenal,False,5,0.01,0.0,0.0,0.0,ARS(A) · MUN(H) · SUN(A) · BOU(A),0.0,0.0
344,Gruev,Ilia Gruev,Leeds,MID,5.0,a,https://resources.premierleague.com/premierleague/photos/players/40x40/Photo-Missing.png,0,0.0,0.0,0.0,0,0,100.0,0.0,,0.0,0.0,0.0,0.0,54,23,6,Arsenal,False,5,0.2,0.17,0.0,1.54,ARS(A) · MUN(H) · SUN(A) · BOU(A),2.0,0.0
348,Piroe,Joël Piroe,Leeds,FWD,5.0,u,https://resources.premierleague.com/premierleague/photos/players/40x40/Photo-Missing.png,0,0.0,0.0,0.1,0,0,0.0,0.0,,0.0,0.0,0.0,0.0,0,508,6,Arsenal,False,5,0.03,0.0,0.0,0.0,ARS(A) · MUN(H) · SUN(A) · BOU(A),0.0,0.0
349,Mateo Joseph,Mateo Joseph Fernández-Regatillo,Leeds,FWD,4.5,i,https://resources.premierleague.com/premierleague/photos/players/40x40/p565297.png,0,0.0,0.0,0.1,0,0,0.0,0.0,,0.0,0.0,0.0,0.0,403,587,6,Arsenal,False,5,0.38,0.0,0.0,0.0,ARS(A) · MUN(H) · SUN(A) · BOU(A),0.0,0.0
603,Lienou,Jayden Lienou,Leeds,DEF,4.0,a,https://resources.premierleague.com/premierleague/photos/players/40x40/Photo-Missing.png,0,0.0,0.0,0.1,0,0,,0.0,,0.0,0.0,0.0,0.0,278,588,6,Arsenal,False,5,0.38,0.79,0.0,7.14,ARS(A) · MUN(H) · SUN(A) · BOU(A),6.0,0.0
604,Cresswell,Alfie Cresswell,Leeds,MID,4.5,a,https://resources.premierleague.com/premierleague/photos/players/40x40/Photo-Missing.png,0,0.0,0.0,0.1,0,0,,0.0,,0.0,0.0,0.0,0.0,376,1009,6,Arsenal,False,5,0.38,0.39,0.0,3.47,ARS(A) · MUN(H) · SUN(A) · BOU(A),3.0,0.0
625,Cairns,Alex Cairns,Leeds,GKP,4.0,a,https://resources.premierleague.com/premierleague/photos/players/40x40/Photo-Missing.png,0,0.0,0.0,0.2,0,0,,0.0,,0.0,0.0,0.0,0.0,1020,900,6,Arsenal,False,5,0.38,0.75,0.0,6.75,ARS(A) · MUN(H) · SUN(A) · BOU(A),6.0,0.0
629,Zetterer,Michael Zetterer,Leeds,GKP,4.0,a,https://resources.premierleague.com/premierleague/photos/players/40x40/Photo-Missing.png,0,0.0,0.0,0.7,0,0,,0.0,,0.0,0.0,0.0,0.0,3742,3164,6,Arsenal,False,5,0.38,0.75,0.0,6.75,ARS(A) · MUN(H) · SUN(A) · BOU(A),6.0,0.0
351,Mamardashvili,Giorgi Mamardashvili,Liverpool,GKP,4.8,a,https://resources.premierleague.com/premierleague/photos/players/40x40/Photo-Missing.png,0,0.0,0.0,0.1,0,0,,0.0,,0.0,0.0,0.0,0.0,303,715,6,Man City,True,4,0.13,0.26,0.0,1.32,MCI(H) · BRE(A) · BHA(H) · ARS(H),2.0,0.0
352,Woodman,Freddie Woodman,Liverpool,GKP,4.0,a,https://resources.premierleague.com/premierleague/photos/players/40x40/p155503.png,0,0.0,0.0,1.0,0,0,,0.0,,0.0,0.0,0.0,0.0,985,2877,6,Man City,True,4,0.03,0.04,0.0,0.22,MCI(H) · BRE(A) · BHA(H) · ARS(H),0.0,0.0
353,Pecsi,Armin Pecsi,Liverpool,GKP,4.0,u,https://resources.premierleague.com/premierleague/photos/players/40x40/Photo-Missing.png,0,0.0,0.0,0.0,0,0,0.0,0.0,,0.0,0.0,0.0,0.0,0,78,6,Man City,True,4,0.38,0.0,0.0,0.0,MCI(H) · BRE(A) · BHA(H) · ARS(H),0.0,0.0
354,Jaros,Vitezslav Jaros,Liverpool,GKP,4.0,i,https://resources.premierleague.com/premierleague/photos/players/40x40/p432987.png,0,0.0,0.0,0.0,0,0,0.0,0.0,,0.0,0.0,0.0,0.0,245,190,6,Man City,True,4,0.38,0.0,0.0,0.0,MCI(H) · BRE(A) · BHA(H) · ARS(H),0.0,0.0
291,Matazo,Eliot Matazo,Hull City,MID,4.5,i,https://resources.premierleague.com/premierleague/photos/players/40x40/Photo-Missing.png,0,0.0,0.0,0.0,0,0,0.0,0.0,,0.0,0.0,0.0,0.0,34,75,6,Everton,True,3,0.38,0.0,0.0,0.0,EVE(H) · FUL(A) · BRE(H) · IPS(H),0.0,0.0
292,Ömür,Abdülkadir Ömür,Hull City,MID,4.9,a,https://resources.premierleague.com/premierleague/photos/players/40x40/Photo-Missing.png,0,0.0,0.0,0.0,0,0,,0.0,,0.0,0.0,0.0,0.0,90,165,6,Everton,True,3,0.38,1.16,0.0,5.02,EVE(H) · FUL(A) · BRE(H) · IPS(H),3.0,0.0
293,Kamara,Abu Kamara,Hull City,MID,5.0,u,https://resources.premierleague.com/premierleague/photos/players/40x40/p490161.png,0,0.0,0.0,0.0,0,0,0.0,0.0,,0.0,0.0,0.0,0.0,0,15,6,Everton,True,3,0.38,0.0,0.0,0.0,EVE(H) · FUL(A) · BRE(H) · IPS(H),0.0,0.0
294,Zambrano,Óscar Zambrano,Hull City,MID,4.5,a,https://resources.premierleague.com/premierleague/photos/players/40x40/Photo-Missing.png,0,0.0,0.0,0.1,0,0,100.0,0.0,,0.0,0.0,0.0,0.0,171,577,6,Everton,True,3,0.38,1.16,0.0,5.02,EVE(H) · FUL(A) · BRE(H) · IPS(H),3.0,0.0
296,Akintola,David Akintola,Hull City,MID,5.0,u,https://resources.premierleague.com/premierleague/photos/players/40x40/Photo-Missing.png,0,0.0,0.0,0.0,0,0,0.0,0.0,,0.0,0.0,0.0,0.0,0,320,6,Everton,True,3,0.38,0.0,0.0,0.0,EVE(H) · FUL(A) · BRE(H) · IPS(H),0.0,0.0
297,Gyabi,Darko Gyabi,Hull City,MID,4.4,i,https://resources.premierleague.com/premierleague/photos/players/40x40/p470294.png,0,0.0,0.0,0.0,0,0,0.0,0.0,,0.0,0.0,0.0,0.0,75,168,6,Everton,True,3,0.38,0.0,0.0,0.0,EVE(H) · FUL(A) · BRE(H) · IPS(H),0.0,0.0
298,Destan,Enis Destan,Hull City,FWD,4.5,u,https://resources.premierleague.com/premierleague/photos/players/40x40/Photo-Missing.png,0,0.0,0.0,0.2,0,0,0.0,0.0,,0.0,0.0,0.0,0.0,0,1678,6,Everton,True,3,0.38,0.0,0.0,0.0,EVE(H) · FUL(A) · BRE(H) · IPS(H),0.0,0.0
299,Burstow,Mason Burstow,Hull City,FWD,4.5,u,https://resources.premierleague.com/premierleague/photos/players/40x40/p534392.png,0,0.0,0.0,0.0,0,0,0.0,0.0,,0.0,0.0,0.0,0.0,0,262,6,Everton,True,3,0.38,0.0,0.0,0.0,EVE(H) · FUL(A) · BRE(H) · IPS(H),0.0,0.0
632,Ansah,Ilyas Ansah,Hull City,FWD,5.0,i,https://resources.premierleague.com/premierleague/photos/players/40x40/Photo-Missing.png,0,0.0,0.0,0.0,0,0,0.0,0.0,,0.0,0.0,0.0,0.0,85,495,6,Everton,True,3,0.38,0.0,0.0,0.0,EVE(H) · FUL(A) · BRE(H) · IPS(H),0.0,0.0
645,Mouzakitis,Christos Mouzakitis,Hull City,MID,5.0,a,https://resources.premierleague.com/premierleague/photos/players/40x40/Photo-Missing.png,0,0.0,0.0,0.0,0,0,,0.0,,0.0,0.0,0.0,0.0,105,102,6,Everton,True,3,0.38,1.16,0.0,5.02,EVE(H) · FUL(A) · BRE(H) · IPS(H),3.0,0.0
301,Palmer,Alex Palmer,Ipswich Town,GKP,4.0,a,https://resources.premierleague.com/premierleague/photos/players/40x40/p112520.png,0,0.0,0.0,3.8,0,0,,0.0,,0.0,0.0,0.0,0.0,6131,15810,6,Fulham,True,2,0.38,3.0,0.0,9.0,FUL(H) · MCI(A) · NFO(H) · HUL(A),6.0,0.0
302,Button,David Button,Ipswich Town,GKP,4.0,a,https://resources.premierleague.com/premierleague/photos/players/40x40/p50093.png,0,0.0,0.0,0.6,0,0,,0.0,,0.0,0.0,0.0,0.0,2155,1728,6,Fulham,True,2,0.38,3.0,0.0,9.0,FUL(H) · MCI(A) · NFO(H) · HUL(A),6.0,0.0
303,Kipré,Cédric Kipré,Ipswich Town,DEF,3.9,a,https://resources.premierleague.com/premierleague/photos/players/40x40/p183015.png,0,0.0,0.0,0.9,0,0,,0.0,,0.0,0.0,0.0,0.0,5510,5331,6,Fulham,True,2,0.38,3.17,0.0,9.52,FUL(H) · MCI(A) · NFO(H) · HUL(A),6.0,0.0
355,Davies,Harvey Davies,Liverpool,GKP,4.0,a,https://resources.premierleague.com/premierleague/photos/players/40x40/Photo-Missing.png,0,0.0,0.0,0.2,0,0,,0.0,,0.0,0.0,0.0,0.0,363,538,6,Man City,True,4,0.38,1.5,0.0,7.5,MCI(H) · BRE(A) · BHA(H) · ARS(H),6.0,0.0
359,Gomez,Joe Gomez,Liverpool,DEF,4.9,a,https://resources.premierleague.com/premierleague/photos/players/40x40/p171287.png,0,0.0,0.0,0.0,0,0,100.0,0.0,,0.0,0.0,0.0,0.0,390,135,6,Man City,True,4,0.09,0.24,0.0,1.19,MCI(H) · BRE(A) · BHA(H) · ARS(H),0.0,0.001
360,Bradley,Conor Bradley,Liverpool,DEF,5.0,i,https://resources.premierleague.com/premierleague/photos/players/40x40/p492777.png,0,0.0,0.0,0.0,0,0,0.0,0.0,,0.0,0.0,0.0,0.0,73,99,6,Man City,True,4,0.16,0.0,0.0,0.0,MCI(H) · BRE(A) · BHA(H) · ARS(H),0.0,0.0
361,Lucky,Wellity Lucky,Liverpool,DEF,4.0,a,https://resources.premierleague.com/premierleague/photos/players/40x40/Photo-Missing.png,0,0.0,0.0,0.1,0,0,,0.0,,0.0,0.0,0.0,0.0,336,661,6,Man City,True,4,0.38,1.59,0.0,7.94,MCI(H) · BRE(A) · BHA(H) · ARS(H),6.0,0.0
363,Leoni,Giovanni Leoni,Liverpool,DEF,4.0,i,https://resources.premierleague.com/premierleague/photos/players/40x40/Photo-Missing.png,0,0.0,0.0,0.0,0,0,0.0,0.0,,0.0,0.0,0.0,0.0,80,224,6,Man City,True,4,0.38,0.0,0.0,0.0,MCI(H) · BRE(A) · BHA(H) · ARS(H),0.0,0.0
365,Ramsay,Calvin Ramsay,Liverpool,DEF,4.0,u,https://resources.premierleague.com/premierleague/photos/players/40x40/p489580.png,0,0.0,0.0,0.1,0,0,0.0,0.0,,0.0,0.0,0.0,0.0,0,584,6,Man City,True,4,0.38,0.0,0.0,0.0,MCI(H) · BRE(A) · BHA(H) · ARS(H),0.0,0.0
370,Chiesa,Federico Chiesa,Liverpool,MID,5.3,i,https://resources.premierleague.com/premierleague/photos/players/40x40/p223541.png,0,0.0,0.0,0.0,0,0,0.0,0.0,,0.0,0.0,0.0,0.0,20,284,6,Man City,True,4,0.01,0.0,0.0,0.0,MCI(H) · BRE(A) · BHA(H) · ARS(H),0.0,0.0
373,C.Jones,Curtis Jones,Liverpool,MID,5.5,u,https://resources.premierleague.com/premierleague/photos/players/40x40/p206915.png,0,0.0,0.0,0.0,0,0,0.0,0.0,,0.0,0.0,0.0,0.0,0,75,6,Man City,True,4,0.24,0.0,0.0,0.0,MCI(H) · BRE(A) · BHA(H) · ARS(H),0.0,0.0
374,Endo,Endo Wataru,Liverpool,MID,4.9,a,https://resources.premierleague.com/premierleague/photos/players/40x40/p158983.png,0,0.0,0.0,0.1,0,0,100.0,0.0,,0.0,0.0,0.0,0.0,180,489,6,Man City,True,4,0.01,0.02,0.0,0.1,MCI(H) · BRE(A) · BHA(H) · ARS(H),0.0,0.0
376,Bajcetic,Stefan Bajčetić Maquieira,Liverpool,MID,5.0,u,https://resources.premierleague.com/premierleague/photos/players/40x40/p535928.png,0,0.0,0.0,0.0,0,0,0.0,0.0,,0.0,0.0,0.0,0.0,0,4,6,Man City,True,4,0.38,0.0,0.0,0.0,MCI(H) · BRE(A) · BHA(H) · ARS(H),0.0,0.0
378,McConnell,James McConnell,Liverpool,MID,4.4,a,https://resources.premierleague.com/premierleague/photos/players/40x40/p491501.png,0,0.0,0.0,0.2,0,0,,0.0,,0.0,0.0,0.0,0.0,1151,1749,6,Man City,True,4,0.38,0.77,0.0,3.86,MCI(H) · BRE(A) · BHA(H) · ARS(H),3.0,0.0
380,Ekitiké,Hugo Ekitiké,Liverpool,FWD,7.4,i,https://resources.premierleague.com/premierleague/photos/players/40x40/Photo-Missing.png,0,0.0,0.0,0.1,0,0,0.0,0.0,,0.0,0.0,0.0,0.0,476,963,6,Man City,True,4,0.28,0.0,0.0,0.0,MCI(H) · BRE(A) · BHA(H) · ARS(H),0.0,0.0
382,Danns,Jayden Danns,Liverpool,FWD,4.5,a,https://resources.premierleague.com/premierleague/photos/players/40x40/Photo-Missing.png,0,0.0,0.0,0.2,0,0,100.0,0.0,,0.0,0.0,0.0,0.0,4212,2844,6,Man City,True,4,0.38,0.5,0.0,2.5,MCI(H) · BRE(A) · BHA(H) · ARS(H),2.0,0.0
383,Elliott,Harvey Elliott,Liverpool,MID,5.4,u,https://resources.premierleague.com/premierleague/photos/players/40x40/p444884.png,0,0.0,0.0,0.0,0,0,0.0,0.0,,0.0,0.0,0.0,0.0,0,264,6,Man City,True,4,0.01,0.0,0.0,0.0,MCI(H) · BRE(A) · BHA(H) · ARS(H),0.0,0.0
270,Reed,Harrison Reed,Fulham,MID,4.4,a,https://resources.premierleague.com/premierleague/photos/players/40x40/p153366.png,0,0.0,0.0,1.1,0,0,,0.0,,0.0,0.0,0.0,0.0,3295,8509,6,Ipswich Town,False,2,0.01,0.07,0.0,0.27,IPS(A) · HUL(H) · COV(A) · AVL(A),0.0,0.001
272,Kusi-Asare,Jonah Kusi-Asare,Fulham,FWD,4.5,a,https://resources.premierleague.com/premierleague/photos/players/40x40/Photo-Missing.png,0,0.0,0.0,5.3,0,0,,0.0,,0.0,0.0,0.0,0.0,13882,42183,6,Ipswich Town,False,2,0.0,0.0,0.0,0.0,IPS(A) · HUL(H) · COV(A) · AVL(A),0.0,0.0
610,De Fougerolles,Luc De Fougerolles,Fulham,DEF,4.0,u,https://resources.premierleague.com/premierleague/photos/players/40x40/Photo-Missing.png,0,0.0,0.0,0.1,0,0,0.0,0.0,,0.0,0.0,0.0,0.0,0,553,6,Ipswich Town,False,2,0.38,0.0,0.0,0.0,IPS(A) · HUL(H) · COV(A) · AVL(A),0.0,0.0
626,Zepa,Macaulay Zepa,Fulham,MID,4.4,a,https://resources.premierleague.com/premierleague/photos/players/40x40/Photo-Missing.png,0,0.0,0.0,0.3,0,0,,0.0,,0.0,0.0,0.0,0.0,1839,2729,6,Ipswich Town,False,2,0.38,1.54,0.0,5.79,IPS(A) · HUL(H) · COV(A) · AVL(A),3.0,0.0
636,Ángel,Manuel Ángel Morán Ibáñez,Fulham,MID,5.0,a,https://resources.premierleague.com/premierleague/photos/players/40x40/Photo-Missing.png,0,0.0,0.0,0.0,0,0,,0.0,,0.0,0.0,0.0,0.0,39,34,6,Ipswich Town,False,2,0.38,1.54,0.0,5.79,IPS(A) · HUL(H) · COV(A) · AVL(A),3.0,0.0
273,Phillips,Dillon Phillips,Hull City,GKP,4.0,a,https://resources.premierleague.com/premierleague/photos/players/40x40/Photo-Missing.png,0,0.0,0.0,1.4,0,0,,0.0,,0.0,0.0,0.0,0.0,3938,4784,6,Everton,True,3,0.38,2.25,0.0,9.75,EVE(H) · FUL(A) · BRE(H) · IPS(H),6.0,0.0
274,Butland,Jack Butland,Hull City,GKP,4.4,i,https://resources.premierleague.com/premierleague/photos/players/40x40/p105666.png,0,0.0,0.0,0.1,0,0,0.0,0.0,,0.0,0.0,0.0,0.0,79,384,6,Everton,True,3,0.38,0.0,0.0,0.0,EVE(H) · FUL(A) · BRE(H) · IPS(H),0.0,0.0
275,Cartwright,Harvey Cartwright,Hull City,GKP,4.0,u,https://resources.premierleague.com/premierleague/photos/players/40x40/Photo-Missing.png,0,0.0,0.0,0.0,0,0,0.0,0.0,,0.0,0.0,0.0,0.0,0,35,6,Everton,True,3,0.38,0.0,0.0,0.0,EVE(H) · FUL(A) · BRE(H) · IPS(H),0.0,0.0
276,Lo-Tutala,Thimothée Lo-Tutala,Hull City,GKP,4.0,u,https://resources.premierleague.com/premierleague/photos/players/40x40/p444307.png,0,0.0,0.0,0.0,0,0,0.0,0.0,,0.0,0.0,0.0,0.0,0,141,6,Everton,True,3,0.38,0.0,0.0,0.0,EVE(H) · FUL(A) · BRE(H) · IPS(H),0.0,0.0
278,Hughes,Charlie Hughes,Hull City,DEF,3.9,i,https://resources.premierleague.com/premierleague/photos/players/40x40/Photo-Missing.png,0,0.0,0.0,0.2,0,0,0.0,0.0,,0.0,0.0,0.0,0.0,1276,2269,6,Everton,True,3,0.38,0.0,0.0,0.0,EVE(H) · FUL(A) · BRE(H) · IPS(H),0.0,0.0
283,Jacob,Matty Jacob,Hull City,DEF,4.0,u,https://resources.premierleague.com/premierleague/photos/players/40x40/Photo-Missing.png,0,0.0,0.0,0.0,0,0,0.0,0.0,,0.0,0.0,0.0,0.0,0,41,6,Everton,True,3,0.38,0.0,0.0,0.0,EVE(H) · FUL(A) · BRE(H) · IPS(H),0.0,0.0
284,McCarthy,Cathal McCarthy,Hull City,DEF,4.0,a,https://resources.premierleague.com/premierleague/photos/players/40x40/Photo-Missing.png,0,0.0,0.0,0.1,0,0,,0.0,,0.0,0.0,0.0,0.0,477,544,6,Everton,True,3,0.38,2.38,0.0,10.32,EVE(H) · FUL(A) · BRE(H) · IPS(H),6.0,0.0
288,Dowell,Kieran Dowell,Hull City,MID,4.4,a,https://resources.premierleague.com/premierleague/photos/players/40x40/p171270.png,0,0.0,0.0,0.3,0,0,,0.0,,0.0,0.0,0.0,0.0,736,2470,6,Everton,True,3,0.38,1.16,0.0,5.02,EVE(H) · FUL(A) · BRE(H) · IPS(H),3.0,0.0
234,Patterson,Nathan Patterson,Everton,DEF,4.5,u,https://resources.premierleague.com/premierleague/photos/players/40x40/p243571.png,0,0.0,0.0,0.0,0,0,0.0,0.0,,0.0,0.0,0.0,0.0,0,156,6,Hull City,False,2,0.04,0.0,0.0,0.0,HUL(A) · CHE(H) · ARS(A) · NEW(A),0.0,0.0
235,Aznou,Adam Aznou,Everton,DEF,4.0,u,https://resources.premierleague.com/premierleague/photos/players/40x40/Photo-Missing.png,0,0.0,0.0,0.1,0,0,0.0,0.0,,0.0,0.0,0.0,0.0,0,715,6,Hull City,False,2,0.38,0.0,0.0,0.0,HUL(A) · CHE(H) · ARS(A) · NEW(A),0.0,0.0
654,Graham,Braiden Graham,Everton,MID,4.5,a,https://resources.premierleague.com/premierleague/photos/players/40x40/Photo-Missing.png,0,0.0,0.0,0.1,0,0,,0.0,,0.0,0.0,0.0,0.0,265,1126,6,Hull City,False,2,0.38,1.54,0.0,3.86,HUL(A) · CHE(H) · ARS(A) · NEW(A),3.0,0.0
251,Lecomte,Benjamin Lecomte,Fulham,GKP,4.0,a,https://resources.premierleague.com/premierleague/photos/players/40x40/Photo-Missing.png,0,0.0,0.0,1.1,0,0,,0.0,,0.0,0.0,0.0,0.0,3414,3377,6,Ipswich Town,False,2,0.38,3.0,0.0,11.25,IPS(A) · HUL(H) · COV(A) · AVL(A),6.0,0.0
252,McNally,Alfie McNally,Fulham,GKP,4.0,u,https://resources.premierleague.com/premierleague/photos/players/40x40/Photo-Missing.png,0,0.0,0.0,0.1,0,0,0.0,0.0,,0.0,0.0,0.0,0.0,0,752,6,Ipswich Town,False,2,0.38,0.0,0.0,0.0,IPS(A) · HUL(H) · COV(A) · AVL(A),0.0,0.0
256,Tete,Kenny Tete,Fulham,DEF,4.4,a,https://resources.premierleague.com/premierleague/photos/players/40x40/p167074.png,0,0.0,0.0,0.2,27,0,100.0,0.0,,0.0,0.0,2.17,10.0,100,1172,6,Ipswich Town,False,2,0.28,1.46,0.0,5.46,IPS(A) · HUL(H) · COV(A) · AVL(A),6.0,0.008
266,Cairney,Tom Cairney,Fulham,MID,4.9,i,https://resources.premierleague.com/premierleague/photos/players/40x40/p76357.png,0,0.0,0.0,0.0,0,0,0.0,0.0,,0.0,0.0,0.0,0.0,17,22,6,Ipswich Town,False,2,0.08,0.0,0.0,0.0,IPS(A) · HUL(H) · COV(A) · AVL(A),0.0,0.0
386,Bettinelli,Marcus Bettinelli,Man City,GKP,4.5,a,https://resources.premierleague.com/premierleague/photos/players/40x40/p122074.png,0,0.0,0.0,0.0,0,0,,0.0,,0.0,0.0,0.0,0.0,70,99,6,Liverpool,False,4,0.38,1.5,0.0,9.0,LIV(A) · IPS(H) · AVL(A) · BHA(H),6.0,0.0
392,Aït-Nouri,Rayan Aït-Nouri,Man City,DEF,5.2,a,https://resources.premierleague.com/premierleague/photos/players/40x40/p448514.png,0,0.0,0.0,0.4,0,0,,0.0,,0.0,0.0,0.0,0.0,625,2564,6,Liverpool,False,4,0.16,0.47,0.0,2.84,LIV(A) · IPS(H) · AVL(A) · BHA(H),2.0,0.002
394,Alleyne,Max Alleyne,Man City,DEF,5.0,u,https://resources.premierleague.com/premierleague/photos/players/40x40/Photo-Missing.png,0,0.0,0.0,0.0,0,0,0.0,0.0,,0.0,0.0,0.0,0.0,0,22,6,Liverpool,False,4,0.03,0.0,0.0,0.0,LIV(A) · IPS(H) · AVL(A) · BHA(H),0.0,0.0
402,Rodrigo,Rodrigo 'Rodri' Hernandez Cascante,Man City,MID,6.5,u,https://resources.premierleague.com/premierleague/photos/players/40x40/p220566.png,0,0.0,0.0,0.0,0,0,0.0,0.0,,0.0,0.0,0.0,0.0,0,29,6,Liverpool,False,4,0.22,0.0,0.0,0.0,LIV(A) · IPS(H) · AVL(A) · BHA(H),0.0,0.0
404,Reijnders,Tijjani Reijnders,Man City,MID,6.0,u,https://resources.premierleague.com/premierleague/photos/players/40x40/Photo-Missing.png,0,0.0,0.0,0.0,0,0,0.0,0.0,,0.0,0.0,0.0,0.0,0,112,6,Liverpool,False,4,0.25,0.0,0.0,0.0,LIV(A) · IPS(H) · AVL(A) · BHA(H),0.0,0.0
407,Echeverri,Claudio Echeverri,Man City,MID,4.9,u,https://resources.premierleague.com/premierleague/photos/players/40x40/Photo-Missing.png,0,0.0,0.0,0.0,0,0,0.0,0.0,,0.0,0.0,0.0,0.0,0,61,6,Liverpool,False,4,0.38,0.0,0.0,0.0,LIV(A) · IPS(H) · AVL(A) · BHA(H),0.0,0.0
408,Phillips,Kalvin Phillips,Man City,MID,5.0,u,https://resources.premierleague.com/premierleague/photos/players/40x40/p155405.png,0,0.0,0.0,0.0,0,0,0.0,0.0,,0.0,0.0,0.0,0.0,0,18,6,Liverpool,False,4,0.38,0.0,0.0,0.0,LIV(A) · IPS(H) · AVL(A) · BHA(H),0.0,0.0
409,Mukasa,Divine Mukasa,Man City,MID,4.5,u,https://resources.premierleague.com/premierleague/photos/players/40x40/Photo-Missing.png,0,0.0,0.0,0.1,0,0,0.0,0.0,,0.0,0.0,0.0,0.0,0,731,6,Liverpool,False,4,0.0,0.0,0.0,0.0,LIV(A) · IPS(H) · AVL(A) · BHA(H),0.0,0.0
410,Monga,Jeremy Monga,Man City,MID,4.9,u,https://resources.premierleague.com/premierleague/photos/players/40x40/p649208.png,0,0.0,0.0,0.0,0,0,0.0,0.0,,0.0,0.0,0.0,0.0,0,62,6,Liverpool,False,4,0.38,0.0,0.0,0.0,LIV(A) · IPS(H) · AVL(A) · BHA(H),0.0,0.0
587,Rulli,Gerónimo Rulli,Man City,GKP,5.0,a,https://resources.premierleague.com/premierleague/photos/players/40x40/Photo-Missing.png,0,0.0,0.0,0.0,0,0,,0.0,,0.0,0.0,0.0,0.0,88,117,6,Liverpool,False,4,0.38,1.5,0.0,9.0,LIV(A) · IPS(H) · AVL(A) · BHA(H),6.0,0.0
628,Allan,Allan Andrade Elias,Man City,MID,6.0,a,https://resources.premierleague.com/premierleague/photos/players/40x40/Photo-Missing.png,0,0.0,0.0,0.0,0,0,,0.0,,0.0,0.0,0.0,0.0,252,190,6,Liverpool,False,4,0.38,0.77,0.0,4.63,LIV(A) · IPS(H) · AVL(A) · BHA(H),3.0,0.0
653,Samba,Floyd Samba,Man City,MID,4.5,a,https://resources.premierleague.com/premierleague/photos/players/40x40/Photo-Missing.png,0,0.0,0.0,0.0,0,0,,0.0,,0.0,0.0,0.0,0.0,277,536,6,Liverpool,False,4,0.38,0.77,0.0,4.63,LIV(A) · IPS(H) · AVL(A) · BHA(H),3.0,0.0
215,Devenny,Justin Devenny,Crystal Palace,MID,5.0,u,https://resources.premierleague.com/premierleague/photos/players/40x40/p489706.png,0,0.0,0.0,0.0,0,0,0.0,0.0,,0.0,0.0,0.0,0.0,0,46,6,Nott'm Forest,True,3,0.09,0.0,0.0,0.0,NFO(H) · BHA(A) · NEW(H) · TOT(A),0.0,0.0
216,Esse,Romain Esse,Crystal Palace,MID,5.0,u,https://resources.premierleague.com/premierleague/photos/players/40x40/p606921.png,0,0.0,0.0,0.0,0,0,0.0,0.0,,0.0,0.0,0.0,0.0,0,151,6,Nott'm Forest,True,3,0.0,0.0,0.0,0.0,NFO(H) · BHA(A) · NEW(H) · TOT(A),0.0,0.0
217,M.França,Matheus França de Oliveira,Crystal Palace,MID,4.9,u,https://resources.premierleague.com/premierleague/photos/players/40x40/Photo-Missing.png,0,0.0,0.0,0.0,0,0,0.0,0.0,,0.0,0.0,0.0,0.0,0,196,6,Nott'm Forest,True,3,0.38,0.0,0.0,0.0,NFO(H) · BHA(A) · NEW(H) · TOT(A),0.0,0.0
218,Doucouré,Cheick Doucouré,Crystal Palace,MID,4.8,a,https://resources.premierleague.com/premierleague/photos/players/40x40/p438464.png,0,0.0,0.0,0.0,0,0,,0.0,,0.0,0.0,0.0,0.0,134,358,6,Nott'm Forest,True,3,0.38,1.16,0.0,4.25,NFO(H) · BHA(A) · NEW(H) · TOT(A),3.0,0.0
219,J.Rak-Sakyi,Jesurun Rak-Sakyi,Crystal Palace,MID,4.9,u,https://resources.premierleague.com/premierleague/photos/players/40x40/p450542.png,0,0.0,0.0,0.0,0,0,0.0,0.0,,0.0,0.0,0.0,0.0,0,34,6,Nott'm Forest,True,3,0.38,0.0,0.0,0.0,NFO(H) · BHA(A) · NEW(H) · TOT(A),0.0,0.0
220,Cardines,Rio Cardines,Crystal Palace,DEF,4.5,u,https://resources.premierleague.com/premierleague/photos/players/40x40/Photo-Missing.png,0,0.0,0.0,0.0,0,0,0.0,0.0,,0.0,0.0,0.0,0.0,0,3,6,Nott'm Forest,True,3,0.01,0.0,0.0,0.0,NFO(H) · BHA(A) · NEW(H) · TOT(A),0.0,0.0
221,Drakes-Thomas,Joél Drakes-Thomas,Crystal Palace,MID,4.4,a,https://resources.premierleague.com/premierleague/photos/players/40x40/Photo-Missing.png,0,0.0,0.0,0.1,0,0,,0.0,,0.0,0.0,0.0,0.0,193,521,6,Nott'm Forest,True,3,0.0,0.0,0.0,0.0,NFO(H) · BHA(A) · NEW(H) · TOT(A),0.0,0.0
225,Uche,Christantus Uche,Crystal Palace,FWD,5.0,u,https://resources.premierleague.com/premierleague/photos/players/40x40/Photo-Missing.png,0,0.0,0.0,0.0,0,0,0.0,0.0,,0.0,0.0,0.0,0.0,0,0,6,Nott'm Forest,True,3,0.0,0.0,0.0,0.0,NFO(H) · BHA(A) · NEW(H) · TOT(A),0.0,0.0
555,Matthews,Remi Matthews,Crystal Palace,GKP,4.0,a,https://resources.premierleague.com/premierleague/photos/players/40x40/p169593.png,0,0.0,0.0,1.7,0,0,,0.0,,0.0,0.0,0.0,0.0,1432,3634,6,Nott'm Forest,True,3,0.38,2.25,0.0,8.25,NFO(H) · BHA(A) · NEW(H) · TOT(A),6.0,0.0
21,Nørgaard,Christian Nørgaard,Everton,MID,4.8,i,https://resources.premierleague.com/premierleague/photos/players/40x40/p128295.png,0,0.0,0.0,0.0,0,0,0.0,0.0,,0.0,0.0,0.0,0.0,76,418,6,Hull City,False,2,0.01,0.0,0.0,0.0,HUL(A) · CHE(H) · ARS(A) · NEW(A),0.0,0.0
227,Travers,Mark Travers,Everton,GKP,5.0,a,https://resources.premierleague.com/premierleague/photos/players/40x40/p229600.png,0,0.0,0.0,0.0,0,0,,0.0,,0.0,0.0,0.0,0.0,308,318,6,Hull City,False,2,0.38,3.0,0.0,7.5,HUL(A) · CHE(H) · ARS(A) · NEW(A),6.0,0.0
228,King,Tom King,Everton,GKP,4.5,a,https://resources.premierleague.com/premierleague/photos/players/40x40/p138001.png,0,0.0,0.0,0.0,0,0,,0.0,,0.0,0.0,0.0,0.0,135,200,6,Hull City,False,2,0.38,3.0,0.0,7.5,HUL(A) · CHE(H) · ARS(A) · NEW(A),6.0,0.0
231,Keane,Michael Keane,Everton,DEF,4.8,a,https://resources.premierleague.com/premierleague/photos/players/40x40/p106611.png,0,0.0,0.0,0.7,0,0,,0.0,,0.0,0.0,0.0,0.0,574,4749,6,Hull City,False,2,0.38,1.9,0.0,4.75,HUL(A) · CHE(H) · ARS(A) · NEW(A),6.0,0.013
187,Eccles,Josh Eccles,Coventry City,MID,4.8,i,https://resources.premierleague.com/premierleague/photos/players/40x40/Photo-Missing.png,0,0.0,0.0,0.0,0,0,0.0,0.0,,0.0,0.0,0.0,0.0,37,118,6,Newcastle,True,3,0.38,0.0,0.0,0.0,NEW(H) · TOT(A) · FUL(H) · SUN(H),0.0,0.0
189,Shepherd,George Shepherd,Coventry City,MID,4.4,a,https://resources.premierleague.com/premierleague/photos/players/40x40/Photo-Missing.png,0,0.0,0.0,0.3,0,0,,0.0,,0.0,0.0,0.0,0.0,4618,3348,6,Newcastle,True,3,0.38,1.16,0.0,5.02,NEW(H) · TOT(A) · FUL(H) · SUN(H),3.0,0.0
191,Borges Rodrigues,Raphael Borges Rodrigues,Coventry City,MID,4.5,u,https://resources.premierleague.com/premierleague/photos/players/40x40/Photo-Missing.png,0,0.0,0.0,0.1,0,0,0.0,0.0,,0.0,0.0,0.0,0.0,0,885,6,Newcastle,True,3,0.38,0.0,0.0,0.0,NEW(H) · TOT(A) · FUL(H) · SUN(H),0.0,0.0
192,Andrews,Kai Andrews,Coventry City,MID,4.5,u,https://resources.premierleague.com/premierleague/photos/players/40x40/Photo-Missing.png,0,0.0,0.0,0.3,0,0,0.0,0.0,,0.0,0.0,0.0,0.0,0,2555,6,Newcastle,True,3,0.38,0.0,0.0,0.0,NEW(H) · TOT(A) · FUL(H) · SUN(H),0.0,0.0
193,Wright,Haji Wright,Coventry City,FWD,5.3,i,https://resources.premierleague.com/premierleague/photos/players/40x40/Photo-Missing.png,0,0.0,0.0,0.1,0,0,0.0,0.0,Penales,0.0,0.0,0.0,0.0,53,696,6,Newcastle,True,3,0.38,0.0,0.0,0.0,NEW(H) · TOT(A) · FUL(H) · SUN(H),0.0,0.0
196,Markelo,Jahnoah Markelo,Coventry City,FWD,5.0,u,https://resources.premierleague.com/premierleague/photos/players/40x40/Photo-Missing.png,0,0.0,0.0,0.0,0,0,0.0,0.0,,0.0,0.0,0.0,0.0,0,71,6,Newcastle,True,3,0.38,0.0,0.0,0.0,NEW(H) · TOT(A) · FUL(H) · SUN(H),0.0,0.0
197,Bassette,Norman Bassette,Coventry City,FWD,4.5,u,https://resources.premierleague.com/premierleague/photos/players/40x40/Photo-Missing.png,0,0.0,0.0,0.0,0,0,0.0,0.0,,0.0,0.0,0.0,0.0,0,172,6,Newcastle,True,3,0.38,0.0,0.0,0.0,NEW(H) · TOT(A) · FUL(H) · SUN(H),0.0,0.0
623,Bentley,Dan Bentley,Coventry City,GKP,4.0,a,https://resources.premierleague.com/premierleague/photos/players/40x40/p79602.png,0,0.0,0.0,0.7,0,0,,0.0,,0.0,0.0,0.0,0.0,13369,3079,6,Newcastle,True,3,0.38,2.25,0.0,9.75,NEW(H) · TOT(A) · FUL(H) · SUN(H),6.0,0.0
655,Gboho,Yann Gboho,Coventry City,MID,5.5,a,https://resources.premierleague.com/premierleague/photos/players/40x40/Photo-Missing.png,0,0.0,0.0,0.0,0,0,,0.0,,0.0,0.0,0.0,0.0,84,58,6,Newcastle,True,3,0.38,1.16,0.0,5.02,NEW(H) · TOT(A) · FUL(H) · SUN(H),3.0,0.0
205,Sosa,Borna Sosa,Crystal Palace,DEF,4.5,u,https://resources.premierleague.com/premierleague/photos/players/40x40/Photo-Missing.png,0,0.0,0.0,0.0,0,0,0.0,0.0,,0.0,0.0,0.0,0.0,0,131,6,Nott'm Forest,True,3,0.0,0.0,0.0,0.0,NFO(H) · BHA(A) · NEW(H) · TOT(A),0.0,0.0
131,Baleba,Carlos Baleba,Man Utd,MID,4.9,a,https://resources.premierleague.com/premierleague/photos/players/40x40/p535301.png,0,0.0,0.0,0.1,0,0,100.0,0.0,,0.0,0.0,0.0,0.0,2027,928,6,Spurs,True,2,0.3,1.1,0.0,3.31,TOT(H) · LEE(A) · BOU(H) · CHE(A),3.0,0.001
325,Darlow,Karl Darlow,Man Utd,GKP,4.5,d,https://resources.premierleague.com/premierleague/photos/players/40x40/p59735.png,0,0.0,0.0,0.0,0,0,75.0,0.0,,0.0,0.0,0.0,0.0,70,263,6,Spurs,True,2,0.29,0.9,0.0,2.69,TOT(H) · LEE(A) · BOU(H) · CHE(A),2.0,0.0
413,Bayindir,Altay Bayındır,Man Utd,GKP,4.5,u,https://resources.premierleague.com/premierleague/photos/players/40x40/p451302.png,0,0.0,0.0,0.0,0,0,0.0,0.0,,0.0,0.0,0.0,0.0,0,52,6,Spurs,True,2,0.08,0.0,0.0,0.0,TOT(H) · LEE(A) · BOU(H) · CHE(A),0.0,0.0
414,Heaton,Tom Heaton,Man Utd,GKP,4.0,i,https://resources.premierleague.com/premierleague/photos/players/40x40/p21205.png,0,0.0,0.0,0.1,0,0,0.0,0.0,,0.0,0.0,0.0,0.0,258,358,6,Spurs,True,2,0.38,0.0,0.0,0.0,TOT(H) · LEE(A) · BOU(H) · CHE(A),0.0,0.0
416,De Ligt,Matthijs de Ligt,Man Utd,DEF,4.9,i,https://resources.premierleague.com/premierleague/photos/players/40x40/p209365.png,0,0.0,0.0,0.0,0,0,0.0,0.0,,0.0,0.0,0.0,0.0,99,157,6,Spurs,True,2,0.17,0.0,0.0,0.0,TOT(H) · LEE(A) · BOU(H) · CHE(A),0.0,0.0
424,Amass,Harry Amass,Man Utd,DEF,4.0,a,https://resources.premierleague.com/premierleague/photos/players/40x40/p577974.png,0,0.0,0.0,0.2,0,0,,0.0,,0.0,0.0,0.0,0.0,506,955,6,Spurs,True,2,0.38,3.17,0.0,9.52,TOT(H) · LEE(A) · BOU(H) · CHE(A),6.0,0.0
425,Fredricson,Tyler Fredricson,Man Utd,DEF,4.0,u,https://resources.premierleague.com/premierleague/photos/players/40x40/Photo-Missing.png,0,0.0,0.0,0.0,0,0,0.0,0.0,,0.0,0.0,0.0,0.0,0,61,6,Spurs,True,2,0.0,0.0,0.0,0.0,TOT(H) · LEE(A) · BOU(H) · CHE(A),0.0,0.0
431,Amad,Amad Diallo,Man Utd,MID,5.7,i,https://resources.premierleague.com/premierleague/photos/players/40x40/p493250.png,0,0.0,0.0,0.3,0,0,0.0,0.0,,0.0,0.0,0.0,0.0,168,2265,6,Spurs,True,2,0.36,0.0,0.0,0.0,TOT(H) · LEE(A) · BOU(H) · CHE(A),0.0,0.0
433,Ugarte,Manuel Ugarte Ribeiro,Man Utd,MID,5.0,i,https://resources.premierleague.com/premierleague/photos/players/40x40/p232112.png,0,0.0,0.0,0.0,0,0,0.0,0.0,,0.0,0.0,0.0,0.0,26,30,6,Spurs,True,2,0.11,0.0,0.0,0.0,TOT(H) · LEE(A) · BOU(H) · CHE(A),0.0,0.0
434,J.Fletcher,Jack Fletcher,Man Utd,MID,4.9,a,https://resources.premierleague.com/premierleague/photos/players/40x40/Photo-Missing.png,0,0.0,0.0,0.0,0,0,,0.0,,0.0,0.0,0.0,0.0,53,67,6,Spurs,True,2,0.0,0.0,0.0,0.0,TOT(H) · LEE(A) · BOU(H) · CHE(A),0.0,0.0
436,Collyer,Toby Collyer,Man Utd,MID,5.0,u,https://resources.premierleague.com/premierleague/photos/players/40x40/p490881.png,0,0.0,0.0,0.0,0,0,0.0,0.0,,0.0,0.0,0.0,0.0,0,51,6,Spurs,True,2,0.38,0.0,0.0,0.0,TOT(H) · LEE(A) · BOU(H) · CHE(A),0.0,0.0
437,Bendito Mantato,Bendito Mantato,Man Utd,MID,4.4,a,https://resources.premierleague.com/premierleague/photos/players/40x40/Photo-Missing.png,0,0.0,0.0,0.2,0,0,,0.0,,0.0,0.0,0.0,0.0,590,1064,6,Spurs,True,2,0.0,0.0,0.0,0.0,TOT(H) · LEE(A) · BOU(H) · CHE(A),0.0,0.0
438,Fletcher,Tyler Fletcher,Man Utd,MID,4.4,a,https://resources.premierleague.com/premierleague/photos/players/40x40/Photo-Missing.png,0,0.0,0.0,0.3,0,0,,0.0,,0.0,0.0,0.0,0.0,2768,2483,6,Spurs,True,2,0.0,0.0,0.0,0.0,TOT(H) · LEE(A) · BOU(H) · CHE(A),0.0,0.0
158,Gittens,Jamie Bynoe-Gittens,Chelsea,MID,5.8,d,https://resources.premierleague.com/premierleague/photos/players/40x40/Photo-Missing.png,0,0.0,0.0,0.0,0,0,75.0,0.0,,0.0,0.0,0.0,0.0,162,302,6,Bournemouth,True,3,0.07,0.18,0.0,0.7,BOU(H) · EVE(A) · TOT(H) · MUN(H),0.0,0.002
163,D.Essugo,Dário Luís Essugo,Chelsea,MID,4.5,u,https://resources.premierleague.com/premierleague/photos/players/40x40/Photo-Missing.png,0,0.0,0.0,0.1,0,0,0.0,0.0,,0.0,0.0,0.0,0.0,0,875,6,Bournemouth,True,3,0.0,0.0,0.0,0.0,BOU(H) · EVE(A) · TOT(H) · MUN(H),0.0,0.0
168,Marc Guiu,Marc Guiu Paz,Chelsea,FWD,5.0,u,https://resources.premierleague.com/premierleague/photos/players/40x40/p499309.png,0,0.0,0.0,0.2,0,0,0.0,0.0,,0.0,0.0,0.0,0.0,0,1854,6,Bournemouth,True,3,0.01,0.0,0.0,0.0,BOU(H) · EVE(A) · TOT(H) · MUN(H),0.0,0.0
169,Mheuka,Shumaira Mheuka,Chelsea,FWD,4.5,a,https://resources.premierleague.com/premierleague/photos/players/40x40/Photo-Missing.png,0,0.0,0.0,0.5,0,0,,0.0,,0.0,0.0,0.0,0.0,5338,4141,6,Bournemouth,True,3,0.0,0.0,0.0,0.0,BOU(H) · EVE(A) · TOT(H) · MUN(H),0.0,0.0
170,Emegha,Emmanuel Emegha,Chelsea,FWD,4.9,i,https://resources.premierleague.com/premierleague/photos/players/40x40/Photo-Missing.png,0,0.0,0.0,0.1,0,0,0.0,0.0,,0.0,0.0,0.0,0.0,126,1260,6,Bournemouth,True,3,0.38,0.0,0.0,0.0,BOU(H) · EVE(A) · TOT(H) · MUN(H),0.0,0.0
560,Penders,Mike Penders,Chelsea,GKP,4.4,a,https://resources.premierleague.com/premierleague/photos/players/40x40/Photo-Missing.png,0,0.0,0.0,0.1,0,0,,0.0,,0.0,0.0,0.0,0.0,273,356,6,Bournemouth,True,3,0.38,2.25,0.0,9.0,BOU(H) · EVE(A) · TOT(H) · MUN(H),6.0,0.0
561,Anselmino,Aaron Anselmino,Chelsea,DEF,4.5,a,https://resources.premierleague.com/premierleague/photos/players/40x40/Photo-Missing.png,0,0.0,0.0,0.0,0,0,100.0,0.0,,0.0,0.0,0.0,0.0,81,121,6,Bournemouth,True,3,0.38,2.38,0.0,9.52,BOU(H) · EVE(A) · TOT(H) · MUN(H),6.0,0.0
171,Dovin,Oliver Dovin,Coventry City,GKP,4.0,u,https://resources.premierleague.com/premierleague/photos/players/40x40/Photo-Missing.png,0,0.0,0.0,1.0,0,0,0.0,0.0,,0.0,0.0,0.0,0.0,0,6312,6,Newcastle,True,3,0.38,0.0,0.0,0.0,NEW(H) · TOT(A) · FUL(H) · SUN(H),0.0,0.0
172,Wilson,Ben Wilson,Coventry City,GKP,4.4,a,https://resources.premierleague.com/premierleague/photos/players/40x40/Photo-Missing.png,0,0.0,0.0,0.4,0,0,,0.0,,0.0,0.0,0.0,0.0,286,849,6,Newcastle,True,3,0.38,2.25,0.0,9.75,NEW(H) · TOT(A) · FUL(H) · SUN(H),6.0,0.0
174,Kitching,Liam Kitching,Coventry City,DEF,4.0,u,https://resources.premierleague.com/premierleague/photos/players/40x40/Photo-Missing.png,0,0.0,0.0,0.3,0,0,0.0,0.0,,0.0,0.0,0.0,0.0,0,2373,6,Newcastle,True,3,0.38,0.0,0.0,0.0,NEW(H) · TOT(A) · FUL(H) · SUN(H),0.0,0.0
177,Kesler-Hayden,Kaine Kesler-Hayden,Coventry City,DEF,3.9,d,https://resources.premierleague.com/premierleague/photos/players/40x40/Photo-Missing.png,0,0.0,0.0,0.1,0,0,50.0,0.0,,0.0,0.0,0.0,0.0,4122,1108,6,Newcastle,True,3,0.38,1.19,0.0,5.16,NEW(H) · TOT(A) · FUL(H) · SUN(H),6.0,0.0
178,Bidwell,Jake Bidwell,Coventry City,DEF,4.0,a,https://resources.premierleague.com/premierleague/photos/players/40x40/Photo-Missing.png,0,0.0,0.0,0.1,0,0,,0.0,,0.0,0.0,0.0,0.0,222,379,6,Newcastle,True,3,0.38,2.38,0.0,10.32,NEW(H) · TOT(A) · FUL(H) · SUN(H),6.0,0.0
180,Woolfenden,Luke Woolfenden,Coventry City,DEF,3.9,i,https://resources.premierleague.com/premierleague/photos/players/40x40/p220583.png,0,0.0,0.0,0.1,0,0,0.0,0.0,,0.0,0.0,0.0,0.0,285,705,6,Newcastle,True,3,0.38,0.0,0.0,0.0,NEW(H) · TOT(A) · FUL(H) · SUN(H),0.0,0.0
181,Brau,Miguel Brau,Coventry City,DEF,4.0,u,https://resources.premierleague.com/premierleague/photos/players/40x40/Photo-Missing.png,0,0.0,0.0,0.0,0,0,0.0,0.0,,0.0,0.0,0.0,0.0,0,132,6,Newcastle,True,3,0.38,0.0,0.0,0.0,NEW(H) · TOT(A) · FUL(H) · SUN(H),0.0,0.0
441,Obi,Chido Obi,Man Utd,FWD,4.5,u,https://resources.premierleague.com/premierleague/photos/players/40x40/p596047.png,0,0.0,0.0,0.9,0,0,0.0,0.0,,0.0,0.0,0.0,0.0,0,12916,6,Spurs,True,2,0.38,0.0,0.0,0.0,TOT(H) · LEE(A) · BOU(H) · CHE(A),0.0,0.0
442,Pope,Nick Pope,Newcastle,GKP,4.9,a,https://resources.premierleague.com/premierleague/photos/players/40x40/p98747.png,0,0.0,0.0,0.9,0,0,,0.0,,0.0,0.0,0.0,0.0,1089,3709,6,Coventry City,False,2,0.36,1.55,0.0,5.04,COV(A) · AVL(H) · CRY(A) · EVE(H),6.0,0.005
443,Gillespie,Mark Gillespie,Newcastle,GKP,4.5,a,https://resources.premierleague.com/premierleague/photos/players/40x40/p81441.png,0,0.0,0.0,0.0,0,0,,0.0,,0.0,0.0,0.0,0.0,53,103,6,Coventry City,False,2,0.38,3.0,0.0,9.75,COV(A) · AVL(H) · CRY(A) · EVE(H),6.0,0.0
444,Jaouen,Ewen Jaouen,Newcastle,GKP,4.4,i,https://resources.premierleague.com/premierleague/photos/players/40x40/Photo-Missing.png,0,0.0,0.0,0.0,0,0,0.0,0.0,,0.0,0.0,0.0,0.0,24,155,6,Coventry City,False,2,0.38,0.0,0.0,0.0,COV(A) · AVL(H) · CRY(A) · EVE(H),0.0,0.0
448,Burn,Dan Burn,Newcastle,DEF,4.8,i,https://resources.premierleague.com/premierleague/photos/players/40x40/p78916.png,0,0.0,0.0,0.7,0,0,0.0,0.0,,0.0,0.0,0.0,0.0,141,7083,6,Coventry City,False,2,0.33,0.0,0.0,0.0,COV(A) · AVL(H) · CRY(A) · EVE(H),0.0,0.0
451,A.Murphy,Alex Murphy,Newcastle,DEF,4.0,u,https://resources.premierleague.com/premierleague/photos/players/40x40/p545477.png,0,0.0,0.0,0.1,0,0,0.0,0.0,,0.0,0.0,0.0,0.0,0,363,6,Coventry City,False,2,0.0,0.0,0.0,0.0,COV(A) · AVL(H) · CRY(A) · EVE(H),0.0,0.0
458,Joelinton,Joelinton Cássio Apolinário de Lira,Newcastle,MID,5.4,d,https://resources.premierleague.com/premierleague/photos/players/40x40/p180974.png,0,0.0,0.0,0.0,0,0,75.0,0.0,,0.0,0.0,0.0,0.0,26,100,6,Coventry City,False,2,0.3,0.93,0.0,3.03,COV(A) · AVL(H) · CRY(A) · EVE(H),3.0,0.004
466,Neave,Sean Neave,Newcastle,FWD,4.5,u,https://resources.premierleague.com/premierleague/photos/players/40x40/Photo-Missing.png,0,0.0,0.0,0.5,0,0,0.0,0.0,,0.0,0.0,0.0,0.0,0,4609,6,Coventry City,False,2,0.0,0.0,0.0,0.0,COV(A) · AVL(H) · CRY(A) · EVE(H),0.0,0.0
609,Shahar,Leo Shahar,Newcastle,DEF,4.0,u,https://resources.premierleague.com/premierleague/photos/players/40x40/Photo-Missing.png,0,0.0,0.0,0.2,0,0,0.0,0.0,,0.0,0.0,0.0,0.0,0,2062,6,Coventry City,False,2,0.38,0.0,0.0,0.0,COV(A) · AVL(H) · CRY(A) · EVE(H),0.0,0.0
659,Miley,Mason Miley,Newcastle,MID,4.5,a,https://resources.premierleague.com/premierleague/photos/players/40x40/Photo-Missing.png,0,0.0,0.0,0.0,0,0,,0.0,,0.0,0.0,0.0,0.0,1647,743,6,Coventry City,False,2,0.38,1.54,0.0,5.02,COV(A) · AVL(H) · CRY(A) · EVE(H),3.0,0.0
137,Tzimas,Stefanos Tzimas,Brighton,FWD,5.4,i,https://resources.premierleague.com/premierleague/photos/players/40x40/Photo-Missing.png,0,0.0,0.0,0.0,0,0,0.0,0.0,,0.0,0.0,0.0,0.0,46,67,6,Sunderland,False,3,0.01,0.0,0.0,0.0,SUN(A) · CRY(H) · LIV(A) · MCI(A),0.0,0.0
139,Ferguson,Evan Ferguson,Brighton,FWD,5.0,i,https://resources.premierleague.com/premierleague/photos/players/40x40/p487117.png,0,0.0,0.0,0.0,0,0,0.0,0.0,,0.0,0.0,0.0,0.0,167,291,6,Sunderland,False,3,0.38,0.0,0.0,0.0,SUN(A) · CRY(H) · LIV(A) · MCI(A),0.0,0.0
614,Hadjam,Jaouen Hadjam,Brighton,DEF,4.5,a,https://resources.premierleague.com/premierleague/photos/players/40x40/Photo-Missing.png,0,0.0,0.0,0.0,0,0,,0.0,,0.0,0.0,0.0,0.0,274,275,6,Sunderland,False,3,0.38,2.38,0.0,7.94,SUN(A) · CRY(H) · LIV(A) · MCI(A),6.0,0.0
624,Cozier-Duberry,Amario Cozier-Duberry,Brighton,MID,5.0,u,https://resources.premierleague.com/premierleague/photos/players/40x40/p519324.png,0,0.0,0.0,0.0,0,0,0.0,0.0,,0.0,0.0,0.0,0.0,0,6,6,Sunderland,False,3,0.38,0.0,0.0,0.0,SUN(A) · CRY(H) · LIV(A) · MCI(A),0.0,0.0
652,Azeez,Femi Azeez,Brighton,MID,5.5,i,https://resources.premierleague.com/premierleague/photos/players/40x40/Photo-Missing.png,0,0.0,0.0,0.0,0,0,0.0,0.0,,0.0,0.0,0.0,0.0,21,50,6,Sunderland,False,3,0.38,0.0,0.0,0.0,SUN(A) · CRY(H) · LIV(A) · MCI(A),0.0,0.0
658,Ibrahim,Younes Ibrahim,Brighton,MID,4.5,a,https://resources.premierleague.com/premierleague/photos/players/40x40/Photo-Missing.png,0,0.0,0.0,0.0,0,0,,0.0,,0.0,0.0,0.0,0.0,354,230,6,Sunderland,False,3,0.38,1.16,0.0,3.86,SUN(A) · CRY(H) · LIV(A) · MCI(A),3.0,0.0
141,Jörgensen,Filip Jörgensen,Chelsea,GKP,5.0,u,https://resources.premierleague.com/premierleague/photos/players/40x40/p508479.png,0,0.0,0.0,0.0,0,0,0.0,0.0,,0.0,0.0,0.0,0.0,0,35,6,Bournemouth,True,3,0.04,0.0,0.0,0.0,BOU(H) · EVE(A) · TOT(H) · MUN(H),0.0,0.0
143,Chalobah,Trevoh Chalobah,Chelsea,DEF,5.5,u,https://resources.premierleague.com/premierleague/photos/players/40x40/p180736.png,0,0.0,0.0,0.1,0,0,0.0,0.0,,0.0,0.0,0.0,0.0,0,371,6,Bournemouth,True,3,0.41,0.0,0.0,0.0,BOU(H) · EVE(A) · TOT(H) · MUN(H),0.0,0.0
146,B.Badiashile,Benoît Badiashile Mukinayi,Chelsea,DEF,4.5,u,https://resources.premierleague.com/premierleague/photos/players/40x40/p242880.png,0,0.0,0.0,0.0,0,0,0.0,0.0,,0.0,0.0,0.0,0.0,0,53,6,Bournemouth,True,3,0.08,0.0,0.0,0.0,BOU(H) · EVE(A) · TOT(H) · MUN(H),0.0,0.0
150,M.Sarr,Mamadou Sarr,Chelsea,DEF,4.5,u,https://resources.premierleague.com/premierleague/photos/players/40x40/Photo-Missing.png,0,0.0,0.0,0.0,0,0,0.0,0.0,,0.0,0.0,0.0,0.0,0,205,6,Bournemouth,True,3,0.01,0.0,0.0,0.0,BOU(H) · EVE(A) · TOT(H) · MUN(H),0.0,0.0
152,Palestra,Marco Palestra,Chelsea,DEF,5.3,d,https://resources.premierleague.com/premierleague/photos/players/40x40/Photo-Missing.png,0,0.0,0.0,0.6,0,0,50.0,0.0,,0.0,0.0,0.0,0.0,398,5137,6,Bournemouth,True,3,0.38,1.19,0.0,4.76,BOU(H) · EVE(A) · TOT(H) · MUN(H),6.0,0.0
107,Furo,Kaye Furo,Brentford,FWD,4.5,i,https://resources.premierleague.com/premierleague/photos/players/40x40/Photo-Missing.png,0,0.0,0.0,0.9,0,0,0.0,0.0,,0.0,0.0,0.0,0.0,1053,11347,6,Aston Villa,False,3,0.0,0.0,0.0,0.0,AVL(A) · LIV(H) · HUL(A) · NFO(H),0.0,0.0
657,Nunes,Gustavo Nunes Fernandes Gomes,Brentford,MID,4.5,a,https://resources.premierleague.com/premierleague/photos/players/40x40/p626464.png,0,0.0,0.0,0.0,0,0,,0.0,,0.0,0.0,0.0,0.0,404,301,6,Aston Villa,False,3,0.38,1.16,0.0,4.63,AVL(A) · LIV(H) · HUL(A) · NFO(H),3.0,0.0
660,Fredrick,Benjamin Fredrick,Brentford,DEF,4.0,a,https://resources.premierleague.com/premierleague/photos/players/40x40/p612534.png,0,0.0,0.0,0.0,0,0,,1.1,,0.0,0.0,0.0,0.0,614,81,6,Aston Villa,False,3,0.38,2.38,1.1,9.52,AVL(A) · LIV(H) · HUL(A) · NFO(H),6.0,0.0
661,Balcombe,Ellery Balcombe,Brentford,GKP,4.0,a,https://resources.premierleague.com/premierleague/photos/players/40x40/p235448.png,0,0.0,0.0,0.0,0,0,,1.0,,0.0,0.0,0.0,0.0,3648,716,6,Aston Villa,False,3,0.38,2.25,1.0,9.0,AVL(A) · LIV(H) · HUL(A) · NFO(H),6.0,0.0
111,Steele,Jason Steele,Brighton,GKP,4.0,a,https://resources.premierleague.com/premierleague/photos/players/40x40/p49262.png,0,0.0,0.0,4.1,0,0,,0.0,,0.0,0.0,0.0,0.0,9404,19109,6,Sunderland,False,3,0.38,2.25,0.0,7.5,SUN(A) · CRY(H) · LIV(A) · MCI(A),6.0,0.0
117,Coppola,Diego Coppola,Brighton,DEF,4.5,a,https://resources.premierleague.com/premierleague/photos/players/40x40/Photo-Missing.png,0,0.0,0.0,0.0,0,0,,0.0,,0.0,0.0,0.0,0.0,139,120,6,Sunderland,False,3,0.03,0.08,0.0,0.25,SUN(A) · CRY(H) · LIV(A) · MCI(A),0.0,0.0
118,Igor,Igor Julio dos Santos de Paulo,Brighton,DEF,4.5,u,https://resources.premierleague.com/premierleague/photos/players/40x40/p223434.png,0,0.0,0.0,0.0,0,0,0.0,0.0,,0.0,0.0,0.0,0.0,0,353,6,Sunderland,False,3,0.01,0.0,0.0,0.0,SUN(A) · CRY(H) · LIV(A) · MCI(A),0.0,0.0
121,Mitoma,Mitoma Kaoru,Brighton,MID,5.9,i,https://resources.premierleague.com/premierleague/photos/players/40x40/p451340.png,0,0.0,0.0,0.0,0,0,0.0,0.0,,0.0,0.0,0.0,0.0,160,204,6,Sunderland,False,3,0.25,0.0,0.0,0.0,SUN(A) · CRY(H) · LIV(A) · MCI(A),0.0,0.0
122,Minteh,Yankuba Minteh,Brighton,MID,5.8,i,https://resources.premierleague.com/premierleague/photos/players/40x40/p592031.png,0,0.0,0.0,0.0,0,0,0.0,0.0,,0.0,0.0,0.0,0.0,52,269,6,Sunderland,False,3,0.34,0.0,0.0,0.0,SUN(A) · CRY(H) · LIV(A) · MCI(A),0.0,0.0
128,Buonanotte,Facundo Buonanotte,Brighton,MID,5.0,u,https://resources.premierleague.com/premierleague/photos/players/40x40/p536916.png,0,0.0,0.0,0.0,0,0,0.0,0.0,,0.0,0.0,0.0,0.0,0,8,6,Sunderland,False,3,0.01,0.0,0.0,0.0,SUN(A) · CRY(H) · LIV(A) · MCI(A),0.0,0.0
132,Howell,Harry Howell,Brighton,MID,4.5,u,https://resources.premierleague.com/premierleague/photos/players/40x40/Photo-Missing.png,0,0.0,0.0,0.0,0,0,0.0,0.0,,0.0,0.0,0.0,0.0,0,254,6,Sunderland,False,3,0.01,0.0,0.0,0.0,SUN(A) · CRY(H) · LIV(A) · MCI(A),0.0,0.0
133,Watson,Tom Watson,Brighton,MID,5.0,u,https://resources.premierleague.com/premierleague/photos/players/40x40/Photo-Missing.png,0,0.0,0.0,0.0,0,0,0.0,0.0,,0.0,0.0,0.0,0.0,0,6,6,Sunderland,False,3,0.0,0.0,0.0,0.0,SUN(A) · CRY(H) · LIV(A) · MCI(A),0.0,0.0
134,Oriola,Nehemiah Oriola,Brighton,MID,4.5,a,https://resources.premierleague.com/premierleague/photos/players/40x40/Photo-Missing.png,0,0.0,0.0,0.2,0,0,,0.0,,0.0,0.0,0.0,0.0,407,1595,6,Sunderland,False,3,0.0,0.0,0.0,0.0,SUN(A) · CRY(H) · LIV(A) · MCI(A),0.0,0.0
663,Pivas,Miodrag Pivas,Newcastle,DEF,4.0,a,https://resources.premierleague.com/premierleague/photos/players/40x40/Photo-Missing.png,0,0.0,0.0,0.0,0,0,,1.1,,0.0,0.0,0.0,0.0,474,78,6,Coventry City,False,2,0.38,3.17,1.1,10.32,COV(A) · AVL(H) · CRY(A) · EVE(H),6.0,0.0
664,Salia,Vakhtang Salia,Newcastle,FWD,4.5,a,https://resources.premierleague.com/premierleague/photos/players/40x40/Photo-Missing.png,0,0.0,0.0,0.1,0,0,,1.0,,0.0,0.0,0.0,0.0,11959,2082,6,Coventry City,False,2,0.38,1.0,1.0,3.25,COV(A) · AVL(H) · CRY(A) · EVE(H),2.0,0.0
665,Mills,Michael Mills,Newcastle,MID,4.5,a,https://resources.premierleague.com/premierleague/photos/players/40x40/Photo-Missing.png,0,0.0,0.0,0.0,0,0,,1.1,,0.0,0.0,0.0,0.0,182,37,6,Coventry City,False,2,0.38,1.54,1.1,5.02,COV(A) · AVL(H) · CRY(A) · EVE(H),3.0,0.0
666,Thompson,Kyran Thompson,Newcastle,MID,4.5,a,https://resources.premierleague.com/premierleague/photos/players/40x40/Photo-Missing.png,0,0.0,0.0,0.0,0,0,,1.1,,0.0,0.0,0.0,0.0,270,43,6,Coventry City,False,2,0.38,1.54,1.1,5.02,COV(A) · AVL(H) · CRY(A) · EVE(H),3.0,0.0
468,John,John Victor Maciel Furtado,Nott'm Forest,GKP,4.5,a,https://resources.premierleague.com/premierleague/photos/players/40x40/Photo-Missing.png,0,0.0,0.0,0.1,0,0,,0.0,,0.0,0.0,0.0,0.0,72,186,6,Crystal Palace,False,3,0.07,0.21,0.0,0.83,CRY(A) · ARS(H) · IPS(A) · BRE(A),0.0,0.0
470,Morato,Felipe Rodrigues da Silva,Nott'm Forest,DEF,5.0,u,https://resources.premierleague.com/premierleague/photos/players/40x40/p485047.png,0,0.0,0.0,0.0,0,0,0.0,0.0,,0.0,0.0,0.0,0.0,0,141,6,Crystal Palace,False,3,0.18,0.0,0.0,0.0,CRY(A) · ARS(H) · IPS(A) · BRE(A),0.0,0.0
475,Savona,Nicolò Savona,Nott'm Forest,DEF,4.5,i,https://resources.premierleague.com/premierleague/photos/players/40x40/Photo-Missing.png,0,0.0,0.0,0.0,0,0,0.0,0.0,,0.0,0.0,0.0,0.0,23,26,6,Crystal Palace,False,3,0.14,0.0,0.0,0.0,CRY(A) · ARS(H) · IPS(A) · BRE(A),0.0,0.0
476,O.Richards,Omar Richards,Nott'm Forest,DEF,4.0,a,https://resources.premierleague.com/premierleague/photos/players/40x40/p204822.png,0,0.0,0.0,0.2,0,0,,0.0,,0.0,0.0,0.0,0.0,354,898,6,Crystal Palace,False,3,0.38,2.38,0.0,9.52,CRY(A) · ARS(H) · IPS(A) · BRE(A),6.0,0.0
477,Abbott,Zach Abbott,Nott'm Forest,DEF,4.0,u,https://resources.premierleague.com/premierleague/photos/players/40x40/p549067.png,0,0.0,0.0,0.1,0,0,0.0,0.0,,0.0,0.0,0.0,0.0,0,1041,6,Crystal Palace,False,3,0.03,0.0,0.0,0.0,CRY(A) · ARS(H) · IPS(A) · BRE(A),0.0,0.0
479,Bindon,Tyler Bindon,Nott'm Forest,DEF,4.0,u,https://resources.premierleague.com/premierleague/photos/players/40x40/Photo-Missing.png,0,0.0,0.0,0.1,0,0,0.0,0.0,,0.0,0.0,0.0,0.0,0,667,6,Crystal Palace,False,3,0.38,0.0,0.0,0.0,CRY(A) · ARS(H) · IPS(A) · BRE(A),0.0,0.0
484,Hutchinson,Omari Hutchinson,Nott'm Forest,MID,5.4,u,https://resources.premierleague.com/premierleague/photos/players/40x40/p503301.png,0,0.0,0.0,0.1,0,0,0.0,0.0,,0.0,0.0,0.0,0.0,0,449,6,Crystal Palace,False,3,0.22,0.0,0.0,0.0,CRY(A) · ARS(H) · IPS(A) · BRE(A),0.0,0.0
485,Bakwa,Dilane Bakwa,Nott'm Forest,MID,5.5,u,https://resources.premierleague.com/premierleague/photos/players/40x40/Photo-Missing.png,0,0.0,0.0,0.0,0,0,0.0,0.0,,0.0,0.0,0.0,0.0,0,42,6,Crystal Palace,False,3,0.08,0.0,0.0,0.0,CRY(A) · ARS(H) · IPS(A) · BRE(A),0.0,0.0
489,Yates,Ryan Yates,Nott'm Forest,MID,4.5,a,https://resources.premierleague.com/premierleague/photos/players/40x40/p204968.png,0,0.0,0.0,1.1,0,0,100.0,0.0,,0.0,0.0,0.0,0.0,741,8940,6,Crystal Palace,False,3,0.03,0.08,0.0,0.31,CRY(A) · ARS(H) · IPS(A) · BRE(A),0.0,0.0
77,Adli,Amine Adli,Bournemouth,MID,4.9,i,https://resources.premierleague.com/premierleague/photos/players/40x40/Photo-Missing.png,0,0.0,0.0,0.0,0,0,0.0,0.0,,0.0,0.0,0.0,0.0,32,93,6,Chelsea,False,4,0.13,0.0,0.0,0.0,CHE(A) · SUN(H) · MUN(A) · LEE(H),0.0,0.0
78,Kroupi.Jr,Junior Kroupi,Bournemouth,MID,7.4,i,https://resources.premierleague.com/premierleague/photos/players/40x40/Photo-Missing.png,0,0.0,0.0,0.2,0,0,0.0,0.0,Penales,0.0,0.0,0.0,0.0,242,1038,6,Chelsea,False,4,0.28,0.0,0.0,0.0,CHE(A) · SUN(H) · MUN(A) · LEE(H),0.0,0.0
80,Enes Ünal,Enes Ünal,Bournemouth,FWD,5.5,u,https://resources.premierleague.com/premierleague/photos/players/40x40/p168636.png,0,0.0,0.0,0.0,0,0,0.0,0.0,,0.0,0.0,0.0,0.0,0,62,6,Chelsea,False,4,0.0,0.0,0.0,0.0,CHE(A) · SUN(H) · MUN(A) · LEE(H),0.0,0.0
573,Sanchez,Juanlu Sánchez,Bournemouth,DEF,4.4,a,https://resources.premierleague.com/premierleague/photos/players/40x40/Photo-Missing.png,0,0.0,0.0,0.2,0,0,,0.0,,0.0,0.0,0.0,0.0,174,534,6,Chelsea,False,4,0.38,1.59,0.0,7.94,CHE(A) · SUN(H) · MUN(A) · LEE(H),6.0,0.0
615,Di Gregorio,Michele Di Gregorio,Bournemouth,GKP,4.5,a,https://resources.premierleague.com/premierleague/photos/players/40x40/Photo-Missing.png,0,0.0,0.0,0.0,0,0,,0.0,,0.0,0.0,0.0,0.0,216,227,6,Chelsea,False,4,0.38,1.5,0.0,7.5,CHE(A) · SUN(H) · MUN(A) · LEE(H),6.0,0.0
83,Valdimarsson,Hákon Rafn Valdimarsson,Brentford,GKP,4.5,a,https://resources.premierleague.com/premierleague/photos/players/40x40/p507433.png,0,0.0,0.0,0.1,0,0,,0.0,,0.0,0.0,0.0,0.0,367,430,6,Aston Villa,False,3,0.01,0.05,0.0,0.18,AVL(A) · LIV(H) · HUL(A) · NFO(H),0.0,0.0
85,Van den Berg,Sepp van den Berg,Brentford,DEF,4.9,i,https://resources.premierleague.com/premierleague/photos/players/40x40/p444765.png,0,0.0,0.0,0.1,0,0,0.0,0.0,,0.0,0.0,0.0,0.0,56,439,6,Aston Villa,False,3,0.39,0.0,0.0,0.0,AVL(A) · LIV(H) · HUL(A) · NFO(H),0.0,0.0
92,Ji-soo,Kim Ji-soo,Brentford,DEF,4.4,a,https://resources.premierleague.com/premierleague/photos/players/40x40/p570241.png,0,0.0,0.0,0.0,0,0,,0.0,,0.0,0.0,0.0,0.0,72,102,6,Aston Villa,False,3,0.38,2.38,0.0,9.52,AVL(A) · LIV(H) · HUL(A) · NFO(H),6.0,0.0
99,Milambo,Antoni Milambo,Brentford,MID,5.0,i,https://resources.premierleague.com/premierleague/photos/players/40x40/Photo-Missing.png,0,0.0,0.0,0.0,0,0,0.0,0.0,,0.0,0.0,0.0,0.0,10,9,6,Aston Villa,False,3,0.01,0.0,0.0,0.0,AVL(A) · LIV(H) · HUL(A) · NFO(H),0.0,0.0
103,Dasilva,Josh Dasilva,Brentford,MID,4.9,i,https://resources.premierleague.com/premierleague/photos/players/40x40/p183656.png,0,0.0,0.0,0.0,0,0,0.0,0.0,,0.0,0.0,0.0,0.0,13,125,6,Aston Villa,False,3,0.0,0.0,0.0,0.0,AVL(A) · LIV(H) · HUL(A) · NFO(H),0.0,0.0
55,Watkins,Ollie Watkins,Aston Villa,FWD,7.8,u,https://resources.premierleague.com/premierleague/photos/players/40x40/p178301.png,0,0.0,0.0,2.5,0,0,0.0,0.0,,0.0,0.0,0.0,0.0,0,15022,6,Brentford,True,3,0.43,0.0,0.0,0.0,BRE(H) · NEW(A) · MCI(H) · FUL(H),0.0,0.0
582,Madjo,Brian Madjo,Aston Villa,FWD,5.4,i,https://resources.premierleague.com/premierleague/photos/players/40x40/Photo-Missing.png,0,0.0,0.0,0.2,0,0,0.0,0.0,,0.0,0.0,0.0,0.0,434,2271,6,Brentford,True,3,0.38,0.0,0.0,0.0,BRE(H) · NEW(A) · MCI(H) · FUL(H),0.0,0.0
606,Rowe,Triston Rowe,Aston Villa,DEF,4.0,a,https://resources.premierleague.com/premierleague/photos/players/40x40/Photo-Missing.png,0,0.0,0.0,0.2,0,0,,0.0,,0.0,0.0,0.0,0.0,377,1007,6,Brentford,True,3,0.38,2.38,0.0,9.52,BRE(H) · NEW(A) · MCI(H) · FUL(H),6.0,0.0
607,Lynch,Luka Lynch,Aston Villa,MID,4.5,u,https://resources.premierleague.com/premierleague/photos/players/40x40/Photo-Missing.png,0,0.0,0.0,0.1,0,0,0.0,0.0,,0.0,0.0,0.0,0.0,0,779,6,Brentford,True,3,0.38,0.0,0.0,0.0,BRE(H) · NEW(A) · MCI(H) · FUL(H),0.0,0.0
618,Goretzka,Leon Goretzka,Aston Villa,MID,5.9,i,https://resources.premierleague.com/premierleague/photos/players/40x40/Photo-Missing.png,0,0.0,0.0,0.0,0,0,0.0,0.0,,0.0,0.0,0.0,0.0,33,458,6,Brentford,True,3,0.38,0.0,0.0,0.0,BRE(H) · NEW(A) · MCI(H) · FUL(H),0.0,0.0
630,Harwood-Bellis,Taylor Harwood-Bellis,Aston Villa,DEF,4.5,a,https://resources.premierleague.com/premierleague/photos/players/40x40/p245719.png,0,0.0,0.0,0.0,0,0,,0.0,,0.0,0.0,0.0,0.0,257,232,6,Brentford,True,3,0.38,2.38,0.0,9.52,BRE(H) · NEW(A) · MCI(H) · FUL(H),6.0,0.0
667,Wright,James Wright,Aston Villa,GKP,4.0,a,https://resources.premierleague.com/premierleague/photos/players/40x40/Photo-Missing.png,0,0.0,0.0,0.2,0,0,,1.0,,0.0,0.0,0.0,0.0,10233,1269,6,Brentford,True,3,0.38,2.25,1.0,9.0,BRE(H) · NEW(A) · MCI(H) · FUL(H),6.0,0.0
58,Forster,Fraser Forster,Bournemouth,GKP,4.0,a,https://resources.premierleague.com/premierleague/photos/players/40x40/p40383.png,0,0.0,0.0,3.5,0,0,,0.0,,0.0,0.0,0.0,0.0,10839,9498,6,Chelsea,False,4,0.38,1.5,0.0,7.5,CHE(A) · SUN(H) · MUN(A) · LEE(H),6.0,0.0
59,Dennis,Will Dennis,Bournemouth,GKP,4.0,u,https://resources.premierleague.com/premierleague/photos/players/40x40/p444172.png,0,0.0,0.0,0.1,0,0,0.0,0.0,,0.0,0.0,0.0,0.0,0,731,6,Chelsea,False,4,0.38,0.0,0.0,0.0,CHE(A) · SUN(H) · MUN(A) · LEE(H),0.0,0.0
62,Diakité,Bafodé Diakité,Bournemouth,DEF,4.9,a,https://resources.premierleague.com/premierleague/photos/players/40x40/Photo-Missing.png,0,0.0,0.0,0.2,0,0,,0.0,,0.0,0.0,0.0,0.0,560,1116,6,Chelsea,False,4,0.2,0.42,0.0,2.1,CHE(A) · SUN(H) · MUN(A) · LEE(H),2.0,0.0
63,Milosavljević,Veljko Milosavljevic,Bournemouth,DEF,4.9,i,https://resources.premierleague.com/premierleague/photos/players/40x40/Photo-Missing.png,0,0.0,0.0,0.0,0,0,0.0,0.0,,0.0,0.0,0.0,0.0,43,72,6,Chelsea,False,4,0.05,0.0,0.0,0.0,CHE(A) · SUN(H) · MUN(A) · LEE(H),0.0,0.0
65,J.Araujo,Julián Araujo Zúñiga,Bournemouth,DEF,4.4,i,https://resources.premierleague.com/premierleague/photos/players/40x40/p436893.png,0,0.0,0.0,0.0,0,0,0.0,0.0,,0.0,0.0,0.0,0.0,50,81,6,Chelsea,False,4,0.38,0.0,0.0,0.0,CHE(A) · SUN(H) · MUN(A) · LEE(H),0.0,0.0
66,Soler,Julio Soler Barreto,Bournemouth,DEF,4.0,a,https://resources.premierleague.com/premierleague/photos/players/40x40/Photo-Missing.png,0,0.0,0.0,0.3,0,0,100.0,0.0,,0.0,0.0,0.0,0.0,887,1371,6,Chelsea,False,4,0.0,0.0,0.0,0.0,CHE(A) · SUN(H) · MUN(A) · LEE(H),0.0,0.0
590,Benda,Steven Benda,Nott'm Forest,GKP,4.5,a,https://resources.premierleague.com/premierleague/photos/players/40x40/p428971.png,0,0.0,0.0,0.1,0,0,,0.0,,0.0,0.0,0.0,0.0,156,278,6,Crystal Palace,False,3,0.38,2.25,0.0,9.0,CRY(A) · ARS(H) · IPS(A) · BRE(A),6.0,0.0
494,Vicario,Guglielmo Vicario,Spurs,GKP,4.5,u,https://resources.premierleague.com/premierleague/photos/players/40x40/p184254.png,0,0.0,0.0,0.1,0,0,0.0,0.0,,0.0,0.0,0.0,0.0,0,847,6,Man Utd,False,4,0.41,0.0,0.0,0.0,MUN(A) · COV(H) · CHE(A) · CRY(H),0.0,0.0
495,Austin,Brandon Austin,Spurs,GKP,4.0,a,https://resources.premierleague.com/premierleague/photos/players/40x40/p214572.png,0,0.0,0.0,1.0,0,0,,0.0,,0.0,0.0,0.0,0.0,2502,2704,6,Man Utd,False,4,0.38,1.5,0.0,9.0,MUN(A) · COV(H) · CHE(A) · CRY(H),6.0,0.0
497,Dubravka,Martin Dubravka,Spurs,GKP,4.0,a,https://resources.premierleague.com/premierleague/photos/players/40x40/p67089.png,0,0.0,0.0,17.0,0,0,,0.0,,0.0,0.0,0.0,0.0,39551,63727,6,Man Utd,False,4,0.46,0.77,0.0,4.64,MUN(A) · COV(H) · CHE(A) · CRY(H),2.0,0.0
500,Romero,Cristian Romero,Spurs,DEF,5.0,u,https://resources.premierleague.com/premierleague/photos/players/40x40/p221632.png,0,0.0,0.0,0.1,0,0,0.0,0.0,,0.0,0.0,0.0,0.0,0,332,6,Man Utd,False,4,0.29,0.0,0.0,0.0,MUN(A) · COV(H) · CHE(A) · CRY(H),0.0,0.0
505,Spence,Djed Spence,Spurs,DEF,4.5,u,https://resources.premierleague.com/premierleague/photos/players/40x40/p232859.png,0,0.0,0.0,0.2,0,0,0.0,0.0,,0.0,0.0,0.0,0.0,0,1390,6,Man Utd,False,4,0.3,0.0,0.0,0.0,MUN(A) · COV(H) · CHE(A) · CRY(H),0.0,0.0
507,Phillips,Ashley Phillips,Spurs,DEF,4.5,u,https://resources.premierleague.com/premierleague/photos/players/40x40/p548308.png,0,0.0,0.0,0.0,0,0,0.0,0.0,,0.0,0.0,0.0,0.0,0,61,6,Man Utd,False,4,0.38,0.0,0.0,0.0,MUN(A) · COV(H) · CHE(A) · CRY(H),0.0,0.0
508,Davies,Ben Davies,Spurs,DEF,3.9,a,https://resources.premierleague.com/premierleague/photos/players/40x40/p115556.png,0,0.0,0.0,0.9,0,0,,0.0,,0.0,0.0,0.0,0.0,9278,5097,6,Man Utd,False,4,0.03,0.11,0.0,0.67,MUN(A) · COV(H) · CHE(A) · CRY(H),0.0,0.002
509,Byfield,Jun'ai Byfield,Spurs,DEF,4.0,a,https://resources.premierleague.com/premierleague/photos/players/40x40/Photo-Missing.png,0,0.0,0.0,0.1,0,0,,0.0,,0.0,0.0,0.0,0.0,146,295,6,Man Utd,False,4,0.0,0.0,0.0,0.0,MUN(A) · COV(H) · CHE(A) · CRY(H),0.0,0.0
510,Rowswell,James Rowswell,Spurs,DEF,4.0,a,https://resources.premierleague.com/premierleague/photos/players/40x40/Photo-Missing.png,0,0.0,0.0,0.1,0,0,,0.0,,0.0,0.0,0.0,0.0,193,405,6,Man Utd,False,4,0.0,0.0,0.0,0.0,MUN(A) · COV(H) · CHE(A) · CRY(H),0.0,0.0
511,Souza,João Victor de Souza Menezes,Spurs,DEF,4.0,u,https://resources.premierleague.com/premierleague/photos/players/40x40/Photo-Missing.png,0,0.0,0.0,0.2,0,0,0.0,0.0,,0.0,0.0,0.0,0.0,0,1091,6,Man Utd,False,4,0.03,0.0,0.0,0.0,MUN(A) · COV(H) · CHE(A) · CRY(H),0.0,0.0
513,Xavi,Xavi Simons,Spurs,MID,5.9,i,https://resources.premierleague.com/premierleague/photos/players/40x40/Photo-Missing.png,0,0.0,0.0,0.0,0,0,0.0,0.0,,0.0,0.0,0.0,0.0,66,92,6,Man Utd,False,4,0.25,0.0,0.0,0.0,MUN(A) · COV(H) · CHE(A) · CRY(H),0.0,0.0
517,Odobert,Wilson Odobert,Spurs,MID,5.5,i,https://resources.premierleague.com/premierleague/photos/players/40x40/p550839.png,0,0.0,0.0,0.0,0,0,0.0,0.0,,0.0,0.0,0.0,0.0,41,18,6,Man Utd,False,4,0.13,0.0,0.0,0.0,MUN(A) · COV(H) · CHE(A) · CRY(H),0.0,0.0
518,P.M.Sarr,Pape Matar Sarr,Spurs,MID,4.9,u,https://resources.premierleague.com/premierleague/photos/players/40x40/p482442.png,0,0.0,0.0,0.1,0,0,0.0,0.0,,0.0,0.0,0.0,0.0,0,815,6,Man Utd,False,4,0.17,0.0,0.0,0.0,MUN(A) · COV(H) · CHE(A) · CRY(H),0.0,0.0
550,Jocelin.T,Djiamgone Jocelin Ta Bi,Sunderland,MID,5.0,a,https://resources.premierleague.com/premierleague/photos/players/40x40/Photo-Missing.png,0,0.0,0.0,0.0,0,0,,0.0,,0.0,0.0,0.0,0.0,52,55,6,Brighton,True,3,0.01,0.04,0.0,0.16,BHA(H) · BOU(A) · LEE(H) · COV(A),0.0,0.0
18,Martinelli,Gabriel Martinelli Silva,Arsenal,MID,6.3,u,https://resources.premierleague.com/premierleague/photos/players/40x40/p444145.png,0,0.0,0.0,0.1,0,0,0.0,0.0,,0.0,0.0,0.0,0.0,0,660,6,Leeds,True,3,0.14,0.0,0.0,0.0,LEE(H) · NFO(A) · EVE(H) · LIV(A),0.0,0.0
6,Saliba,William Saliba,Arsenal,DEF,5.9,i,https://resources.premierleague.com/premierleague/photos/players/40x40/p462424.png,0,0.0,0.0,0.2,0,0,0.0,0.0,,0.0,0.0,0.0,0.0,486,1289,6,Leeds,True,3,0.39,0.0,0.0,0.0,LEE(H) · NFO(A) · EVE(H) · LIV(A),0.0,0.0
3,Meslier,Illan Meslier,Arsenal,GKP,4.9,a,https://resources.premierleague.com/premierleague/photos/players/40x40/p437495.png,0,0.0,0.0,0.0,0,0,,0.0,,0.0,0.0,0.0,0.0,59,135,6,Leeds,True,3,0.38,2.25,0.0,8.25,LEE(H) · NFO(A) · EVE(H) · LIV(A),6.0,0.0
613,Ahoka,Jules Ahoka,Sunderland,MID,4.5,a,https://resources.premierleague.com/premierleague/photos/players/40x40/Photo-Missing.png,0,0.0,0.0,0.2,0,0,,0.0,,0.0,0.0,0.0,0.0,678,1828,6,Brighton,True,3,0.38,1.16,0.0,5.02,BHA(H) · BOU(A) · LEE(H) · COV(A),3.0,0.0
2,Arrizabalaga,Kepa Arrizabalaga Revuelta,Arsenal,GKP,4.9,a,https://resources.premierleague.com/premierleague/photos/players/40x40/p109745.png,0,0.0,0.0,0.1,0,0,,0.0,,0.0,0.0,0.0,0.0,134,309,6,Leeds,True,3,0.01,0.05,0.0,0.17,LEE(H) · NFO(A) · EVE(H) · LIV(A),0.0,0.0
651,J.Angulo,Juan Angulo,Sunderland,FWD,4.5,a,https://resources.premierleague.com/premierleague/photos/players/40x40/Photo-Missing.png,0,0.0,0.0,0.7,0,0,,0.0,,0.0,0.0,0.0,0.0,11078,8500,6,Brighton,True,3,0.38,0.75,0.0,3.25,BHA(H) · BOU(A) · LEE(H) · COV(A),2.0,0.0
612,Methalie,Dayann Méthalie,Sunderland,DEF,4.5,a,https://resources.premierleague.com/premierleague/photos/players/40x40/Photo-Missing.png,-1,-1.0,-0.5,0.0,90,1,100.0,-0.5,,0.03,0.01,2.82,3.0,140,79,6,Brighton,True,3,0.48,1.25,-0.5,5.42,BHA(H) · BOU(A) · LEE(H) · COV(A),2.0,0.001
