id,web_name,full_name,team_name,position,now_cost,status,photo_url,total_points,points_per_game,form,selected_by_percent,minutes,starts,chance_of_playing_next_round,ep_next,set_piece_duties,expected_goals_per_90,expected_assists_per_90,expected_goals_conceded_per_90,defensive_contribution_per_90,transfers_in_event,transfers_out_event,next_gameweek,next_opponent,next_is_home,next_fixture_difficulty
124,Groß,Pascal Groß,Brighton,MID,5.9,a,https://resources.premierleague.com/premierleague/photos/players/40x40/p60307.png,47,9.4,15.5,33.7,450,5,,15.5,"Penales, Tiros libres, Córners",0.35,0.17,1.73,5.2,1287104,27279,6,Sunderland,False,3
229,Tarkowski,James Tarkowski,Everton,DEF,6.2,a,https://resources.premierleague.com/premierleague/photos/players/40x40/p17761.png,43,8.6,11.0,18.1,450,5,,11.0,,0.04,0.01,1.39,10.2,386103,51515,6,Hull City,False,2
330,Bogle,Jayden Bogle,Leeds,DEF,4.6,a,https://resources.premierleague.com/premierleague/photos/players/40x40/p226182.png,42,8.4,10.0,8.0,365,5,,10.0,,0.34,0.02,0.71,3.95,219734,52351,6,Arsenal,False,5
94,Schade,Kevin Schade,Brentford,MID,6.2,a,https://resources.premierleague.com/premierleague/photos/players/40x40/p513418.png,39,7.8,12.0,14.7,447,5,,12.0,,0.31,0.06,1.27,6.85,735135,66928,6,Aston Villa,False,3
411,Haaland,Erling Haaland,Man City,FWD,15.6,a,https://resources.premierleague.com/premierleague/photos/players/40x40/p223094.png,39,7.8,7.5,74.1,450,5,,7.5,Penales,0.88,0.11,1.45,4.0,143595,44592,6,Liverpool,False,4
115,De Cuyper,Maxim De Cuyper,Brighton,DEF,5.0,a,https://resources.premierleague.com/premierleague/photos/players/40x40/p465730.png,38,7.6,8.5,30.1,423,5,,8.5,,0.33,0.14,1.83,3.4,558640,46824,6,Sunderland,False,3
391,Gvardiol,Joško Gvardiol,Man City,DEF,5.7,a,https://resources.premierleague.com/premierleague/photos/players/40x40/p477424.png,37,7.4,7.5,27.1,434,5,,7.5,,0.05,0.15,1.5,6.43,248450,111665,6,Liverpool,False,4
572,Tzolakis,Konstantinos Tzolakis,Hull City,GKP,4.7,a,https://resources.premierleague.com/premierleague/photos/players/40x40/p473284.png,34,6.8,4.0,13.2,450,5,,4.0,,0.0,0.0,1.48,0.0,193088,46354,6,Everton,True,3
399,Cherki,Rayan Cherki,Man City,MID,7.8,a,https://resources.premierleague.com/premierleague/photos/players/40x40/p466052.png,34,6.8,4.5,28.6,302,4,,4.5,"Tiros libres, Córners",0.21,0.46,1.49,3.58,234991,172280,6,Liverpool,False,4
397,Semenyo,Antoine Semenyo,Man City,MID,8.4,d,https://resources.premierleague.com/premierleague/photos/players/40x40/p437730.png,33,6.6,10.0,14.0,450,5,75.0,7.5,,0.07,0.23,1.45,4.4,143445,201630,6,Liverpool,False,4
379,Isak,Alexander Isak,Liverpool,FWD,9.1,i,https://resources.premierleague.com/premierleague/photos/players/40x40/p219168.png,33,6.6,5.0,19.1,413,5,0.0,0.0,,0.77,0.02,1.27,1.53,132117,413506,6,Man City,True,4
165,João Pedro,João Pedro Junqueira de Jesus,Chelsea,FWD,7.7,a,https://resources.premierleague.com/premierleague/photos/players/40x40/p475168.png,33,8.2,6.0,64.4,360,4,100.0,6.0,,0.54,0.05,1.54,2.25,219317,583235,6,Bournemouth,True,3
504,Vuskovic,Luka Vušković,Brighton,DEF,5.0,a,https://resources.premierleague.com/premierleague/photos/players/40x40/p610799.png,32,6.4,7.0,4.1,437,5,,7.0,,0.09,0.01,1.74,8.86,111929,29285,6,Sunderland,False,3
367,Gakpo,Cody Gakpo,Liverpool,MID,7.2,i,https://resources.premierleague.com/premierleague/photos/players/40x40/p243298.png,32,6.4,2.0,10.5,370,4,0.0,0.0,,0.16,0.42,1.34,7.78,55191,280678,6,Man City,True,4
12,Saka,Bukayo Saka,Arsenal,MID,9.6,a,https://resources.premierleague.com/premierleague/photos/players/40x40/p223340.png,32,6.4,5.0,16.2,416,5,,5.0,Penales,0.7,0.21,0.77,6.71,373718,75076,6,Leeds,True,3
426,B.Fernandes,Bruno Borges Fernandes,Man Utd,MID,11.9,a,https://resources.premierleague.com/premierleague/photos/players/40x40/p141746.png,31,6.2,2.0,37.9,450,5,,2.0,"Penales, Tiros libres, Córners",0.51,0.26,1.36,5.8,96613,325791,6,Spurs,True,2
286,Belloumi,Mohamed Belloumi,Hull City,MID,5.1,a,https://resources.premierleague.com/premierleague/photos/players/40x40/p540324.png,31,6.2,8.5,5.8,394,5,,8.5,,0.16,0.1,1.47,10.05,150191,47075,6,Everton,True,3
68,Tavernier,Marcus Tavernier,Bournemouth,MID,6.1,a,https://resources.premierleague.com/premierleague/photos/players/40x40/p201658.png,31,6.2,5.0,7.1,424,5,,5.0,"Tiros libres, Córners",0.36,0.2,1.39,8.92,154129,82152,6,Chelsea,False,4
449,Hall,Lewis Hall,Newcastle,DEF,5.3,a,https://resources.premierleague.com/premierleague/photos/players/40x40/p487838.png,31,6.2,6.5,19.7,449,5,,6.5,"Tiros libres, Córners",0.05,0.16,1.83,9.22,500010,45655,6,Coventry City,False,2
388,Guéhi,Marc Guéhi,Man City,DEF,6.0,a,https://resources.premierleague.com/premierleague/photos/players/40x40/p209036.png,30,6.0,5.0,17.9,450,5,,5.0,,0.19,0.08,1.45,5.8,36941,88542,6,Liverpool,False,4
1,Raya,David Raya Martín,Arsenal,GKP,6.1,a,https://resources.premierleague.com/premierleague/photos/players/40x40/p154561.png,30,6.0,7.5,43.2,450,5,,7.5,,0.0,0.0,0.81,0.0,254949,83213,6,Leeds,True,3
69,Scott,Alex Scott,Bournemouth,MID,6.1,i,https://resources.premierleague.com/premierleague/photos/players/40x40/p503139.png,30,6.0,3.0,4.7,446,5,0.0,0.0,,0.13,0.08,1.38,12.11,26726,149496,6,Chelsea,False,4
15,Ødegaard,Martin Ødegaard,Arsenal,MID,6.8,a,https://resources.premierleague.com/premierleague/photos/players/40x40/p184029.png,29,5.8,2.5,20.1,377,5,,2.5,,0.26,0.32,0.77,5.49,181785,154821,6,Leeds,True,3
40,Rogers,Morgan Rogers,Chelsea,MID,7.8,a,https://resources.premierleague.com/premierleague/photos/players/40x40/p244850.png,29,5.8,5.0,42.1,437,5,,5.0,,0.35,0.25,1.8,6.38,355429,113448,6,Bournemouth,True,3
8,Calafiori,Riccardo Calafiori,Arsenal,DEF,5.9,a,https://resources.premierleague.com/premierleague/photos/players/40x40/p466075.png,29,5.8,3.5,51.1,416,5,,3.5,,0.14,0.13,0.81,3.89,176764,93740,6,Leeds,True,3
480,Gibbs-White,Morgan Gibbs-White,Nott'm Forest,MID,8.0,a,https://resources.premierleague.com/premierleague/photos/players/40x40/p222531.png,28,5.6,5.0,15.8,450,5,100.0,5.0,"Penales, Tiros libres",0.31,0.28,0.95,4.2,148454,156997,6,Crystal Palace,False,3
98,Janelt,Vitaly Janelt,Brentford,MID,5.0,a,https://resources.premierleague.com/premierleague/photos/players/40x40/p204580.png,28,5.6,3.5,2.5,450,5,,3.5,,0.11,0.09,1.26,12.8,32415,30270,6,Aston Villa,False,3
453,Barnes,Harvey Barnes,Newcastle,MID,6.1,a,https://resources.premierleague.com/premierleague/photos/players/40x40/p201666.png,28,5.6,5.5,7.3,450,5,,5.5,,0.12,0.1,1.83,6.6,345911,53543,6,Coventry City,False,2
154,Palmer,Cole Palmer,Chelsea,MID,9.7,a,https://resources.premierleague.com/premierleague/photos/players/40x40/p244851.png,28,5.6,3.5,24.3,442,5,100.0,3.5,Penales,0.27,0.16,1.78,5.9,91396,341531,6,Bournemouth,True,3
138,Kostoulas,Charalampos Kostoulas,Brighton,FWD,5.6,a,https://resources.premierleague.com/premierleague/photos/players/40x40/p647850.png,28,5.6,10.0,7.1,353,4,,10.0,,0.34,0.02,1.96,6.88,613132,47745,6,Sunderland,False,3
385,Trafford,James Trafford,Leeds,GKP,5.0,a,https://resources.premierleague.com/premierleague/photos/players/40x40/p432720.png,28,5.6,6.5,5.5,450,5,,6.5,,0.0,0.0,1.29,0.0,38877,27310,6,Arsenal,False,5
233,Mykolenko,Vitalii Mykolenko,Everton,DEF,4.6,d,https://resources.premierleague.com/premierleague/photos/players/40x40/p224967.png,27,5.4,8.0,3.8,450,5,75.0,6.0,,0.01,0.03,1.39,7.8,45550,66028,6,Hull City,False,2
335,Stach,Anton Stach,Leeds,MID,6.0,a,https://resources.premierleague.com/premierleague/photos/players/40x40/p466525.png,27,5.4,4.0,2.4,447,5,,4.0,"Tiros libres, Córners",0.2,0.06,1.24,12.28,8460,31489,6,Arsenal,False,5
334,Muharemović,Tarik Muharemović,Leeds,DEF,5.0,a,https://resources.premierleague.com/premierleague/photos/players/40x40/p522047.png,27,5.4,6.5,4.5,450,5,,6.5,,0.1,0.01,1.29,11.6,71890,48966,6,Arsenal,False,5
350,A.Becker,Alisson Becker,Liverpool,GKP,5.5,a,https://resources.premierleague.com/premierleague/photos/players/40x40/p116535.png,27,5.4,8.5,4.2,450,5,,8.5,,0.0,0.0,1.22,0.0,23195,20557,6,Man City,True,4
279,Ajayi,Semi Ajayi,Hull City,DEF,4.2,a,https://resources.premierleague.com/premierleague/photos/players/40x40/p146426.png,27,5.4,1.0,14.0,423,5,100.0,1.0,,0.14,0.0,1.37,5.74,80171,90823,6,Everton,True,3
230,Branthwaite,Jarrad Branthwaite,Everton,DEF,5.5,a,https://resources.premierleague.com/premierleague/photos/players/40x40/p480455.png,27,5.4,7.0,2.6,450,5,,7.0,,0.03,0.0,1.39,10.8,43308,14312,6,Hull City,False,2
277,Egan,John Egan,Hull City,DEF,4.1,a,https://resources.premierleague.com/premierleague/photos/players/40x40/p108416.png,26,5.2,1.5,7.2,437,5,,1.5,,0.01,0.0,1.5,12.15,75144,49977,6,Everton,True,3
428,Cunha,Matheus Santos Carneiro da Cunha,Man Utd,MID,7.9,a,https://resources.premierleague.com/premierleague/photos/players/40x40/p430871.png,26,5.2,6.0,6.0,407,5,,6.0,,0.14,0.18,1.2,2.87,51353,36151,6,Spurs,True,2
332,Justin,James Justin,Leeds,DEF,4.5,a,https://resources.premierleague.com/premierleague/photos/players/40x40/p220627.png,26,5.2,5.0,1.4,450,5,,5.0,,0.04,0.08,1.29,8.8,10714,11715,6,Arsenal,False,5
316,Emersonn,Emersonn Correia da Silva,Ipswich Town,FWD,5.5,a,https://resources.premierleague.com/premierleague/photos/players/40x40/p543968.png,26,5.2,7.0,4.0,317,5,100.0,7.0,,0.46,0.03,1.22,2.84,78569,35282,6,Fulham,True,2
356,Virgil,Virgil van Dijk,Liverpool,DEF,6.5,a,https://resources.premierleague.com/premierleague/photos/players/40x40/p97032.png,25,5.0,8.0,16.1,450,5,,8.0,,0.05,0.02,1.22,9.6,40313,76398,6,Man City,True,4
586,Mendy,Nobel Mendy,Hull City,DEF,4.1,a,https://resources.premierleague.com/premierleague/photos/players/40x40/p606930.png,25,6.2,0.5,6.2,249,4,100.0,0.5,,0.12,0.0,1.45,14.1,14736,43551,6,Everton,True,3
226,Pickford,Jordan Pickford,Everton,GKP,5.5,a,https://resources.premierleague.com/premierleague/photos/players/40x40/p111234.png,25,5.0,7.0,9.2,450,5,,7.0,,0.0,0.0,1.39,0.0,45950,29739,6,Hull City,False,2
305,Davis,Leif Davis,Ipswich Town,DEF,4.0,a,https://resources.premierleague.com/premierleague/photos/players/40x40/p455084.png,25,5.0,8.0,7.5,450,5,,8.0,,0.32,0.09,1.8,4.8,120409,50622,6,Fulham,True,2
427,Mbeumo,Bryan Mbeumo,Man Utd,MID,7.9,a,https://resources.premierleague.com/premierleague/photos/players/40x40/p446008.png,25,5.0,2.0,20.2,450,5,,2.0,,0.61,0.16,1.36,5.2,97727,228564,6,Spurs,True,2
4,Gabriel,Gabriel dos Santos Magalhães,Arsenal,DEF,8.0,a,https://resources.premierleague.com/premierleague/photos/players/40x40/p226597.png,25,5.0,5.0,22.6,450,5,,5.0,,0.1,0.04,0.81,8.2,52005,114376,6,Leeds,True,3
127,Gomez,Diego Gómez Amarilla,Brighton,MID,5.0,a,https://resources.premierleague.com/premierleague/photos/players/40x40/p514254.png,24,4.8,5.5,3.7,433,5,,5.5,,0.16,0.16,1.76,7.48,21610,68845,6,Sunderland,False,3
112,Van Hecke,Jan Paul van Hecke,Spurs,DEF,4.9,a,https://resources.premierleague.com/premierleague/photos/players/40x40/p469142.png,24,4.8,7.0,6.1,450,5,100.0,7.0,,0.14,0.08,1.56,8.6,35637,84275,6,Man Utd,False,4
552,Brobbey,Brian Brobbey,Sunderland,FWD,5.7,i,https://resources.premierleague.com/premierleague/photos/players/40x40/p441264.png,24,4.8,9.0,6.1,399,5,0.0,0.0,,0.66,0.02,1.85,2.48,204327,131503,6,Brighton,True,3
362,Jacquet,Jeremy Jacquet,Liverpool,DEF,5.0,a,https://resources.premierleague.com/premierleague/photos/players/40x40/p606702.png,24,4.8,7.5,3.4,415,5,100.0,7.5,,0.0,0.03,1.19,7.81,52677,35275,6,Man City,True,4
268,King,Josh King,Fulham,MID,5.6,a,https://resources.premierleague.com/premierleague/photos/players/40x40/p577725.png,24,4.8,2.5,4.0,425,5,,2.5,,0.33,0.1,1.76,5.93,254962,41841,6,Ipswich Town,False,2
282,Giles,Ryan Giles,Hull City,DEF,4.0,a,https://resources.premierleague.com/premierleague/photos/players/40x40/p232351.png,24,4.8,2.0,2.9,444,5,,2.0,Tiros libres,0.0,0.09,1.49,4.86,36123,22529,6,Everton,True,3
204,Mitchell,Tyrick Mitchell,Crystal Palace,DEF,4.5,a,https://resources.premierleague.com/premierleague/photos/players/40x40/p244723.png,24,4.8,4.0,6.1,419,5,,4.0,,0.17,0.06,1.79,5.37,28705,32757,6,Nott'm Forest,True,3
173,Thomas,Bobby Thomas,Coventry City,DEF,4.0,a,https://resources.premierleague.com/premierleague/photos/players/40x40/p461102.png,24,4.8,4.5,8.6,437,5,,4.5,,0.1,0.06,1.67,10.71,65959,59268,6,Newcastle,True,3
109,Verbruggen,Bart Verbruggen,Brighton,GKP,4.5,a,https://resources.premierleague.com/premierleague/photos/players/40x40/p489639.png,23,4.6,7.0,21.4,450,5,,7.0,,0.0,0.04,1.73,0.0,131475,151848,6,Sunderland,False,3
472,Murillo,Murillo Costa dos Santos,Nott'm Forest,DEF,5.5,a,https://resources.premierleague.com/premierleague/photos/players/40x40/p575476.png,23,4.6,5.0,2.2,449,5,100.0,5.0,,0.08,0.07,0.96,10.62,18621,14161,6,Crystal Palace,False,3
88,Kayode,Michael Kayode,Brentford,DEF,4.6,a,https://resources.premierleague.com/premierleague/photos/players/40x40/p607464.png,23,4.6,3.5,7.6,294,4,,3.5,,0.17,0.13,0.99,4.9,30464,38310,6,Aston Villa,False,3
346,Calvert-Lewin,Dominic Calvert-Lewin,Leeds,FWD,6.0,a,https://resources.premierleague.com/premierleague/photos/players/40x40/p177815.png,22,4.4,6.0,23.6,419,5,,6.0,Penales,0.64,0.02,1.04,4.73,158004,345905,6,Arsenal,False,5
565,M.Sangaré,Mamadou Sangaré,Brentford,MID,5.6,a,https://resources.premierleague.com/premierleague/photos/players/40x40/p513545.png,22,4.4,2.0,9.1,321,4,,2.0,,0.11,0.18,1.21,13.46,13601,221239,6,Aston Villa,False,3
237,Ndiaye,Iliman Ndiaye,Man City,MID,5.8,a,https://resources.premierleague.com/premierleague/photos/players/40x40/p440993.png,22,4.4,3.0,6.2,385,4,,3.0,,0.09,0.14,2.2,10.29,12928,119044,6,Liverpool,False,4
86,Lewis-Potter,Keane Lewis-Potter,Brentford,MID,5.5,a,https://resources.premierleague.com/premierleague/photos/players/40x40/p249231.png,22,4.4,2.0,1.6,406,5,,2.0,Tiros libres,0.27,0.18,1.26,8.42,6269,19765,6,Aston Villa,False,3
460,Willock,Joe Willock,Newcastle,MID,5.0,a,https://resources.premierleague.com/premierleague/photos/players/40x40/p200089.png,22,4.4,5.5,0.6,284,3,,5.5,,0.26,0.1,1.64,5.7,17664,5399,6,Coventry City,False,2
432,Mainoo,Kobbie Mainoo,Man Utd,MID,5.5,d,https://resources.premierleague.com/premierleague/photos/players/40x40/p516895.png,22,4.4,4.0,1.5,354,4,75.0,3.0,,0.08,0.13,1.21,14.24,9227,24910,6,Spurs,True,2
116,Dunk,Lewis Dunk,Brighton,DEF,4.5,a,https://resources.premierleague.com/premierleague/photos/players/40x40/p83299.png,22,5.5,6.0,1.5,360,4,100.0,6.0,,0.01,0.02,1.76,5.75,11848,16968,6,Sunderland,False,3
579,Araujo,Ronald Araujo,Liverpool,DEF,5.4,a,https://resources.premierleague.com/premierleague/photos/players/40x40/p445087.png,22,4.4,6.5,3.1,284,3,,6.5,,0.0,0.02,0.87,7.61,29094,16497,6,Man City,True,4
214,Kamada,Daichi Kamada,Crystal Palace,MID,5.0,a,https://resources.premierleague.com/premierleague/photos/players/40x40/p209400.png,21,4.2,5.5,0.5,441,5,,5.5,,0.1,0.08,1.81,7.76,5809,5268,6,Nott'm Forest,True,3
338,Ampadu,Ethan Ampadu,Leeds,MID,5.4,a,https://resources.premierleague.com/premierleague/photos/players/40x40/p199598.png,21,4.2,6.0,0.9,450,5,,6.0,,0.02,0.05,1.29,12.0,3542,9555,6,Arsenal,False,5
93,Schuster,Jannik Schuster,Brentford,DEF,4.5,a,https://resources.premierleague.com/premierleague/photos/players/40x40/p513086.png,21,7.0,8.5,0.5,253,2,,8.5,,0.04,0.19,1.49,13.52,34169,5279,6,Aston Villa,False,3
544,Xhaka,Granit Xhaka,Sunderland,MID,5.5,a,https://resources.premierleague.com/premierleague/photos/players/40x40/p84450.png,21,4.2,1.5,3.5,450,5,,1.5,,0.01,0.26,1.73,10.8,9905,38291,6,Brighton,True,3
41,Buendía,Emiliano Buendía Stati,Aston Villa,MID,5.9,a,https://resources.premierleague.com/premierleague/photos/players/40x40/p195546.png,21,4.2,7.0,1.1,401,5,,7.0,"Penales, Tiros libres",0.21,0.05,1.76,7.63,26767,9174,6,Brentford,True,3
10,White,Benjamin White,Arsenal,DEF,5.5,a,https://resources.premierleague.com/premierleague/photos/players/40x40/p198869.png,21,5.2,0.5,4.5,315,4,100.0,0.5,,0.05,0.08,0.33,5.14,5370,108494,6,Leeds,True,3
87,Ajer,Kristoffer Ajer,Brentford,DEF,4.5,a,https://resources.premierleague.com/premierleague/photos/players/40x40/p191866.png,21,4.2,4.0,3.8,450,5,,4.0,,0.03,0.02,1.26,10.0,24061,43168,6,Aston Villa,False,3
649,Maitland-Niles,Ainsley Maitland-Niles,Everton,DEF,4.5,a,https://resources.premierleague.com/premierleague/photos/players/40x40/p154043.png,21,7.0,7.0,1.5,177,2,,7.0,,0.03,0.13,1.02,6.61,32592,9007,6,Hull City,False,2
236,Dewsbury-Hall,Kiernan Dewsbury-Hall,Everton,MID,6.6,a,https://resources.premierleague.com/premierleague/photos/players/40x40/p215413.png,20,4.0,2.5,5.7,450,5,,2.5,,0.2,0.17,1.35,8.4,49396,86010,6,Hull City,False,2
176,Dasilva,Jay Dasilva,Coventry City,DEF,4.0,a,https://resources.premierleague.com/premierleague/photos/players/40x40/p173878.png,20,4.0,7.5,0.8,444,5,,7.5,,0.1,0.11,1.75,4.66,16339,4034,6,Newcastle,True,3
249,Barry,Thierno Barry,Everton,FWD,5.7,a,https://resources.premierleague.com/premierleague/photos/players/40x40/p586309.png,20,4.0,4.0,8.6,417,5,,4.0,Penales,0.76,0.03,1.08,3.67,159464,84940,6,Hull City,False,2
605,Yalcouyé,Malick Yalcouyé,Brighton,MID,4.5,a,https://resources.premierleague.com/premierleague/photos/players/40x40/p611695.png,20,4.0,4.5,3.9,236,3,,4.5,,0.56,0.17,2.51,7.25,43888,53853,6,Sunderland,False,3
258,Castagne,Timothy Castagne,Fulham,DEF,4.5,a,https://resources.premierleague.com/premierleague/photos/players/40x40/p166477.png,20,4.0,3.5,1.1,408,5,,3.5,,0.15,0.09,1.5,6.4,38956,9921,6,Ipswich Town,False,2
13,Rice,Declan Rice,Arsenal,MID,7.4,d,https://resources.premierleague.com/premierleague/photos/players/40x40/p204480.png,20,4.0,3.5,10.8,411,5,75.0,2.6,"Tiros libres, Córners",0.03,0.15,0.77,9.2,8986,156580,6,Leeds,True,3
368,Szoboszlai,Dominik Szoboszlai,Liverpool,MID,6.9,a,https://resources.premierleague.com/premierleague/photos/players/40x40/p424876.png,20,4.0,2.5,31.1,440,5,,2.5,"Penales, Tiros libres, Córners",0.29,0.17,1.23,8.39,64022,404183,6,Man City,True,4
82,Kelleher,Caoimhín Kelleher,Brentford,GKP,5.0,a,https://resources.premierleague.com/premierleague/photos/players/40x40/p200720.png,20,4.0,4.5,6.1,450,5,,4.5,,0.0,0.0,1.26,0.0,33161,26565,6,Aston Villa,False,3
384,Donnarumma,Gianluigi Donnarumma,Man City,GKP,5.5,a,https://resources.premierleague.com/premierleague/photos/players/40x40/p204936.png,19,3.8,4.5,7.4,450,5,,4.5,,0.0,0.0,1.45,0.0,15358,50305,6,Liverpool,False,4
242,George,Tyrique George,Everton,MID,5.5,a,https://resources.premierleague.com/premierleague/photos/players/40x40/p550615.png,19,3.8,2.0,0.8,309,4,,2.0,,0.1,0.09,1.08,5.24,3823,19052,6,Hull City,False,2
26,Havertz,Kai Havertz,Arsenal,FWD,7.6,d,https://resources.premierleague.com/premierleague/photos/players/40x40/p219847.png,19,3.8,1.5,7.2,437,5,75.0,1.1,,0.34,0.08,0.81,2.68,54144,173075,6,Leeds,True,3
469,N.Williams,Neco Williams,Nott'm Forest,DEF,5.0,d,https://resources.premierleague.com/premierleague/photos/players/40x40/p215136.png,19,3.8,2.0,8.0,450,5,50.0,1.0,,0.08,0.12,0.95,5.8,18189,120233,6,Crystal Palace,False,3
114,Boscagli,Olivier Boscagli,Brighton,DEF,4.5,a,https://resources.premierleague.com/premierleague/photos/players/40x40/p204120.png,19,3.8,6.0,0.3,437,5,,6.0,,0.01,0.11,1.74,5.97,4710,1688,6,Sunderland,False,3
588,Khalaili,Anan Khalaili,Crystal Palace,DEF,5.0,a,https://resources.premierleague.com/premierleague/photos/players/40x40/p570794.png,19,3.8,6.5,0.3,379,4,100.0,6.5,,0.23,0.08,2.0,10.45,3215,3213,6,Nott'm Forest,True,3
366,Wirtz,Florian Wirtz,Liverpool,MID,7.3,a,https://resources.premierleague.com/premierleague/photos/players/40x40/p494595.png,18,3.6,4.5,5.5,402,5,,4.5,,0.22,0.09,1.08,8.06,13058,72798,6,Man City,True,4
336,Okafor,Noah Okafor,Leeds,MID,5.8,a,https://resources.premierleague.com/premierleague/photos/players/40x40/p435997.png,18,3.6,6.0,0.4,299,4,,6.0,,0.05,0.08,0.71,5.42,3577,6795,6,Arsenal,False,5
496,Kinsky,Antonín Kinský,Spurs,GKP,4.5,a,https://resources.premierleague.com/premierleague/photos/players/40x40/p485055.png,18,3.6,4.5,16.3,450,5,,4.5,,0.0,0.0,1.56,0.0,35337,217036,6,Man Utd,False,4
79,Evanilson,Francisco Evanilson de Lima Barbosa,Bournemouth,FWD,6.0,a,https://resources.premierleague.com/premierleague/photos/players/40x40/p444102.png,18,3.6,3.5,3.3,424,5,,3.5,,0.18,0.11,1.37,5.73,37322,34546,6,Chelsea,False,4
542,E.Le Fée,Enzo Le Fée,Sunderland,MID,5.7,a,https://resources.premierleague.com/premierleague/photos/players/40x40/p484420.png,18,3.6,2.5,3.2,438,5,,2.5,Córners,0.42,0.28,1.74,4.32,20082,45988,6,Brighton,True,3
454,Elanga,Anthony Elanga,Newcastle,MID,6.1,i,https://resources.premierleague.com/premierleague/photos/players/40x40/p449434.png,18,6.0,0.0,3.8,232,3,0.0,0.0,,0.16,0.13,1.56,3.49,434,245538,6,Coventry City,False,2
250,Leno,Bernd Leno,Fulham,GKP,4.5,a,https://resources.premierleague.com/premierleague/photos/players/40x40/p80201.png,18,3.6,6.0,3.8,450,5,,6.0,,0.0,0.0,1.82,0.0,94160,25689,6,Ipswich Town,False,2
502,Robertson,Andrew Robertson,Spurs,DEF,4.4,a,https://resources.premierleague.com/premierleague/photos/players/40x40/p122798.png,17,3.4,5.5,2.4,366,4,,5.5,,0.03,0.11,1.73,4.92,12518,27185,6,Man Utd,False,4
45,McGinn,John McGinn,Aston Villa,MID,5.4,a,https://resources.premierleague.com/premierleague/photos/players/40x40/p122806.png,17,3.4,6.0,2.2,434,5,,6.0,Córners,0.16,0.05,1.72,6.22,14945,17450,6,Brentford,True,3
390,Rúben,Rúben dos Santos Gato Alves Dias,Man City,DEF,5.5,a,https://resources.premierleague.com/premierleague/photos/players/40x40/p171314.png,17,3.4,3.5,1.9,450,5,,3.5,,0.06,0.15,1.45,5.2,6977,13992,6,Liverpool,False,4
244,Armstrong,Harrison Armstrong,Everton,MID,5.0,a,https://resources.premierleague.com/premierleague/photos/players/40x40/p609873.png,16,3.2,2.5,0.4,446,5,100.0,2.5,,0.04,0.1,1.4,8.07,1337,4810,6,Hull City,False,2
123,Hinshelwood,Jack Hinshelwood,Brighton,MID,5.9,d,https://resources.premierleague.com/premierleague/photos/players/40x40/p532529.png,16,16.0,0.0,0.5,63,1,50.0,0.0,,2.01,0.03,0.27,4.29,552,9693,6,Sunderland,False,3
551,N.Angulo,Nilson Angulo,Sunderland,MID,5.0,a,https://resources.premierleague.com/premierleague/photos/players/40x40/p536661.png,16,3.2,3.0,0.1,313,5,,3.0,Tiros libres,0.17,0.04,1.31,6.9,852,1192,6,Brighton,True,3
110,Rushworth,Carl Rushworth,Coventry City,GKP,4.5,a,https://resources.premierleague.com/premierleague/photos/players/40x40/p472739.png,16,3.2,5.5,0.7,450,5,,5.5,,0.0,0.0,1.73,0.0,4473,9317,6,Newcastle,True,3
597,Suzuki,Zion Suzuki,Aston Villa,GKP,5.0,a,https://resources.premierleague.com/premierleague/photos/players/40x40/p433969.png,16,4.0,2.0,1.9,360,4,,2.0,,0.0,0.0,1.36,0.0,20919,11498,6,Brentford,True,3
96,Damsgaard,Mikkel Damsgaard,Brentford,MID,5.4,d,https://resources.premierleague.com/premierleague/photos/players/40x40/p440089.png,16,3.2,2.0,0.4,283,3,75.0,1.5,,0.05,0.23,0.97,9.86,1972,5619,6,Aston Villa,False,3
503,Van de Ven,Micky van de Ven,Spurs,DEF,5.0,a,https://resources.premierleague.com/premierleague/photos/players/40x40/p491279.png,16,4.0,3.5,3.7,360,4,100.0,3.5,,0.15,0.01,0.98,7.25,11727,32098,6,Man Utd,False,4
557,Tzolis,Christos Tzolis,Arsenal,MID,6.3,i,https://resources.premierleague.com/premierleague/photos/players/40x40/p439509.png,16,3.2,2.5,9.5,362,5,0.0,0.0,,0.05,0.14,0.68,5.72,13048,412314,6,Leeds,True,3
553,Isidor,Wilson Isidor,Sunderland,FWD,5.5,a,https://resources.premierleague.com/premierleague/photos/players/40x40/p437505.png,15,3.0,1.0,1.3,117,0,,1.0,,1.15,0.01,2.91,3.85,9495,17059,6,Brighton,True,3
129,Ayari,Yasin Ayari,Brighton,MID,5.4,a,https://resources.premierleague.com/premierleague/photos/players/40x40/p509416.png,15,3.8,5.5,0.4,333,4,100.0,5.5,,0.19,0.05,1.52,5.68,4484,3504,6,Sunderland,False,3
483,Ndoye,Dan Ndoye,Nott'm Forest,MID,5.5,a,https://resources.premierleague.com/premierleague/photos/players/40x40/p456512.png,15,3.0,1.0,0.7,316,5,,1.0,,0.36,0.26,1.09,5.7,1535,13703,6,Crystal Palace,False,3
257,Bassey,Calvin Bassey,Fulham,DEF,4.5,a,https://resources.premierleague.com/premierleague/photos/players/40x40/p232892.png,15,3.0,6.0,0.9,450,5,,6.0,,0.03,0.02,1.82,5.8,22420,4514,6,Ipswich Town,False,2
516,Bentancur,Rodrigo Bentancur,Spurs,MID,5.5,a,https://resources.premierleague.com/premierleague/photos/players/40x40/p202993.png,15,3.0,3.5,0.2,370,4,,3.5,,0.0,0.03,1.36,14.59,666,1430,6,Man Utd,False,4
290,Slater,Regan Slater,Hull City,MID,4.5,a,https://resources.premierleague.com/premierleague/photos/players/40x40/p243413.png,15,3.0,2.0,5.0,437,5,,2.0,Córners,0.04,0.12,1.5,6.8,28755,65940,6,Everton,True,3
591,Enciso,Julio Enciso,Ipswich Town,MID,5.5,a,https://resources.premierleague.com/premierleague/photos/players/40x40/p474120.png,15,3.0,2.0,0.8,413,5,100.0,2.0,,0.27,0.19,1.85,6.76,5946,10356,6,Fulham,True,2
47,Kamara,Boubacar Kamara,Aston Villa,MID,5.0,a,https://resources.premierleague.com/premierleague/photos/players/40x40/p226944.png,15,3.0,4.0,0.3,443,5,100.0,4.0,,0.02,0.03,1.71,7.31,2133,2624,6,Brentford,True,3
447,Botman,Sven Botman,Newcastle,DEF,5.0,a,https://resources.premierleague.com/premierleague/photos/players/40x40/p220237.png,15,3.0,3.0,0.8,450,5,,3.0,,0.01,0.03,1.83,11.8,9529,5173,6,Coventry City,False,2
105,Anthony,Jaidon Anthony,Brentford,MID,5.9,a,https://resources.premierleague.com/premierleague/photos/players/40x40/p444180.png,15,3.0,5.5,0.2,267,3,,5.5,,0.39,0.18,1.18,8.76,4003,1024,6,Aston Villa,False,3
464,Wissa,Yoane Wissa,Newcastle,FWD,6.2,a,https://resources.premierleague.com/premierleague/photos/players/40x40/p216646.png,15,3.0,1.0,19.1,441,5,,1.0,,0.48,0.01,1.63,5.51,204022,223671,6,Coventry City,False,2
377,Munoz,Victor Munoz,Liverpool,MID,6.5,a,https://resources.premierleague.com/premierleague/photos/players/40x40/p551499.png,15,3.0,1.0,0.9,257,3,,1.0,,0.18,0.11,1.62,5.6,3011,17161,6,Man City,True,4
70,Kluivert,Justin Kluivert,Bournemouth,MID,6.0,i,https://resources.premierleague.com/premierleague/photos/players/40x40/p222683.png,15,3.8,4.0,0.7,294,4,0.0,0.0,,0.3,0.02,1.37,6.73,2362,32324,6,Chelsea,False,4
481,Anderson,Elliot Anderson,Man City,MID,6.3,a,https://resources.premierleague.com/premierleague/photos/players/40x40/p215379.png,15,3.0,3.5,3.9,413,5,100.0,3.5,,0.02,0.15,1.56,11.77,12890,44411,6,Liverpool,False,4
222,Strand Larsen,Jørgen Strand Larsen,Crystal Palace,FWD,6.0,a,https://resources.premierleague.com/premierleague/photos/players/40x40/p247412.png,14,2.8,5.0,0.7,298,3,,5.0,,0.13,0.06,1.86,3.93,11833,6923,6,Nott'm Forest,True,3
211,Yeremy,Yéremy Pino Santos,Crystal Palace,MID,5.5,a,https://resources.premierleague.com/premierleague/photos/players/40x40/p488024.png,14,2.8,1.5,0.3,307,4,,1.5,"Tiros libres, Córners",0.15,0.16,2.03,7.62,1102,5037,6,Nott'm Forest,True,3
541,Meunier,Thomas Meunier,Sunderland,DEF,4.5,a,https://resources.premierleague.com/premierleague/photos/players/40x40/p93605.png,14,2.8,2.5,0.3,396,5,100.0,2.5,,0.08,0.13,1.35,4.55,3097,1731,6,Brighton,True,3
455,Tonali,Sandro Tonali,Spurs,MID,5.3,a,https://resources.premierleague.com/premierleague/photos/players/40x40/p432422.png,14,2.8,2.5,1.8,427,5,100.0,2.5,,0.05,0.13,1.63,8.85,3801,25330,6,Man Utd,False,4
53,Manzambi,Johan Manzambi,Aston Villa,MID,5.9,a,https://resources.premierleague.com/premierleague/photos/players/40x40/p614071.png,14,7.0,7.0,0.7,98,1,100.0,7.0,,0.4,0.22,1.41,8.27,54477,7162,6,Brentford,True,3
567,Horníček,Lukás Hornícek,Newcastle,GKP,5.0,a,https://resources.premierleague.com/premierleague/photos/players/40x40/p470551.png,14,2.8,2.0,1.5,450,5,,2.0,,0.0,0.0,1.83,0.0,12680,9523,6,Coventry City,False,2
91,Pinnock,Ethan Pinnock,Coventry City,DEF,4.5,a,https://resources.premierleague.com/premierleague/photos/players/40x40/p231065.png,14,3.5,5.0,0.1,282,3,,5.0,,0.04,0.0,2.1,14.04,776,435,6,Newcastle,True,3
569,Gonzalo,Gonzalo García,Fulham,FWD,6.0,a,https://resources.premierleague.com/premierleague/photos/players/40x40/p551466.png,14,2.8,2.0,6.1,425,5,,2.0,Penales,0.49,0.12,1.76,3.81,307369,59699,6,Ipswich Town,False,2
445,Thiaw,Malick Thiaw,Newcastle,DEF,5.0,a,https://resources.premierleague.com/premierleague/photos/players/40x40/p465642.png,14,2.8,3.0,2.2,450,5,,3.0,,0.0,0.02,1.83,9.0,18679,18079,6,Coventry City,False,2
532,Ballard,Daniel Ballard,Sunderland,DEF,4.9,i,https://resources.premierleague.com/premierleague/photos/players/40x40/p223827.png,14,2.8,1.0,2.1,450,5,0.0,0.0,,0.06,0.03,1.73,9.8,3766,55290,6,Brighton,True,3
202,Richards,Chris Richards,Crystal Palace,DEF,4.9,a,https://resources.premierleague.com/premierleague/photos/players/40x40/p427623.png,14,2.8,5.0,0.6,450,5,,5.0,,0.02,0.01,1.89,10.8,3231,3535,6,Nott'm Forest,True,3
156,Neto,Pedro Lomba Neto,Chelsea,MID,6.5,a,https://resources.premierleague.com/premierleague/photos/players/40x40/p247632.png,14,2.8,2.0,1.4,332,4,,2.0,,0.18,0.16,1.8,7.59,11144,14547,6,Bournemouth,True,3
43,Tielemans,Youri Tielemans,Man Utd,MID,5.8,a,https://resources.premierleague.com/premierleague/photos/players/40x40/p166989.png,14,2.8,3.0,1.4,402,5,100.0,3.0,,0.15,0.12,1.38,9.63,5143,15767,6,Spurs,True,2
280,Coyle,Lewie Coyle,Hull City,DEF,4.0,a,https://resources.premierleague.com/premierleague/photos/players/40x40/p193278.png,14,2.8,1.0,0.7,348,5,100.0,1.0,,0.03,0.02,1.61,2.84,3419,3536,6,Everton,True,3
331,Gudmundsson,Gabriel Gudmundsson,Leeds,DEF,4.5,a,https://resources.premierleague.com/premierleague/photos/players/40x40/p243526.png,14,4.7,6.0,0.1,252,3,100.0,6.0,,0.0,0.08,1.37,5.0,1422,675,6,Arsenal,False,5
261,Iwobi,Alex Iwobi,Fulham,MID,5.4,a,https://resources.premierleague.com/premierleague/photos/players/40x40/p153133.png,14,2.8,4.0,0.7,408,5,,4.0,"Tiros libres, Córners",0.09,0.27,1.8,6.4,10333,5954,6,Ipswich Town,False,2
345,Tanaka,Tanaka Ao,Leeds,MID,4.9,a,https://resources.premierleague.com/premierleague/photos/players/40x40/p248056.png,14,3.5,4.0,0.3,255,3,,4.0,,0.26,0.02,1.14,10.24,3643,3920,6,Arsenal,False,5
467,Sels,Matz Sels,Nott'm Forest,GKP,5.0,a,https://resources.premierleague.com/premierleague/photos/players/40x40/p85633.png,14,2.8,2.5,1.5,450,5,,2.5,,0.0,0.0,0.95,0.0,3513,11491,6,Crystal Palace,False,3
580,Charles,Shea Charles,Fulham,MID,5.0,a,https://resources.premierleague.com/premierleague/photos/players/40x40/p463210.png,13,2.6,4.5,0.1,303,3,,4.5,,0.03,0.05,1.98,13.66,2681,970,6,Ipswich Town,False,2
183,Rudoni,Jack Rudoni,Coventry City,MID,4.9,a,https://resources.premierleague.com/premierleague/photos/players/40x40/p480457.png,13,2.6,3.5,0.1,297,4,100.0,3.5,Tiros libres,0.28,0.34,1.36,10.3,1687,1331,6,Newcastle,True,3
593,Dedić,Amar Dedic,Newcastle,DEF,4.5,d,https://resources.premierleague.com/premierleague/photos/players/40x40/p463726.png,13,3.2,0.0,1.6,327,4,50.0,0.0,,0.04,0.02,2.03,6.61,534,63251,6,Coventry City,False,2
155,Enzo,Enzo Fernández,Man City,MID,6.9,a,https://resources.premierleague.com/premierleague/photos/players/40x40/p448047.png,13,3.2,4.5,3.7,271,3,,4.5,,0.12,0.18,1.78,6.97,49790,25070,6,Liverpool,False,4
598,Elvedi,Nico Elvedi,Leeds,DEF,4.5,a,https://resources.premierleague.com/premierleague/photos/players/40x40/p173774.png,13,3.2,4.0,0.1,326,3,,4.0,,0.03,0.16,1.5,8.01,493,428,6,Arsenal,False,5
566,Silva,António João Pereira de Albuquerque Tavares da Silva,Bournemouth,DEF,5.0,a,https://resources.premierleague.com/premierleague/photos/players/40x40/p483067.png,13,2.6,3.0,0.5,450,5,,3.0,,0.17,0.06,1.39,11.2,25082,11277,6,Chelsea,False,4
264,Bobb,Oscar Bobb,Fulham,MID,5.5,a,https://resources.premierleague.com/premierleague/photos/players/40x40/p477555.png,13,2.6,3.0,0.3,343,5,,3.0,,0.14,0.3,1.62,7.35,6051,3039,6,Ipswich Town,False,2
558,Schlager,Xaver Schlager,Nott'm Forest,MID,5.0,a,https://resources.premierleague.com/premierleague/photos/players/40x40/p204561.png,13,2.6,2.5,0.1,376,4,,2.5,,0.05,0.04,1.06,11.73,328,1352,6,Crystal Palace,False,3
113,F.Kadıoğlu,Ferdi Kadıoğlu,Brighton,DEF,4.4,a,https://resources.premierleague.com/premierleague/photos/players/40x40/p231416.png,13,3.2,5.5,1.5,332,4,100.0,5.5,,0.03,0.04,2.05,2.71,8256,13923,6,Sunderland,False,3
533,Mukiele,Nordi Mukiele,Sunderland,DEF,5.4,a,https://resources.premierleague.com/premierleague/photos/players/40x40/p200834.png,13,3.2,0.0,1.9,360,4,100.0,0.0,,0.19,0.07,1.72,12.0,8450,14719,6,Brighton,True,3
200,Lacroix,Maxence Lacroix,Chelsea,DEF,5.9,a,https://resources.premierleague.com/premierleague/photos/players/40x40/p437499.png,13,2.6,2.0,6.7,364,4,,2.0,,0.04,0.05,1.96,11.62,16023,45850,6,Bournemouth,True,3
295,McBurnie,Oli McBurnie,Hull City,FWD,5.5,a,https://resources.premierleague.com/premierleague/photos/players/40x40/p169432.png,13,2.6,2.5,1.9,441,5,,2.5,Penales,0.25,0.03,1.47,4.29,15430,27935,6,Everton,True,3
358,Kerkez,Milos Kerkez,Liverpool,DEF,5.3,a,https://resources.premierleague.com/premierleague/photos/players/40x40/p544877.png,13,2.6,3.5,2.1,385,4,,3.5,,0.02,0.02,1.32,7.01,3952,19502,6,Man City,True,4
254,Robinson,Antonee Robinson,Fulham,DEF,4.5,d,https://resources.premierleague.com/premierleague/photos/players/40x40/p169528.png,12,2.4,4.0,1.5,429,5,75.0,3.0,,0.05,0.06,1.9,6.5,34539,20954,6,Ipswich Town,False,2
486,McAtee,James McAtee,Nott'm Forest,MID,5.5,a,https://resources.premierleague.com/premierleague/photos/players/40x40/p432714.png,12,2.4,2.5,0.1,416,5,,2.5,Córners,0.08,0.21,0.98,8.44,598,1448,6,Crystal Palace,False,3
210,Wharton,Adam Wharton,Crystal Palace,MID,5.4,a,https://resources.premierleague.com/premierleague/photos/players/40x40/p496221.png,12,2.4,2.0,0.7,436,5,100.0,2.0,,0.03,0.12,1.84,8.46,1772,6693,6,Nott'm Forest,True,3
491,Igor Jesus,Igor Jesus Maciel da Cruz,Nott'm Forest,FWD,5.8,i,https://resources.premierleague.com/premierleague/photos/players/40x40/p482973.png,12,2.4,4.0,2.4,257,2,0.0,0.0,,0.44,0.03,0.91,5.25,13058,52843,6,Crystal Palace,False,3
471,Milenković,Nikola Milenković,Nott'm Forest,DEF,5.4,i,https://resources.premierleague.com/premierleague/photos/players/40x40/p227444.png,12,4.0,0.0,0.9,270,3,0.0,0.0,,0.04,0.01,1.09,10.33,102,19647,6,Crystal Palace,False,3
31,Konsa,Ezri Konsa Ngoyo,Arsenal,DEF,4.6,d,https://resources.premierleague.com/premierleague/photos/players/40x40/p199798.png,12,3.0,3.5,17.9,281,3,75.0,2.6,,0.07,0.01,1.12,7.37,119384,210392,6,Leeds,True,3
639,Andrés,José María Andrés Baixauli,Brighton,MID,5.5,a,https://resources.premierleague.com/premierleague/photos/players/40x40/p592984.png,12,6.0,6.0,0.1,109,1,,6.0,,0.43,0.1,1.4,10.73,4775,506,6,Sunderland,False,3
11,Mosquera,Cristhian Mosquera,Arsenal,DEF,5.3,a,https://resources.premierleague.com/premierleague/photos/players/40x40/p500040.png,12,6.0,0.0,1.6,168,2,100.0,0.0,,0.0,0.01,0.28,5.36,3600,16645,6,Leeds,True,3
60,Hill,James Hill,Bournemouth,DEF,5.5,a,https://resources.premierleague.com/premierleague/photos/players/40x40/p463981.png,12,2.4,3.0,0.8,450,5,,3.0,,0.0,0.16,1.39,10.0,5558,5180,6,Chelsea,False,4
259,Diop,Issa Diop,Ipswich Town,DEF,4.0,a,https://resources.premierleague.com/premierleague/photos/players/40x40/p219924.png,12,2.4,2.5,12.2,450,5,,2.5,,0.01,0.03,1.8,9.0,14271,110882,6,Fulham,True,2
459,L.Miley,Lewis Miley,Newcastle,MID,5.5,d,https://resources.premierleague.com/premierleague/photos/players/40x40/p547719.png,12,2.4,2.0,0.1,396,5,75.0,1.5,,0.01,0.03,1.81,11.82,518,1211,6,Coventry City,False,2
650,Affengruber,David Affengruber,Fulham,DEF,4.5,a,https://resources.premierleague.com/premierleague/photos/players/40x40/p442299.png,12,6.0,6.0,0.4,180,2,,6.0,,0.0,0.01,1.44,11.5,43278,7159,6,Ipswich Town,False,2
570,Palacios,César Palacios,Fulham,MID,5.4,a,https://resources.premierleague.com/premierleague/photos/players/40x40/p571779.png,12,3.0,0.5,0.2,226,3,,0.5,,0.39,0.01,2.17,6.77,1149,1553,6,Ipswich Town,False,2
327,Bijol,Jaka Bijol,Leeds,DEF,5.0,a,https://resources.premierleague.com/premierleague/photos/players/40x40/p434752.png,12,4.0,0.0,0.7,164,2,,0.0,,0.06,0.0,1.73,11.52,1198,8110,6,Arsenal,False,5
73,Adams,Tyler Adams,Bournemouth,MID,5.0,a,https://resources.premierleague.com/premierleague/photos/players/40x40/p200785.png,12,2.4,3.0,0.3,279,3,100.0,3.0,,0.01,0.02,0.88,13.23,1893,2394,6,Chelsea,False,4
313,Clarke,Jack Clarke,Ipswich Town,MID,5.4,a,https://resources.premierleague.com/premierleague/photos/players/40x40/p443261.png,11,2.8,1.5,0.2,170,2,,1.5,Penales,0.16,0.2,1.04,5.29,399,1578,6,Fulham,True,2
265,Berge,Sander Berge,Fulham,MID,4.9,a,https://resources.premierleague.com/premierleague/photos/players/40x40/p207189.png,11,2.2,3.0,0.3,349,4,,3.0,,0.02,0.09,1.9,4.9,1331,2283,6,Ipswich Town,False,2
372,Mac Allister,Alexis Mac Allister,Liverpool,MID,5.4,a,https://resources.premierleague.com/premierleague/photos/players/40x40/p243016.png,11,2.2,3.0,1.3,306,3,,3.0,,0.03,0.14,1.43,12.06,5790,10673,6,Man City,True,4
161,Lavia,Roméo Lavia,Chelsea,MID,5.0,a,https://resources.premierleague.com/premierleague/photos/players/40x40/p514356.png,11,2.8,1.0,0.2,258,4,,1.0,,0.26,0.04,1.77,10.81,874,3547,6,Bournemouth,True,3
412,Lammens,Senne Lammens,Man Utd,GKP,4.9,a,https://resources.premierleague.com/premierleague/photos/players/40x40/p465247.png,11,2.2,3.0,9.5,450,5,,3.0,,0.0,0.0,1.36,0.0,11927,88697,6,Spurs,True,2
239,Garner,James Garner,Everton,MID,6.0,a,https://resources.premierleague.com/premierleague/photos/players/40x40/p232928.png,11,2.2,3.5,0.2,328,4,100.0,3.5,"Tiros libres, Córners",0.05,0.05,0.95,12.35,3649,3371,6,Hull City,False,2
267,Lukić,Saša Lukić,Ipswich Town,MID,4.9,a,https://resources.premierleague.com/premierleague/photos/players/40x40/p212314.png,11,2.2,1.5,0.1,400,5,,1.5,Córners,0.0,0.09,1.66,8.32,399,964,6,Fulham,True,2
184,Grimes,Matt Grimes,Coventry City,MID,4.9,a,https://resources.premierleague.com/premierleague/photos/players/40x40/p168144.png,11,2.2,2.5,0.1,443,5,,2.5,Córners,0.02,0.03,1.71,7.72,292,1549,6,Newcastle,True,3
529,Roefs,Robin Roefs,Sunderland,GKP,4.9,a,https://resources.premierleague.com/premierleague/photos/players/40x40/p498016.png,11,2.2,1.0,2.3,450,5,,1.0,,0.0,0.0,1.73,0.0,3197,21933,6,Brighton,True,3
619,Palacios,Exequiel Palacios,Ipswich Town,MID,5.0,a,https://resources.premierleague.com/premierleague/photos/players/40x40/p218543.png,11,2.8,3.0,0.1,275,3,,3.0,,0.0,0.03,1.73,14.4,847,1253,6,Fulham,True,2
389,Matheus N.,Matheus Nunes,Man City,DEF,5.9,a,https://resources.premierleague.com/premierleague/photos/players/40x40/p465351.png,11,3.7,5.0,1.0,213,2,100.0,5.0,,0.0,0.03,1.97,8.87,2717,4485,6,Liverpool,False,4
474,Jair Cunha,Jair Paula da Cunha Filho,Nott'm Forest,DEF,4.5,a,https://resources.premierleague.com/premierleague/photos/players/40x40/p575458.png,11,2.8,0.5,0.2,360,4,100.0,0.5,,0.01,0.0,0.99,9.0,560,1034,6,Crystal Palace,False,3
304,O'Shea,Dara O'Shea,Ipswich Town,DEF,4.0,a,https://resources.premierleague.com/premierleague/photos/players/40x40/p216616.png,10,2.0,1.5,2.6,450,5,,1.5,,0.01,0.05,1.8,9.6,4378,26066,6,Fulham,True,2
247,Hackney,Hayden Hackney,Everton,MID,5.4,a,https://resources.premierleague.com/premierleague/photos/players/40x40/p244860.png,10,2.0,1.0,0.2,137,1,100.0,1.0,,0.03,0.09,2.57,7.88,269,1743,6,Hull City,False,2
33,Mings,Tyrone Mings,Aston Villa,DEF,4.5,a,https://resources.premierleague.com/premierleague/photos/players/40x40/p149484.png,10,2.5,1.5,0.4,261,2,,1.5,,0.07,0.01,1.53,8.28,3745,2434,6,Brentford,True,3
534,Hume,Trai Hume,Sunderland,DEF,4.3,a,https://resources.premierleague.com/premierleague/photos/players/40x40/p487676.png,10,2.5,0.5,2.5,206,2,,0.5,,0.06,0.13,2.0,5.68,1968,56618,6,Brighton,True,3
203,Canvot,Jaydee Canvot,Crystal Palace,DEF,4.8,a,https://resources.premierleague.com/premierleague/photos/players/40x40/p651426.png,10,2.5,4.0,0.2,360,4,,4.0,,0.01,0.03,1.94,8.5,953,1498,6,Nott'm Forest,True,3
415,Dorgu,Patrick Dorgu,Man Utd,MID,5.8,i,https://resources.premierleague.com/premierleague/photos/players/40x40/p596777.png,10,2.0,4.0,0.5,171,2,0.0,0.0,,0.41,0.05,1.78,10.53,1073,8457,6,Spurs,True,2
67,Rayan,Rayan Vitor Simplício Rocha,Bournemouth,MID,6.3,a,https://resources.premierleague.com/premierleague/photos/players/40x40/p499604.png,10,2.0,2.0,1.5,434,5,,2.0,,0.18,0.09,1.32,3.11,8453,16249,6,Chelsea,False,4
166,N.Jackson,Nicolas Jackson,Aston Villa,FWD,6.5,a,https://resources.premierleague.com/premierleague/photos/players/40x40/p517052.png,10,2.5,3.0,1.9,286,4,,3.0,,0.21,0.19,0.87,2.83,77958,15562,6,Brentford,True,3
418,Maguire,Harry Maguire,Man Utd,DEF,4.8,a,https://resources.premierleague.com/premierleague/photos/players/40x40/p95658.png,10,2.0,1.5,8.1,450,5,,1.5,,0.04,0.09,1.36,6.2,9792,128288,6,Spurs,True,2
429,Rashford,Marcus Rashford,Man Utd,MID,6.9,d,https://resources.premierleague.com/premierleague/photos/players/40x40/p176297.png,10,2.0,2.0,1.4,351,4,75.0,1.5,,0.2,0.11,1.15,4.62,5062,28524,6,Spurs,True,2
46,Barkley,Ross Barkley,Aston Villa,MID,5.0,a,https://resources.premierleague.com/premierleague/photos/players/40x40/p88894.png,10,2.0,1.5,0.2,308,4,,1.5,,0.11,0.04,2.15,8.18,845,2875,6,Brentford,True,3
106,Thiago,Igor Thiago Nascimento Rodrigues,Brentford,FWD,7.8,a,https://resources.premierleague.com/premierleague/photos/players/40x40/p502500.png,10,2.0,3.0,9.5,442,5,,3.0,Penales,0.64,0.03,1.27,3.87,116488,67213,6,Aston Villa,False,3
84,Collins,Nathan Collins,Brentford,DEF,5.4,i,https://resources.premierleague.com/premierleague/photos/players/40x40/p432830.png,10,3.3,0.0,0.9,196,3,0.0,0.0,,0.23,0.02,0.98,7.81,159,15305,6,Aston Villa,False,3
545,Sadiki,Noah Sadiki,Sunderland,MID,4.9,a,https://resources.premierleague.com/premierleague/photos/players/40x40/p577669.png,10,2.0,2.0,0.2,410,5,,2.0,,0.1,0.05,1.42,6.37,635,2306,6,Brighton,True,3
61,Truffert,Adrien Truffert,Bournemouth,DEF,5.4,a,https://resources.premierleague.com/premierleague/photos/players/40x40/p494521.png,10,2.0,2.5,2.9,450,5,,2.5,,0.02,0.06,1.39,9.0,8731,21420,6,Chelsea,False,4
398,Foden,Phil Foden,Man City,MID,6.9,s,https://resources.premierleague.com/premierleague/photos/players/40x40/p209244.png,9,2.2,-1.0,1.6,217,3,0.0,0.0,,0.67,0.36,0.79,5.81,279,45348,6,Liverpool,False,4
7,Lewis-Skelly,Myles Lewis-Skelly,Arsenal,MID,5.4,a,https://resources.premierleague.com/premierleague/photos/players/40x40/p499169.png,9,2.2,0.5,0.6,271,4,,0.5,,0.05,0.08,0.34,4.65,2060,6928,6,Leeds,True,3
644,Timber,Quinten Timber,Crystal Palace,MID,5.0,a,https://resources.premierleague.com/premierleague/photos/players/40x40/p450063.png,9,3.0,3.5,0.0,253,3,,3.5,,0.09,0.02,1.98,9.6,725,463,6,Nott'm Forest,True,3
36,Maatsen,Ian Maatsen,Aston Villa,DEF,4.4,i,https://resources.premierleague.com/premierleague/photos/players/40x40/p441302.png,9,2.2,0.5,0.4,335,4,0.0,0.0,,0.08,0.12,1.76,6.45,70,11401,6,Brentford,True,3
393,Khusanov,Abdukodir Khusanov,Man City,DEF,5.4,a,https://resources.premierleague.com/premierleague/photos/players/40x40/p578153.png,9,3.0,0.0,1.3,268,3,,0.0,,0.0,0.02,0.9,5.71,1965,12426,6,Liverpool,False,4
167,Delap,Liam Delap,Nott'm Forest,FWD,5.6,a,https://resources.premierleague.com/premierleague/photos/players/40x40/p463034.png,9,2.2,3.0,2.6,277,3,,3.0,,0.29,0.11,0.85,5.52,36456,52468,6,Crystal Palace,False,3
28,Martinez,Emiliano Martínez Romero,Chelsea,GKP,5.0,a,https://resources.premierleague.com/premierleague/photos/players/40x40/p98980.png,9,2.2,2.0,4.7,360,4,,2.0,,0.0,0.0,1.87,0.0,14509,32357,6,Bournemouth,True,3
423,Shaw,Luke Shaw,Man Utd,DEF,4.3,a,https://resources.premierleague.com/premierleague/photos/players/40x40/p106760.png,9,2.2,1.0,7.2,335,4,100.0,1.0,,0.01,0.16,1.24,6.18,9657,126486,6,Spurs,True,2
617,Cho,Mohamed-Ali Cho,Hull City,MID,5.0,a,https://resources.premierleague.com/premierleague/photos/players/40x40/p490884.png,9,2.2,3.5,0.0,72,0,,3.5,,0.99,0.45,1.22,2.5,508,210,6,Everton,True,3
104,Onyeka,Frank Onyeka,Coventry City,MID,4.9,a,https://resources.premierleague.com/premierleague/photos/players/40x40/p428580.png,9,2.2,2.5,0.1,314,4,100.0,2.5,,0.01,0.01,1.81,8.03,270,766,6,Newcastle,True,3
371,Gravenberch,Ryan Gravenberch,Liverpool,MID,5.8,a,https://resources.premierleague.com/premierleague/photos/players/40x40/p441266.png,9,1.8,1.0,1.1,190,2,,1.0,,0.05,0.04,0.96,11.84,1864,12544,6,Man City,True,4
194,Thomas-Asante,Brandon Thomas-Asante,Coventry City,FWD,5.0,a,https://resources.premierleague.com/premierleague/photos/players/40x40/p230730.png,9,1.8,2.5,0.8,227,2,,2.5,,0.13,0.02,1.97,10.7,16582,10474,6,Newcastle,True,3
209,Johnson,Brennan Johnson,Everton,MID,5.9,a,https://resources.premierleague.com/premierleague/photos/players/40x40/p242898.png,9,1.8,3.0,0.1,238,3,,3.0,,0.39,0.08,1.41,9.83,689,1286,6,Hull City,False,2
499,Pedro Porro,Pedro Porro Sauceda,Spurs,DEF,5.4,i,https://resources.premierleague.com/premierleague/photos/players/40x40/p441164.png,9,3.0,0.5,6.8,198,3,0.0,0.0,"Tiros libres, Córners",0.17,0.07,0.76,4.09,1962,149144,6,Man Utd,False,4
522,Gray,Archie Gray,Spurs,MID,4.9,a,https://resources.premierleague.com/premierleague/photos/players/40x40/p547701.png,9,2.2,2.5,0.2,307,3,,2.5,,0.07,0.01,1.79,7.92,710,1812,6,Man Utd,False,4
575,Yirenkyi,Caleb Yirenkyi,Coventry City,MID,4.8,a,https://resources.premierleague.com/premierleague/photos/players/40x40/p661888.png,9,1.8,2.0,0.1,265,3,,2.0,,0.01,0.05,1.44,7.13,492,1691,6,Newcastle,True,3
519,Gallagher,Conor Gallagher,Spurs,MID,5.3,a,https://resources.premierleague.com/premierleague/photos/players/40x40/p232787.png,9,3.0,3.0,0.2,134,2,,3.0,,0.25,0.08,1.78,12.09,1146,1179,6,Man Utd,False,4
452,Bruno G.,Bruno Guimarães Rodriguez Moura,Arsenal,MID,6.7,a,https://resources.premierleague.com/premierleague/photos/players/40x40/p208706.png,9,3.0,4.0,1.8,123,1,100.0,4.0,,0.07,0.12,1.6,8.78,12834,11768,6,Leeds,True,3
51,George Hemmings,George Hemmings,Aston Villa,MID,4.5,a,https://resources.premierleague.com/premierleague/photos/players/40x40/p577285.png,9,1.8,1.0,1.1,297,4,,1.0,,0.02,0.05,1.9,5.76,4812,17006,6,Brentford,True,3
57,Petrović,Đorđe Petrović,Bournemouth,GKP,4.5,a,https://resources.premierleague.com/premierleague/photos/players/40x40/p457569.png,9,1.8,1.5,2.9,450,5,,1.5,,0.0,0.0,1.39,0.0,11432,21432,6,Chelsea,False,4
102,Yarmoliuk,Yehor Yarmoliuk,Brentford,MID,4.8,a,https://resources.premierleague.com/premierleague/photos/players/40x40/p508395.png,9,1.8,3.5,0.6,216,2,,3.5,,0.04,0.12,1.91,10.83,2451,6563,6,Aston Villa,False,3
315,Fatawu,Abdul Fatawu,Ipswich Town,MID,5.4,s,https://resources.premierleague.com/premierleague/photos/players/40x40/p531442.png,8,1.6,0.0,0.1,352,5,0.0,0.0,,0.04,0.28,1.99,7.16,79,3982,6,Fulham,True,2
37,Lindelöf,Victor Lindelöf,Aston Villa,DEF,4.5,a,https://resources.premierleague.com/premierleague/photos/players/40x40/p184667.png,8,1.6,1.0,0.3,450,5,,1.0,,0.09,0.03,1.84,4.4,2318,2307,6,Brentford,True,3
403,Sávio,Sávio Moreira de Oliveira,Spurs,MID,6.5,a,https://resources.premierleague.com/premierleague/photos/players/40x40/p510281.png,8,2.7,2.5,0.6,240,3,100.0,2.5,,0.15,0.26,1.04,4.12,5801,12051,6,Man Utd,False,4
401,Marmoush,Omar Marmoush,Spurs,FWD,7.0,a,https://resources.premierleague.com/premierleague/photos/players/40x40/p438234.png,8,2.0,2.0,2.2,339,4,,2.0,,0.1,0.04,1.02,3.45,25171,34220,6,Man Utd,False,4
514,Tel,Mathys Tel,Spurs,MID,5.7,a,https://resources.premierleague.com/premierleague/photos/players/40x40/p511499.png,8,2.0,0.5,0.2,257,3,,0.5,,0.07,0.08,1.94,4.55,341,3207,6,Man Utd,False,4
199,Benitez,Walter Benítez,Crystal Palace,GKP,4.5,a,https://resources.premierleague.com/premierleague/photos/players/40x40/p121709.png,8,4.0,4.0,0.1,180,2,,4.0,,0.0,0.0,1.5,0.0,1501,696,6,Nott'm Forest,True,3
52,Alysson,Alysson Edward Franco da Rocha dos Santos,Aston Villa,MID,5.0,d,https://resources.premierleague.com/premierleague/photos/players/40x40/p653481.png,8,2.0,3.0,0.0,87,0,75.0,2.2,,0.06,0.0,2.48,8.28,80,1129,6,Brentford,True,3
224,Nketiah,Eddie Nketiah,Crystal Palace,FWD,5.5,a,https://resources.premierleague.com/premierleague/photos/players/40x40/p205533.png,8,2.0,0.5,0.5,175,3,100.0,0.5,,0.57,0.31,2.32,6.17,2167,5383,6,Nott'm Forest,True,3
148,Hato,Jorrel Hato,Chelsea,DEF,4.5,a,https://resources.premierleague.com/premierleague/photos/players/40x40/p551210.png,8,2.0,0.0,0.8,258,4,,0.0,,0.0,0.07,1.68,6.28,1606,12306,6,Bournemouth,True,3
145,Fofana,Wesley Fofana,Chelsea,DEF,5.0,a,https://resources.premierleague.com/premierleague/photos/players/40x40/p444463.png,8,2.0,2.5,0.2,312,4,100.0,2.5,,0.0,0.02,1.63,13.56,4662,1923,6,Bournemouth,True,3
473,Aina,Ola Aina,Nott'm Forest,DEF,4.4,a,https://resources.premierleague.com/premierleague/photos/players/40x40/p159506.png,8,2.0,1.0,2.2,306,4,,1.0,,0.01,0.16,1.09,6.47,2051,36094,6,Crystal Palace,False,3
71,Cook,Lewis Cook,Bournemouth,MID,5.0,a,https://resources.premierleague.com/premierleague/photos/players/40x40/p155408.png,8,1.6,0.5,0.2,180,2,,0.5,,0.0,0.0,2.1,7.0,394,1758,6,Chelsea,False,4
439,Šeško,Benjamin Sesko,Man Utd,FWD,7.0,i,https://resources.premierleague.com/premierleague/photos/players/40x40/p485711.png,8,2.0,0.5,1.5,76,0,0.0,0.0,,0.46,0.01,2.37,5.92,7155,37020,6,Spurs,True,2
417,Dalot,Diogo Dalot Teixeira,Man Utd,DEF,4.9,a,https://resources.premierleague.com/premierleague/photos/players/40x40/p216051.png,8,1.6,2.0,1.6,346,4,,2.0,,0.06,0.06,1.22,4.16,3141,12915,6,Spurs,True,2
461,Touré,Bazoumana Touré,Newcastle,MID,5.8,a,https://resources.premierleague.com/premierleague/photos/players/40x40/p611665.png,8,2.7,3.5,0.1,50,0,,3.5,,0.5,0.02,1.37,7.2,574,1397,6,Coventry City,False,2
462,Steur,Sean Steur,Newcastle,MID,4.9,a,https://resources.premierleague.com/premierleague/photos/players/40x40/p636852.png,8,1.6,2.5,0.1,223,2,,2.5,,0.0,0.02,1.71,8.48,441,669,6,Coventry City,False,2
643,Chilwell,Ben Chilwell,Crystal Palace,DEF,4.5,a,https://resources.premierleague.com/premierleague/photos/players/40x40/p172850.png,8,4.0,0.5,0.4,29,0,,0.5,,0.84,0.03,3.48,3.1,964,4762,6,Nott'm Forest,True,3
562,Maeda,Daizen Maeda,Ipswich Town,MID,5.3,a,https://resources.premierleague.com/premierleague/photos/players/40x40/p442967.png,8,1.6,1.0,0.2,259,3,,1.0,,0.25,0.01,2.1,6.95,236,2645,6,Fulham,True,2
130,Wieffer,Mats Wieffer,Brighton,DEF,4.9,i,https://resources.premierleague.com/premierleague/photos/players/40x40/p467779.png,7,3.5,0.0,0.2,156,2,0.0,0.0,,0.07,0.08,1.83,8.65,38,2910,6,Sunderland,False,3
576,Stroud,Elliot Stroud,Hull City,MID,5.0,a,https://resources.premierleague.com/premierleague/photos/players/40x40/p608227.png,7,1.8,0.5,0.1,249,4,,0.5,,0.02,0.02,1.56,7.23,210,754,6,Everton,True,3
95,O.Dango,Dango Ouattara,Brentford,MID,6.3,a,https://resources.premierleague.com/premierleague/photos/players/40x40/p533463.png,7,1.4,1.0,0.4,179,2,,1.0,,0.05,0.2,1.41,14.08,1571,6214,6,Aston Villa,False,3
328,Struijk,Pascal Struijk,Brighton,DEF,4.9,d,https://resources.premierleague.com/premierleague/photos/players/40x40/p222694.png,7,2.3,3.0,0.2,98,1,75.0,2.2,,0.15,0.01,1.56,9.18,689,1676,6,Sunderland,False,3
347,Nmecha,Lukas Nmecha,Leeds,FWD,5.4,a,https://resources.premierleague.com/premierleague/photos/players/40x40/p174594.png,7,1.8,1.0,0.4,64,0,,1.0,,0.38,0.21,4.08,5.62,3088,5606,6,Arsenal,False,5
525,Fernandes,Mateus Fernandes,Spurs,MID,5.7,a,https://resources.premierleague.com/premierleague/photos/players/40x40/p551226.png,7,1.4,2.0,0.7,249,3,,2.0,,0.07,0.1,1.6,7.59,797,10524,6,Man Utd,False,4
506,Udogie,Destiny Udogie,Spurs,DEF,4.4,a,https://resources.premierleague.com/premierleague/photos/players/40x40/p487053.png,7,2.3,0.0,0.3,86,1,100.0,0.0,,0.0,0.24,1.22,4.19,540,2460,6,Man Utd,False,4
627,Barcola,Bradley Barcola,Liverpool,MID,8.0,a,https://resources.premierleague.com/premierleague/photos/players/40x40/p482616.png,7,2.3,3.0,2.0,168,2,,3.0,,0.14,0.07,0.77,4.29,31222,29237,6,Man City,True,4
456,J.Ramsey,Jacob Ramsey,Newcastle,MID,4.8,i,https://resources.premierleague.com/premierleague/photos/players/40x40/p232653.png,7,2.3,0.0,0.2,69,0,0.0,0.0,,0.22,0.21,2.5,14.35,97,7172,6,Coventry City,False,2
512,Kudus,Mohammed Kudus,Spurs,MID,6.5,a,https://resources.premierleague.com/premierleague/photos/players/40x40/p460842.png,7,1.8,2.5,0.2,123,0,100.0,2.5,,0.08,0.31,1.07,10.24,4473,2053,6,Man Utd,False,4
581,Diomande,Ousmane Diomande,Nott'm Forest,DEF,5.4,a,https://resources.premierleague.com/premierleague/photos/players/40x40/p568420.png,7,2.3,3.0,0.5,163,2,,3.0,,0.09,0.01,0.8,10.49,2337,3337,6,Crystal Palace,False,3
337,Aaronson,Brenden Aaronson,Leeds,MID,5.3,a,https://resources.premierleague.com/premierleague/photos/players/40x40/p427637.png,7,1.4,1.0,0.4,194,2,,1.0,,0.0,0.01,1.75,6.96,349,5626,6,Arsenal,False,5
329,Rodon,Joe Rodon,Leeds,DEF,4.3,i,https://resources.premierleague.com/premierleague/photos/players/40x40/p214225.png,7,3.5,0.0,0.7,123,2,0.0,0.0,,0.02,0.04,0.74,8.05,78,16768,6,Arsenal,False,5
526,Solanke,Dominic Solanke-Mitchell,Spurs,FWD,5.8,a,https://resources.premierleague.com/premierleague/photos/players/40x40/p154566.png,7,1.4,2.0,0.8,170,2,,2.0,Penales,0.3,0.01,1.36,4.76,3685,8882,6,Man Utd,False,4
320,Akpom,Chuba Akpom,Ipswich Town,FWD,5.0,a,https://resources.premierleague.com/premierleague/photos/players/40x40/p147675.png,7,2.3,0.5,1.1,78,0,,0.5,,1.32,0.0,4.85,3.46,7081,14489,6,Fulham,True,2
536,Reinildo,Reinildo Mandava,Sunderland,DEF,4.4,a,https://resources.premierleague.com/premierleague/photos/players/40x40/p434399.png,7,1.8,-1.0,0.2,360,4,100.0,-1.0,,0.0,0.08,1.26,7.25,450,2518,6,Brighton,True,3
564,Scherpen,Kjell Scherpen,Ipswich Town,GKP,4.5,a,https://resources.premierleague.com/premierleague/photos/players/40x40/p240514.png,7,1.8,0.5,0.6,360,4,,0.5,,0.0,0.0,1.68,0.0,1358,4279,6,Fulham,True,2
309,Núñez,Marcelino Núñez,Ipswich Town,MID,4.9,a,https://resources.premierleague.com/premierleague/photos/players/40x40/p501390.png,6,3.0,0.0,0.1,140,2,,0.0,Tiros libres,0.02,0.03,2.24,13.5,136,1032,6,Fulham,True,2
125,Georginio,Georginio Rutter,Brighton,FWD,5.3,a,https://resources.premierleague.com/premierleague/photos/players/40x40/p463067.png,6,3.0,0.5,0.4,104,1,100.0,0.5,,0.15,0.39,0.89,7.79,4509,6577,6,Sunderland,False,3
419,Martinez,Lisandro Martínez,Man Utd,DEF,4.9,a,https://resources.premierleague.com/premierleague/photos/players/40x40/p221820.png,6,1.5,1.0,1.3,360,4,100.0,1.0,,0.05,0.04,1.45,5.0,5597,8916,6,Spurs,True,2
387,O'Reilly,Nico O'Reilly,Man City,DEF,6.3,d,https://resources.premierleague.com/premierleague/photos/players/40x40/p472769.png,6,1.5,1.0,10.0,163,2,75.0,0.8,,0.48,0.24,1.16,2.76,5688,154470,6,Liverpool,False,4
287,Millar,Liam Millar,Hull City,MID,5.0,u,https://resources.premierleague.com/premierleague/photos/players/40x40/p232905.png,6,3.0,0.0,0.0,50,0,0.0,0.0,,1.04,0.0,1.57,7.2,0,439,6,Everton,True,3
592,Ouattara,Abdoul Ouattara,Ipswich Town,DEF,4.0,a,https://resources.premierleague.com/premierleague/photos/players/40x40/p572584.png,6,1.2,1.5,0.8,131,1,,1.5,,0.01,0.02,2.15,7.56,1199,3394,6,Fulham,True,2
97,Jensen,Mathias Jensen,Brentford,MID,5.4,i,https://resources.premierleague.com/premierleague/photos/players/40x40/p207283.png,6,6.0,0.0,0.1,66,1,0.0,0.0,Córners,0.11,0.46,0.64,6.82,24,1014,6,Aston Villa,False,3
100,Carvalho,Fábio Freitas Gouveia Carvalho,Brentford,MID,5.0,a,https://resources.premierleague.com/premierleague/photos/players/40x40/p244858.png,6,6.0,3.0,0.0,3,0,100.0,3.0,,12.9,0.0,3.9,0.0,839,250,6,Aston Villa,False,3
640,Flemming,Zian Flemming,Ipswich Town,FWD,5.5,a,https://resources.premierleague.com/premierleague/photos/players/40x40/p431639.png,6,2.0,2.5,0.1,60,0,,2.5,,0.96,0.02,0.94,7.5,1867,1545,6,Fulham,True,2
611,Wan-Bissaka,Aaron Wan-Bissaka,Aston Villa,DEF,4.5,a,https://resources.premierleague.com/premierleague/photos/players/40x40/p214590.png,6,1.5,2.0,0.2,152,2,,2.0,,0.0,0.04,1.94,12.43,2534,2054,6,Brentford,True,3
656,Mfuni,Stephen Mfuni,Coventry City,DEF,4.0,a,https://resources.premierleague.com/premierleague/photos/players/40x40/p566213.png,6,6.0,3.0,0.1,90,1,,3.0,,0.0,0.01,1.1,8.0,2928,1171,6,Newcastle,True,3
238,Grealish,Jack Grealish,Everton,MID,6.5,a,https://resources.premierleague.com/premierleague/photos/players/40x40/p114283.png,6,1.5,2.0,0.5,135,1,100.0,2.0,,0.01,0.29,1.11,8.67,7101,4750,6,Hull City,False,2
175,van Ewijk,Milan van Ewijk,Coventry City,DEF,4.0,d,https://resources.premierleague.com/premierleague/photos/players/40x40/p451284.png,6,1.5,0.0,8.0,360,4,75.0,0.0,,0.0,0.08,1.88,6.75,1526,144728,6,Newcastle,True,3
32,Cash,Matty Cash,Aston Villa,DEF,4.4,a,https://resources.premierleague.com/premierleague/photos/players/40x40/p199796.png,6,1.5,-0.5,4.6,296,3,100.0,-0.5,,0.05,0.01,1.81,5.17,5033,44619,6,Brentford,True,3
246,Röhl,Merlin Röhl,Everton,MID,4.9,d,https://resources.premierleague.com/premierleague/photos/players/40x40/p513466.png,6,2.0,0.0,0.0,249,3,50.0,0.0,,0.0,0.07,1.63,8.67,10,933,6,Hull City,False,2
186,Mason-Clark,Ephron Mason-Clark,Coventry City,MID,5.3,a,https://resources.premierleague.com/premierleague/photos/players/40x40/p241293.png,5,1.2,1.0,0.1,231,4,100.0,1.0,,0.2,0.05,1.23,5.84,114,536,6,Newcastle,True,3
198,Henderson,Dean Henderson,Crystal Palace,GKP,4.9,i,https://resources.premierleague.com/premierleague/photos/players/40x40/p172649.png,5,1.7,0.0,1.2,270,3,0.0,0.0,,0.0,0.0,2.16,0.0,196,17670,6,Nott'm Forest,True,3
90,Hickey,Aaron Hickey,Brentford,DEF,4.5,a,https://resources.premierleague.com/premierleague/photos/players/40x40/p472713.png,5,1.0,1.0,0.1,152,1,,1.0,,0.02,0.04,1.82,10.07,290,415,6,Aston Villa,False,3
260,Wilson,Harry Wilson,Leeds,MID,6.2,d,https://resources.premierleague.com/premierleague/photos/players/40x40/p153682.png,5,1.2,0.5,1.5,145,1,75.0,0.4,,0.01,0.06,2.04,6.83,125,61491,6,Arsenal,False,5
596,Ruggeri,Matteo Ruggeri,Aston Villa,DEF,4.5,a,https://resources.premierleague.com/premierleague/photos/players/40x40/p487992.png,5,1.7,1.5,0.1,113,1,,1.5,,0.02,0.02,1.63,12.74,1356,630,6,Brentford,True,3
190,Tchaouna,Loum Tchaouna,Coventry City,MID,5.4,a,https://resources.premierleague.com/premierleague/photos/players/40x40/p469272.png,5,1.2,0.5,0.1,211,2,,0.5,,0.1,0.08,1.38,7.68,53,592,6,Newcastle,True,3
405,N.Gonzalez,Nico González Iglesias,Newcastle,MID,5.5,a,https://resources.premierleague.com/premierleague/photos/players/40x40/p465694.png,5,1.7,0.5,0.2,164,3,100.0,0.5,,0.0,0.12,1.28,6.59,1256,2288,6,Coventry City,False,2
585,Herrington,Lucas Herrington,Hull City,DEF,4.0,a,https://resources.premierleague.com/premierleague/photos/players/40x40/p597462.png,5,1.0,1.0,0.6,197,1,,1.0,,0.01,0.02,1.54,7.31,1475,2660,6,Everton,True,3
583,Chavarria,Pep Chavarría,Chelsea,DEF,4.9,a,https://resources.premierleague.com/premierleague/photos/players/40x40/p498444.png,5,1.0,1.0,0.2,208,1,,1.0,,0.02,0.03,1.77,6.92,863,892,6,Bournemouth,True,3
151,Acheampong,Josh Acheampong,Chelsea,DEF,4.5,a,https://resources.premierleague.com/premierleague/photos/players/40x40/p577016.png,5,1.2,0.0,0.3,221,2,,0.0,,0.0,0.01,1.92,8.14,658,2992,6,Bournemouth,True,3
201,Muñoz,Daniel Muñoz Mejía,Nott'm Forest,DEF,5.4,a,https://resources.premierleague.com/premierleague/photos/players/40x40/p247348.png,5,1.2,2.0,5.5,257,3,,2.0,,0.21,0.07,0.91,5.25,14261,51233,6,Crystal Palace,False,3
75,Christie,Ryan Christie,Bournemouth,MID,5.0,a,https://resources.premierleague.com/premierleague/photos/players/40x40/p158499.png,5,1.2,1.5,0.0,102,1,100.0,1.5,,0.44,0.11,1.45,12.35,649,401,6,Chelsea,False,4
543,Diarra,Habib Diarra,Sunderland,MID,5.3,i,https://resources.premierleague.com/premierleague/photos/players/40x40/p547027.png,5,2.5,0.0,0.0,28,0,0.0,0.0,Penales,0.1,0.51,0.39,0.0,25,347,6,Brighton,True,3
19,Zubimendi,Martín Zubimendi Ibáñez,Arsenal,MID,5.3,a,https://resources.premierleague.com/premierleague/photos/players/40x40/p481655.png,5,1.0,1.0,0.6,89,0,,1.0,,0.21,0.04,1.4,12.13,716,5213,6,Leeds,True,3
14,Eze,Eberechi Eze,Arsenal,MID,6.2,a,https://resources.premierleague.com/premierleague/photos/players/40x40/p232413.png,4,1.0,1.0,1.1,85,0,,1.0,,0.04,0.1,1.41,5.29,8096,9319,6,Leeds,True,3
17,Merino,Mikel Merino Zazón,Arsenal,MID,5.7,a,https://resources.premierleague.com/premierleague/photos/players/40x40/p195384.png,4,0.8,1.0,0.4,81,0,,1.0,,0.16,0.17,1.07,11.11,2848,3747,6,Leeds,True,3
589,Gourna-Douath,Lucas Gourna-Douath,Hull City,MID,5.0,a,https://resources.premierleague.com/premierleague/photos/players/40x40/p469266.png,4,1.3,0.5,0.0,138,1,,0.5,,0.02,0.02,1.47,11.09,47,166,6,Everton,True,3
450,Livramento,Tino Livramento,Newcastle,DEF,4.9,d,https://resources.premierleague.com/premierleague/photos/players/40x40/p441191.png,4,2.0,1.5,0.1,33,0,50.0,0.8,,0.0,0.03,0.49,8.18,532,2841,6,Coventry City,False,2
642,Thomas,Sorba Thomas,Hull City,MID,5.5,a,https://resources.premierleague.com/premierleague/photos/players/40x40/p243951.png,4,1.3,1.5,0.0,119,1,,1.5,,0.16,0.08,1.54,6.05,728,474,6,Everton,True,3
119,Costinha,João Pedro Loureiro da Costa,Brighton,DEF,4.5,a,https://resources.premierleague.com/premierleague/photos/players/40x40/p451490.png,4,0.8,1.0,0.0,68,0,,1.0,,0.16,0.4,1.35,9.26,273,197,6,Sunderland,False,3
56,Abraham,Tammy Abraham,Aston Villa,FWD,5.5,a,https://resources.premierleague.com/premierleague/photos/players/40x40/p173879.png,4,1.0,1.0,0.2,71,0,100.0,1.0,,0.0,0.0,3.41,2.54,2941,2586,6,Brentford,True,3
72,Gannon-Doak,Ben Gannon-Doak,Bournemouth,MID,4.9,a,https://resources.premierleague.com/premierleague/photos/players/40x40/p496208.png,4,1.0,1.0,0.1,12,0,,1.0,,0.9,0.38,4.5,52.5,217,626,6,Chelsea,False,4
488,I.Sangaré,Ibrahim Sangaré,Nott'm Forest,MID,4.8,a,https://resources.premierleague.com/premierleague/photos/players/40x40/p210462.png,4,1.3,1.0,0.4,105,1,100.0,1.0,,0.08,0.02,0.48,6.86,679,6312,6,Crystal Palace,False,3
490,Wood,Chris Wood,Nott'm Forest,FWD,5.8,a,https://resources.premierleague.com/premierleague/photos/players/40x40/p60689.png,4,1.0,1.0,0.9,62,0,,1.0,,0.17,0.01,0.77,1.45,3731,9352,6,Crystal Palace,False,3
369,Ngumoha,Rio Ngumoha,Liverpool,MID,5.7,a,https://resources.premierleague.com/premierleague/photos/players/40x40/p611922.png,4,1.3,0.5,0.4,99,1,,0.5,,0.14,0.05,0.62,3.64,1361,6272,6,Man City,True,4
195,Simms,Ellis Simms,Coventry City,FWD,4.9,a,https://resources.premierleague.com/premierleague/photos/players/40x40/p218997.png,4,1.3,0.5,0.6,104,1,,0.5,,0.26,0.01,2.41,2.6,4711,8951,6,Newcastle,True,3
263,Kevin,Kevin Santos Lopes de Macedo,Fulham,MID,5.3,a,https://resources.premierleague.com/premierleague/photos/players/40x40/p560552.png,4,1.0,1.0,0.0,61,0,,1.0,,0.1,0.18,1.81,11.8,353,451,6,Ipswich Town,False,2
157,Estêvão,Estêvão Almeida de Oliveira Gonçalves,Chelsea,MID,6.3,a,https://resources.premierleague.com/premierleague/photos/players/40x40/p624773.png,4,1.0,1.0,0.7,23,0,,1.0,,0.27,0.27,3.95,7.83,3259,5641,6,Bournemouth,True,3
136,Welbeck,Danny Welbeck,Chelsea,FWD,5.9,a,https://resources.premierleague.com/premierleague/photos/players/40x40/p50175.png,4,1.3,1.5,1.0,85,1,100.0,1.5,,0.0,0.15,2.11,5.29,14851,16896,6,Bournemouth,True,3
144,Gusto,Malo Gusto,Chelsea,DEF,4.9,a,https://resources.premierleague.com/premierleague/photos/players/40x40/p482609.png,4,1.0,0.5,0.9,272,3,,0.5,,0.03,0.04,1.16,4.96,2393,9396,6,Bournemouth,True,3
162,Andrey Santos,Andrey Nascimento dos Santos,Man Utd,MID,4.8,a,https://resources.premierleague.com/premierleague/photos/players/40x40/p532605.png,4,1.3,0.0,0.5,82,1,,0.0,,0.0,0.26,2.23,19.76,1316,7604,6,Spurs,True,2
463,Woltemade,Nick Woltemade,Newcastle,FWD,5.9,u,https://resources.premierleague.com/premierleague/photos/players/40x40/p470313.png,4,4.0,0.0,0.5,19,0,0.0,0.0,,0.09,0.05,1.8,0.0,0,4940,6,Coventry City,False,2
634,Fernandez-Pardo,Matias Fernandez-Pardo,Newcastle,FWD,6.0,a,https://resources.premierleague.com/premierleague/photos/players/40x40/p613221.png,4,1.3,1.5,0.1,157,2,,1.5,,0.03,0.01,1.69,2.87,4023,2300,6,Coventry City,False,2
465,Osula,William Osula,Newcastle,FWD,5.8,d,https://resources.premierleague.com/premierleague/photos/players/40x40/p538207.png,4,4.0,0.0,0.3,55,1,50.0,0.0,Penales,0.1,0.23,2.42,8.18,293,3473,6,Coventry City,False,2
64,Smith,Adam Smith,Bournemouth,DEF,4.5,a,https://resources.premierleague.com/premierleague/photos/players/40x40/p54469.png,4,0.8,1.0,0.1,434,5,,1.0,,0.0,0.02,1.39,4.35,811,880,6,Chelsea,False,4
182,Amenda,Aurèle Amenda,Coventry City,DEF,4.0,i,https://resources.premierleague.com/premierleague/photos/players/40x40/p539142.png,4,1.0,0.0,0.6,360,4,0.0,0.0,,0.0,0.1,1.88,6.0,65,10611,6,Newcastle,True,3
515,Maddison,James Maddison,Spurs,MID,6.3,a,https://resources.premierleague.com/premierleague/photos/players/40x40/p172780.png,3,1.0,1.0,0.4,59,0,100.0,1.0,,0.09,0.06,1.57,16.78,1319,3126,6,Man Utd,False,4
498,Senesi,Marcos Senesi Barón,Spurs,DEF,5.8,a,https://resources.premierleague.com/premierleague/photos/players/40x40/p221466.png,3,3.0,0.0,3.4,90,1,,0.0,,0.0,0.02,3.87,16.0,1906,33001,6,Man Utd,False,4
520,Bergvall,Lucas Bergvall,Spurs,MID,5.3,a,https://resources.premierleague.com/premierleague/photos/players/40x40/p570526.png,3,1.0,1.0,0.1,78,1,,1.0,,0.07,0.31,2.55,15.0,158,925,6,Man Utd,False,4
600,Osman,Ibrahim Osman,Brighton,MID,5.0,a,https://resources.premierleague.com/premierleague/photos/players/40x40/p612855.png,3,1.0,0.5,0.0,40,0,,0.5,,0.11,0.16,0.72,9.0,146,177,6,Sunderland,False,3
457,J.Murphy,Jacob Murphy,Newcastle,MID,5.9,a,https://resources.premierleague.com/premierleague/photos/players/40x40/p114243.png,3,0.6,0.5,0.1,181,2,,0.5,,0.01,0.2,2.47,8.95,1578,1300,6,Coventry City,False,2
559,Bamba,Aladji Bamba,Newcastle,MID,4.9,a,https://resources.premierleague.com/premierleague/photos/players/40x40/p632794.png,3,1.0,1.0,0.1,27,0,,1.0,,0.0,0.0,4.3,26.67,184,775,6,Coventry City,False,2
501,Danso,Kevin Danso,Sunderland,DEF,5.0,a,https://resources.premierleague.com/premierleague/photos/players/40x40/p135720.png,3,1.0,0.5,0.2,270,3,,0.5,,0.02,0.06,1.97,6.67,1885,1165,6,Brighton,True,3
568,Barco,Valentín Barco,Chelsea,MID,5.4,a,https://resources.premierleague.com/premierleague/photos/players/40x40/p543158.png,3,1.0,1.0,0.1,115,1,,1.0,,0.05,0.09,2.21,9.39,327,646,6,Bournemouth,True,3
646,Fofana,Malick Fofana,Sunderland,MID,5.5,a,https://resources.premierleague.com/premierleague/photos/players/40x40/p549940.png,3,1.0,1.0,0.0,60,0,,1.0,,0.58,0.02,4.88,4.5,468,451,6,Brighton,True,3
343,James,Daniel James,Leeds,MID,4.9,i,https://resources.premierleague.com/premierleague/photos/players/40x40/p200617.png,3,1.0,1.0,0.1,52,0,0.0,0.0,,0.61,0.02,2.79,8.65,253,1295,6,Arsenal,False,5
108,Wilson,Callum Wilson,Brentford,FWD,5.4,a,https://resources.premierleague.com/premierleague/photos/players/40x40/p75115.png,3,1.0,0.0,0.3,13,0,,0.0,,0.48,0.28,1.04,13.85,1889,3412,6,Aston Villa,False,3
253,Andersen,Joachim Andersen,Fulham,DEF,5.0,a,https://resources.premierleague.com/premierleague/photos/players/40x40/p174874.png,3,1.0,0.5,0.2,190,2,100.0,0.5,,0.0,0.05,2.06,9.47,5939,1895,6,Ipswich Town,False,2
262,Smith Rowe,Emile Smith Rowe,Fulham,MID,5.3,a,https://resources.premierleague.com/premierleague/photos/players/40x40/p209289.png,3,1.0,0.5,0.2,38,0,,0.5,,0.14,0.05,2.06,7.11,587,1969,6,Ipswich Town,False,2
241,McNeil,Dwight McNeil,Crystal Palace,MID,5.3,a,https://resources.premierleague.com/premierleague/photos/players/40x40/p433154.png,3,1.5,0.0,0.1,84,1,,0.0,,0.05,0.02,1.26,7.5,142,786,6,Nott'm Forest,True,3
523,Moore,Mikey Moore,Spurs,MID,5.0,u,https://resources.premierleague.com/premierleague/photos/players/40x40/p499721.png,3,1.5,0.0,0.1,89,1,0.0,0.0,,0.4,0.02,3.3,3.03,0,909,6,Man Utd,False,4
269,Sessegnon,Ryan Sessegnon,Fulham,DEF,4.3,a,https://resources.premierleague.com/premierleague/photos/players/40x40/p184349.png,3,1.0,0.0,0.3,50,0,100.0,0.0,,0.23,0.79,3.24,5.4,713,2078,6,Ipswich Town,False,2
577,Tomiyasu,Takehiro Tomiyasu,Crystal Palace,DEF,4.4,i,https://resources.premierleague.com/premierleague/photos/players/40x40/p223723.png,3,0.8,0.5,0.2,189,2,0.0,0.0,,0.0,0.01,1.9,8.1,162,2502,6,Nott'm Forest,True,3
633,Ahanor,Honest Ahanor,Crystal Palace,DEF,4.5,a,https://resources.premierleague.com/premierleague/photos/players/40x40/p605972.png,3,3.0,1.5,0.0,90,1,,1.5,,0.0,0.01,1.68,11.0,214,167,6,Nott'm Forest,True,3
635,Larsson,Hugo Larsson,Fulham,MID,5.0,a,https://resources.premierleague.com/premierleague/photos/players/40x40/p551050.png,3,1.0,1.0,0.0,37,0,,1.0,,0.32,0.56,2.14,14.59,151,106,6,Ipswich Town,False,2
492,Awoniyi,Taiwo Awoniyi,Coventry City,FWD,5.4,s,https://resources.premierleague.com/premierleague/photos/players/40x40/p210156.png,3,0.8,-1.0,0.4,232,3,0.0,0.0,,0.5,0.02,1.38,4.27,117,8356,6,Newcastle,True,3
584,Hamer,Gustavo Hamer,Coventry City,MID,5.4,a,https://resources.premierleague.com/premierleague/photos/players/40x40/p196100.png,3,1.0,0.0,0.1,32,0,,0.0,,0.0,0.06,2.31,8.44,73,646,6,Newcastle,True,3
255,J.Cuenca,Jorge Cuenca Barreno,Fulham,DEF,4.5,a,https://resources.premierleague.com/premierleague/photos/players/40x40/p246301.png,3,3.0,0.0,0.0,90,1,,0.0,,0.0,0.03,2.24,10.0,110,171,6,Ipswich Town,False,2
34,Pau,Pau Torres,Aston Villa,DEF,4.4,d,https://resources.premierleague.com/premierleague/photos/players/40x40/p244954.png,3,1.0,0.5,0.3,187,3,75.0,0.4,,0.0,0.0,2.31,4.33,76,4844,6,Brentford,True,3
375,Nyoni,Trey Nyoni,Liverpool,MID,4.9,a,https://resources.premierleague.com/premierleague/photos/players/40x40/p591386.png,3,1.0,0.5,0.0,38,0,,0.5,,0.0,0.0,0.85,23.68,131,425,6,Man City,True,4
422,Mazraoui,Noussair Mazraoui,Man Utd,DEF,4.4,d,https://resources.premierleague.com/premierleague/photos/players/40x40/p230001.png,3,1.0,0.0,0.5,97,1,75.0,0.0,,0.2,0.06,1.93,5.57,628,5522,6,Spurs,True,2
188,Torp,Victor Torp,Coventry City,MID,5.3,a,https://resources.premierleague.com/premierleague/photos/players/40x40/p226965.png,3,1.0,0.5,0.1,53,0,,0.5,,0.0,0.2,2.07,5.09,52,695,6,Newcastle,True,3
271,Muniz,Rodrigo Muniz Carvalho,Fulham,FWD,5.4,a,https://resources.premierleague.com/premierleague/photos/players/40x40/p244042.png,3,0.8,0.5,0.4,38,0,,0.5,,0.95,0.0,2.01,7.11,3435,4271,6,Ipswich Town,False,2
381,Koumas,Lewis Koumas,Liverpool,MID,5.0,a,https://resources.premierleague.com/premierleague/photos/players/40x40/p514514.png,3,1.0,0.5,0.0,22,0,,0.5,,1.15,0.0,2.95,4.09,704,308,6,Man City,True,4
74,Brooks,David Brooks,Bournemouth,MID,5.0,a,https://resources.premierleague.com/premierleague/photos/players/40x40/p111317.png,3,0.8,0.5,0.1,45,0,100.0,0.5,,0.0,0.14,1.5,10.0,311,518,6,Chelsea,False,4
608,Jebbison,Daniel Jebbison,Bournemouth,FWD,5.0,a,https://resources.premierleague.com/premierleague/photos/players/40x40/p523700.png,3,1.0,0.5,0.1,31,0,,0.5,,0.29,0.0,1.77,2.9,1340,1284,6,Chelsea,False,4
149,Colwill,Levi Samuels Colwill,Chelsea,DEF,4.8,a,https://resources.premierleague.com/premierleague/photos/players/40x40/p460028.png,3,0.8,1.0,0.8,341,4,,1.0,,0.0,0.01,1.76,6.86,2334,8956,6,Bournemouth,True,3
142,James,Reece James,Chelsea,DEF,5.3,a,https://resources.premierleague.com/premierleague/photos/players/40x40/p225796.png,3,0.8,0.5,5.5,292,3,100.0,0.5,"Tiros libres, Córners",0.1,0.08,1.51,4.01,2582,112381,6,Bournemouth,True,3
478,Netz,Luca Netz,Nott'm Forest,DEF,4.4,a,https://resources.premierleague.com/premierleague/photos/players/40x40/p470315.png,3,1.0,0.5,0.0,27,0,,0.5,,0.0,0.07,0.43,3.33,83,184,6,Crystal Palace,False,3
306,Greaves,Jacob Greaves,Ipswich Town,DEF,3.9,a,https://resources.premierleague.com/premierleague/photos/players/40x40/p449429.png,3,0.8,0.5,1.1,357,4,,0.5,,0.0,0.02,1.7,7.56,7760,8055,6,Fulham,True,2
323,McAteer,Kasey McAteer,Ipswich Town,MID,4.4,a,https://resources.premierleague.com/premierleague/photos/players/40x40/p461587.png,3,1.0,0.0,1.0,42,0,,0.0,,0.11,0.0,0.45,10.71,3125,11191,6,Fulham,True,2
160,Garnacho,Alejandro Garnacho Ferreyra,Aston Villa,MID,5.8,a,https://resources.premierleague.com/premierleague/photos/players/40x40/p493105.png,3,1.0,0.0,0.3,31,0,,0.0,,0.0,0.0,1.42,5.81,843,3718,6,Brentford,True,3
289,Crooks,Matt Crooks,Hull City,MID,4.4,a,https://resources.premierleague.com/premierleague/photos/players/40x40/p101282.png,3,1.0,0.5,0.5,203,3,100.0,0.5,,0.0,0.05,1.58,9.31,8256,7367,6,Everton,True,3
9,Hincapie,Piero Hincapié,Arsenal,DEF,5.2,a,https://resources.premierleague.com/premierleague/photos/players/40x40/p448104.png,2,1.0,0.0,0.9,32,0,,0.0,,0.0,0.0,0.79,8.44,2417,7610,6,Leeds,True,3
16,Madueke,Noni Madueke,Arsenal,MID,6.2,a,https://resources.premierleague.com/premierleague/photos/players/40x40/p248857.png,2,1.0,0.0,0.2,23,0,,0.0,,0.0,0.2,0.59,11.74,1160,2005,6,Leeds,True,3
101,Henderson,Jordan Henderson,Chelsea,MID,4.9,a,https://resources.premierleague.com/premierleague/photos/players/40x40/p56979.png,2,2.0,1.0,0.0,90,1,100.0,1.0,,0.0,0.08,2.65,10.0,704,223,6,Bournemouth,True,3
571,Florentino,Florentino Ibrain Morris Luís,Ipswich Town,MID,4.8,a,https://resources.premierleague.com/premierleague/photos/players/40x40/p216055.png,2,1.0,1.0,0.1,30,0,100.0,1.0,,0.0,0.03,2.25,6.0,180,652,6,Fulham,True,2
548,Rigg,Chris Rigg,Sunderland,MID,4.9,a,https://resources.premierleague.com/premierleague/photos/players/40x40/p554197.png,2,1.0,0.0,0.0,17,0,,0.0,,0.0,0.0,2.33,5.29,56,375,6,Brighton,True,3
81,Rodríguez,Álvaro Rodríguez,Bournemouth,FWD,6.0,a,https://resources.premierleague.com/premierleague/photos/players/40x40/p561245.png,2,1.0,0.5,0.1,10,0,100.0,0.5,,0.0,0.0,1.62,9.0,1317,988,6,Chelsea,False,4
140,Sánchez,Robert Lynch Sánchez,Chelsea,GKP,4.9,u,https://resources.premierleague.com/premierleague/photos/players/40x40/p215059.png,2,2.0,0.0,0.7,90,1,0.0,0.0,,0.0,0.01,1.33,0.0,0,7560,6,Bournemouth,True,3
300,Walton,Christian Walton,Ipswich Town,GKP,4.4,a,https://resources.premierleague.com/premierleague/photos/players/40x40/p108813.png,2,2.0,1.0,0.4,90,1,,1.0,,0.0,0.01,2.24,0.0,3637,1986,6,Fulham,True,2
248,Beto,Norberto Bercique Gomes Betuncal,Everton,FWD,5.4,u,https://resources.premierleague.com/premierleague/photos/players/40x40/p486385.png,2,1.0,0.0,0.6,31,0,0.0,0.0,,0.26,0.0,5.57,2.9,0,11246,6,Hull City,False,2
207,Mingueza,Oscar Mingueza,Crystal Palace,DEF,4.3,a,https://resources.premierleague.com/premierleague/photos/players/40x40/p242313.png,2,1.0,0.0,0.1,16,0,,0.0,,0.0,0.0,1.86,11.25,176,565,6,Nott'm Forest,True,3
621,McAidoo,Ryan McAidoo,Man City,MID,4.4,a,https://resources.premierleague.com/premierleague/photos/players/40x40/p616288.png,2,1.0,0.0,0.1,11,0,,0.0,,0.82,0.0,0.16,32.73,594,1411,6,Liverpool,False,4
616,Bouaddi,Ayyoub Bouaddi,Man City,MID,5.5,a,https://resources.premierleague.com/premierleague/photos/players/40x40/p637238.png,2,1.0,0.0,0.2,22,0,,0.0,,0.0,0.49,1.51,24.55,1087,2728,6,Liverpool,False,4
406,Kovačić,Mateo Kovačić,Man City,MID,5.3,a,https://resources.premierleague.com/premierleague/photos/players/40x40/p91651.png,2,1.0,0.0,0.1,42,0,,0.0,,0.0,0.04,0.21,4.29,150,616,6,Liverpool,False,4
54,Gomes,Joao Gomes,Aston Villa,MID,5.5,a,https://resources.premierleague.com/premierleague/photos/players/40x40/p448089.png,2,1.0,2.0,0.0,129,2,100.0,2.0,,0.0,0.02,2.89,13.95,710,302,6,Brentford,True,3
25,Gyökeres,Viktor Gyökeres,Arsenal,FWD,7.1,a,https://resources.premierleague.com/premierleague/photos/players/40x40/p224117.png,2,1.0,0.5,3.7,29,0,,0.5,,0.0,0.71,2.02,3.1,73050,27119,6,Leeds,True,3
212,Hughes,Will Hughes,Crystal Palace,MID,4.4,a,https://resources.premierleague.com/premierleague/photos/players/40x40/p108413.png,2,1.0,0.5,6.9,29,0,,0.5,,0.0,0.12,3.48,21.72,14060,85339,6,Nott'm Forest,True,3
223,Mateta,Jean-Philippe Mateta,Crystal Palace,FWD,6.3,i,https://resources.premierleague.com/premierleague/photos/players/40x40/p231747.png,2,2.0,0.0,1.2,62,1,0.0,0.0,Penales,1.02,0.03,1.42,7.26,322,13372,6,Nott'm Forest,True,3
527,Richarlison,Richarlison de Andrade,Spurs,FWD,5.9,u,https://resources.premierleague.com/premierleague/photos/players/40x40/p212319.png,2,2.0,0.0,0.6,67,1,0.0,0.0,,0.0,0.0,4.06,1.34,0,8557,6,Man Utd,False,4
595,Gozo,Zavier Gozo,Crystal Palace,MID,4.9,a,https://resources.premierleague.com/premierleague/photos/players/40x40/p559152.png,2,1.0,0.5,0.0,28,0,,0.5,,0.0,0.0,2.19,3.21,53,126,6,Nott'm Forest,True,3
357,Frimpong,Jeremie Frimpong,Liverpool,DEF,5.3,a,https://resources.premierleague.com/premierleague/photos/players/40x40/p216094.png,2,0.7,0.5,1.7,178,2,,0.5,,0.01,0.12,1.98,6.07,2249,19270,6,Man City,True,4
281,Drameh,Cody Drameh,Hull City,DEF,4.0,u,https://resources.premierleague.com/premierleague/photos/players/40x40/p433590.png,2,1.0,0.0,0.0,65,0,0.0,0.0,,0.07,0.0,1.2,8.31,0,339,6,Everton,True,3
240,Iroegbunam,Tim Iroegbunam,Hull City,MID,5.0,a,https://resources.premierleague.com/premierleague/photos/players/40x40/p490094.png,2,0.7,0.5,0.0,70,0,100.0,0.5,,0.15,0.01,0.77,11.57,112,175,6,Everton,True,3
364,Tsimikas,Kostas Tsimikas,Liverpool,DEF,4.9,a,https://resources.premierleague.com/premierleague/photos/players/40x40/p214285.png,2,1.0,0.5,0.1,64,1,,0.5,,0.06,0.03,0.66,4.22,150,523,6,Man City,True,4
76,Tóth.A,Alex Tóth,Bournemouth,MID,4.9,a,https://resources.premierleague.com/premierleague/photos/players/40x40/p614574.png,2,1.0,0.5,0.0,17,0,,0.5,,0.0,0.0,2.96,10.59,42,86,6,Chelsea,False,4
318,Philogene,Jaden Philogene,Ipswich Town,MID,5.4,a,https://resources.premierleague.com/premierleague/photos/players/40x40/p481624.png,2,1.0,1.0,0.1,52,0,100.0,1.0,,0.14,0.02,1.68,6.92,58,264,6,Fulham,True,2
631,Mbaye,Ibrahim Mbaye,Aston Villa,MID,6.0,a,https://resources.premierleague.com/premierleague/photos/players/40x40/p638987.png,2,1.0,1.0,0.1,33,0,,1.0,,0.05,0.35,4.47,5.45,1480,1716,6,Brentford,True,3
637,Vaz,Robinio Vaz,Hull City,FWD,5.0,a,https://resources.premierleague.com/premierleague/photos/players/40x40/p631000.png,2,1.0,1.0,0.1,20,0,,1.0,,0.0,0.04,1.4,9.0,2688,1604,6,Everton,True,3
440,Zirkzee,Joshua Zirkzee,Man Utd,FWD,5.3,a,https://resources.premierleague.com/premierleague/photos/players/40x40/p458249.png,2,1.0,1.0,0.4,20,0,,1.0,,0.0,0.04,0.09,18.0,3156,4240,6,Spurs,True,2
620,Diouf,El Hadji Malick Diouf,Brentford,DEF,4.5,a,https://resources.premierleague.com/premierleague/photos/players/40x40/p613804.png,2,1.0,1.0,0.1,39,0,,1.0,,0.0,0.02,1.45,4.62,879,1011,6,Aston Villa,False,3
126,O'Riley,Matt O'Riley,Brighton,MID,5.4,a,https://resources.premierleague.com/premierleague/photos/players/40x40/p219249.png,2,1.0,1.0,0.1,10,0,,1.0,,2.52,0.09,1.62,27.0,566,739,6,Sunderland,False,3
339,Longstaff,Sean Longstaff,Leeds,MID,4.8,a,https://resources.premierleague.com/premierleague/photos/players/40x40/p180135.png,2,1.0,0.5,0.1,10,0,,0.5,,0.0,0.0,3.15,0.0,291,1020,6,Arsenal,False,5
420,Yoro,Leny Yoro,Man Utd,DEF,4.8,a,https://resources.premierleague.com/premierleague/photos/players/40x40/p550864.png,2,1.0,0.0,0.5,22,0,,0.0,,0.0,0.08,4.46,20.45,863,2930,6,Spurs,True,2
164,Quenda,Geovany Quenda,Chelsea,MID,5.3,a,https://resources.premierleague.com/premierleague/photos/players/40x40/p593117.png,2,1.0,0.5,0.0,27,0,100.0,0.5,,0.1,0.03,4.3,3.33,101,242,6,Bournemouth,True,3
446,Schär,Fabian Schär,Newcastle,DEF,4.9,a,https://resources.premierleague.com/premierleague/photos/players/40x40/p119471.png,2,1.0,0.5,0.2,25,0,100.0,0.5,,0.0,0.04,6.73,25.2,1208,1324,6,Coventry City,False,2
232,O'Brien,Jake O'Brien,Everton,DEF,4.8,a,https://resources.premierleague.com/premierleague/photos/players/40x40/p512462.png,2,1.0,1.0,0.3,16,0,,1.0,,0.0,0.0,2.36,11.25,612,1886,6,Hull City,False,2
42,Guessand,Evann Guessand,Crystal Palace,MID,5.4,a,https://resources.premierleague.com/premierleague/photos/players/40x40/p485337.png,2,1.0,0.0,0.0,54,0,,0.0,,0.05,0.05,0.57,3.33,152,361,6,Nott'm Forest,True,3
578,Mudryk,Mykhailo Mudryk,Spurs,MID,5.3,i,https://resources.premierleague.com/premierleague/photos/players/40x40/p465920.png,1,1.0,0.0,0.0,16,0,0.0,0.0,,0.0,0.0,0.9,0.0,35,768,6,Man Utd,False,4
549,Talbi,Chemsdine Talbi,Sunderland,MID,5.3,a,https://resources.premierleague.com/premierleague/photos/players/40x40/p549912.png,1,1.0,0.0,0.1,31,0,,0.0,,0.0,0.0,0.41,5.81,162,866,6,Brighton,True,3
5,J.Timber,Jurriën Timber,Arsenal,DEF,6.5,a,https://resources.premierleague.com/premierleague/photos/players/40x40/p445122.png,1,0.5,0.5,0.6,104,1,100.0,0.5,,0.0,0.03,1.89,4.33,27510,7678,6,Leeds,True,3
539,O'Nien,Luke O'Nien,Sunderland,DEF,3.9,a,https://resources.premierleague.com/premierleague/photos/players/40x40/p167512.png,1,1.0,0.0,2.6,66,1,,0.0,,0.01,0.01,2.3,6.82,27566,21732,6,Brighton,True,3
147,Tosin,Tosin Adarabioyo,Spurs,DEF,4.4,a,https://resources.premierleague.com/premierleague/photos/players/40x40/p109646.png,1,1.0,0.5,0.1,5,0,,0.5,,0.0,0.0,0.54,72.0,167,823,6,Man Utd,False,4
20,Dowman,Max Dowman,Arsenal,MID,5.3,a,https://resources.premierleague.com/premierleague/photos/players/40x40/p616077.png,1,1.0,0.5,0.1,9,0,100.0,0.5,,0.0,0.8,3.1,0.0,543,886,6,Leeds,True,3
622,Braithwaite,Kaden Braithwaite,Man City,DEF,4.0,a,https://resources.premierleague.com/premierleague/photos/players/40x40/p554054.png,1,1.0,0.0,0.2,1,0,,0.0,,0.0,0.0,0.0,0.0,788,1952,6,Liverpool,False,4
29,M.Bizot,Marco Bizot,Aston Villa,GKP,4.5,d,https://resources.premierleague.com/premierleague/photos/players/40x40/p72147.png,1,1.0,0.0,0.1,90,1,75.0,0.0,,0.0,0.0,3.77,0.0,95,1504,6,Brentford,True,3
647,Osorio,Darío Osorio,Crystal Palace,MID,5.5,a,https://resources.premierleague.com/premierleague/photos/players/40x40/p533646.png,1,1.0,0.0,0.0,1,0,,0.0,,0.0,0.0,11.7,90.0,43,107,6,Nott'm Forest,True,3
213,Lerma,Jefferson Lerma Solís,Crystal Palace,MID,4.8,a,https://resources.premierleague.com/premierleague/photos/players/40x40/p152551.png,1,0.5,0.5,0.1,51,0,,0.5,,0.46,0.0,2.21,21.18,154,585,6,Nott'm Forest,True,3
35,Bogarde,Lamare Bogarde,Aston Villa,MID,4.9,a,https://resources.premierleague.com/premierleague/photos/players/40x40/p515597.png,1,1.0,0.0,0.1,16,0,,0.0,,0.0,0.0,1.24,5.62,231,595,6,Brentford,True,3
245,Dibling,Tyler Dibling,Everton,MID,5.3,a,https://resources.premierleague.com/premierleague/photos/players/40x40/p496661.png,1,1.0,0.5,0.0,24,0,,0.5,,0.64,0.6,1.42,0.0,187,258,6,Hull City,False,2
285,McNair,Paddy McNair,Hull City,DEF,4.0,a,https://resources.premierleague.com/premierleague/photos/players/40x40/p160817.png,1,1.0,0.0,0.1,26,0,100.0,0.0,,0.0,0.0,3.32,6.92,308,679,6,Everton,True,3
206,Chadi Riad,Chadi Riad Dnanou,Crystal Palace,DEF,4.3,i,https://resources.premierleague.com/premierleague/photos/players/40x40/p515621.png,1,1.0,0.0,0.0,72,1,0.0,0.0,,0.0,0.01,1.22,8.75,42,228,6,Nott'm Forest,True,3
421,Heaven,Ayden Heaven,Man Utd,DEF,4.3,a,https://resources.premierleague.com/premierleague/photos/players/40x40/p606745.png,1,1.0,0.0,0.3,90,1,,0.0,,0.12,0.04,1.01,2.0,390,2218,6,Spurs,True,2
430,Mount,Mason Mount,Man Utd,MID,5.4,a,https://resources.premierleague.com/premierleague/photos/players/40x40/p184341.png,1,1.0,0.5,0.0,10,0,100.0,0.5,,0.81,0.09,0.0,9.0,253,257,6,Spurs,True,2
159,Caicedo,Moisés Caicedo Corozo,Chelsea,MID,5.3,a,https://resources.premierleague.com/premierleague/photos/players/40x40/p486672.png,1,1.0,0.0,1.0,13,0,100.0,0.0,,0.0,0.0,0.48,0.0,1178,13252,6,Bournemouth,True,3
435,Lacey,Shea Lacey,Man Utd,MID,4.9,a,https://resources.premierleague.com/premierleague/photos/players/40x40/p576628.png,1,1.0,0.0,0.1,10,0,,0.0,,0.0,0.0,0.0,9.0,490,512,6,Spurs,True,2
662,Nicoll-Jazuli,Mahdi Nicoll-Jazuli,Chelsea,MID,4.5,a,https://resources.premierleague.com/premierleague/photos/players/40x40/p636846.png,1,1.0,1.0,0.0,3,0,,1.1,,0.0,0.0,12.9,60.0,442,101,6,Bournemouth,True,3
208,Sarr,Ismaïla Sarr,Crystal Palace,MID,6.2,a,https://resources.premierleague.com/premierleague/photos/players/40x40/p232185.png,1,1.0,0.5,0.6,8,0,100.0,0.5,,0.0,0.11,0.68,0.0,5183,3748,6,Nott'm Forest,True,3
599,Cherif,Sidiki Cherif,Coventry City,FWD,5.0,a,https://resources.premierleague.com/premierleague/photos/players/40x40/p627221.png,1,1.0,0.5,0.1,30,0,,0.5,,0.0,0.0,4.29,3.0,850,1145,6,Newcastle,True,3
153,Disasi,Axel Disasi,Crystal Palace,DEF,4.5,s,https://resources.premierleague.com/premierleague/photos/players/40x40/p220362.png,1,0.3,-1.5,0.1,139,2,0.0,0.0,,0.0,0.03,2.41,12.95,44,1332,6,Nott'm Forest,True,3
185,Sakamoto,Tatsuhiro Sakamoto,Coventry City,MID,4.8,a,https://resources.premierleague.com/premierleague/photos/players/40x40/p501459.png,1,1.0,0.0,0.1,31,0,,0.0,,0.06,0.06,2.0,11.61,157,658,6,Newcastle,True,3
395,Lewis,Rico Lewis,Man City,DEF,4.4,a,https://resources.premierleague.com/premierleague/photos/players/40x40/p477064.png,1,1.0,0.0,0.2,56,1,,0.0,,0.27,0.03,0.88,3.21,491,1705,6,Liverpool,False,4
396,Vitor Reis,Vitor de Oliveira Nunes dos Reis,Man City,DEF,4.5,a,https://resources.premierleague.com/premierleague/photos/players/40x40/p616222.png,1,1.0,0.0,0.0,1,0,,0.0,,0.0,0.0,0.0,0.0,93,201,6,Liverpool,False,4
400,Doku,Jérémy Doku,Man City,MID,7.4,a,https://resources.premierleague.com/premierleague/photos/players/40x40/p248875.png,1,1.0,0.5,0.7,15,0,100.0,0.5,,1.38,1.92,2.52,12.0,8540,3189,6,Liverpool,False,4
243,Alcaraz,Carlos Alcaraz Durán,Everton,MID,4.9,a,https://resources.premierleague.com/premierleague/photos/players/40x40/p502697.png,1,0.5,0.0,0.1,5,0,,0.0,,0.9,0.36,0.72,54.0,230,632,6,Hull City,False,2
638,Norton-Cuffy,Brooke Norton-Cuffy,Hull City,DEF,4.0,a,https://resources.premierleague.com/premierleague/photos/players/40x40/p496181.png,1,0.5,0.0,0.2,34,0,100.0,0.0,,0.13,0.0,0.79,2.65,540,3311,6,Everton,True,3
594,David,Promise David,Brighton,FWD,5.9,a,https://resources.premierleague.com/premierleague/photos/players/40x40/p538007.png,1,0.5,0.0,0.2,23,0,,0.0,,1.64,0.0,0.55,0.0,4330,3101,6,Sunderland,False,3
179,Latibeaudiere,Joel Latibeaudiere,Coventry City,DEF,4.0,a,https://resources.premierleague.com/premierleague/photos/players/40x40/p204813.png,1,1.0,0.5,0.0,1,0,,0.5,,0.0,0.0,1.8,180.0,119,239,6,Newcastle,True,3
120,Svoboda,Michael Svoboda,Brighton,DEF,5.0,a,https://resources.premierleague.com/premierleague/photos/players/40x40/p454490.png,1,1.0,0.5,0.1,4,0,,0.5,,0.0,0.0,3.15,22.5,1583,613,6,Sunderland,False,3
135,Yohanna,Zadok Yohanna,Brighton,MID,4.8,i,https://resources.premierleague.com/premierleague/photos/players/40x40/p700308.png,1,1.0,0.0,0.0,12,0,0.0,0.0,,0.0,0.22,0.0,0.0,31,596,6,Sunderland,False,3
340,Gelhardt,Joe Gelhardt,Hull City,MID,5.0,a,https://resources.premierleague.com/premierleague/photos/players/40x40/p462635.png,1,1.0,0.5,0.0,7,0,100.0,0.5,,1.29,0.26,1.67,12.86,128,158,6,Everton,True,3
556,Targett,Matt Targett,Hull City,DEF,4.0,i,https://resources.premierleague.com/premierleague/photos/players/40x40/p169359.png,1,1.0,0.0,1.5,5,0,0.0,0.0,,0.0,0.0,1.26,0.0,157,17864,6,Everton,True,3
563,Morita,Hidemasa Morita,Hull City,MID,4.9,a,https://resources.premierleague.com/premierleague/photos/players/40x40/p445028.png,1,1.0,0.0,0.0,45,1,100.0,0.0,,0.0,0.0,2.18,6.0,35,246,6,Everton,True,3
574,Hjertø-Dahl,Jens Hjertø-Dahl,Hull City,MID,4.9,a,https://resources.premierleague.com/premierleague/photos/players/40x40/p552946.png,1,1.0,0.0,0.1,8,0,,0.0,,0.0,0.0,0.0,11.25,99,539,6,Everton,True,3
641,Bard,Melvin Bard,Leeds,DEF,4.5,a,https://resources.premierleague.com/premierleague/photos/players/40x40/p437497.png,1,1.0,0.5,0.0,18,0,,0.5,,0.0,0.0,1.5,10.0,146,108,6,Arsenal,False,5
648,Bahoya,Jean-Mattéo Bahoya,Leeds,MID,5.0,d,https://resources.premierleague.com/premierleague/photos/players/40x40/p587982.png,1,1.0,0.5,0.0,1,0,75.0,0.4,,0.0,0.0,0.0,0.0,131,290,6,Arsenal,False,5
482,Hudson-Odoi,Callum Hudson-Odoi,Nott'm Forest,MID,5.8,a,https://resources.premierleague.com/premierleague/photos/players/40x40/p209046.png,1,1.0,0.0,0.1,1,0,100.0,0.0,,0.0,0.0,0.0,0.0,474,1669,6,Crystal Palace,False,3
493,Kalimuendo,Arnaud Kalimuendo,Nott'm Forest,FWD,5.4,a,https://resources.premierleague.com/premierleague/photos/players/40x40/p465680.png,1,1.0,0.0,0.0,1,0,,0.0,,0.0,0.0,0.0,0.0,323,564,6,Crystal Palace,False,3
487,Dominguez,Nicolás Domínguez,Nott'm Forest,MID,4.9,a,https://resources.premierleague.com/premierleague/photos/players/40x40/p250199.png,1,1.0,0.0,0.1,1,0,,0.0,,0.0,0.0,0.0,0.0,82,448,6,Crystal Palace,False,3
89,Henry,Rico Henry,Brentford,DEF,4.4,a,https://resources.premierleague.com/premierleague/photos/players/40x40/p194010.png,1,1.0,0.0,0.2,2,0,,0.0,,0.0,0.0,0.0,0.0,231,926,6,Aston Villa,False,3
308,Furlong,Darnell Furlong,Ipswich Town,DEF,3.9,a,https://resources.premierleague.com/premierleague/photos/players/40x40/p176420.png,1,1.0,0.0,0.6,17,0,,0.0,,0.0,0.0,4.55,15.88,8371,4759,6,Fulham,True,2
321,Walle Egeli,Sindre Walle Egeli,Ipswich Town,FWD,4.5,a,https://resources.premierleague.com/premierleague/photos/players/40x40/p557012.png,1,1.0,0.0,3.5,10,0,,0.0,,0.0,0.0,0.27,0.0,32884,43624,6,Fulham,True,2
547,Mundle,Romaine Mundle,Sunderland,MID,4.9,i,https://resources.premierleague.com/premierleague/photos/players/40x40/p461199.png,1,1.0,0.0,0.0,1,0,0.0,0.0,,15.3,0.0,8.1,90.0,13,76,6,Brighton,True,3
535,Alderete,Omar Alderete,Sunderland,DEF,4.8,a,https://resources.premierleague.com/premierleague/photos/players/40x40/p201895.png,1,1.0,0.0,0.2,23,0,100.0,0.0,,0.0,0.04,0.39,0.0,471,1801,6,Brighton,True,3
22,Nwaneri,Ethan Nwaneri,Arsenal,MID,5.4,u,https://resources.premierleague.com/premierleague/photos/players/40x40/p499175.png,0,0.0,0.0,0.0,0,0,0.0,0.0,,0.0,0.0,0.0,0.0,0,61,6,Leeds,True,3
23,Fábio Vieira,Fábio Ferreira Vieira,Arsenal,MID,5.5,u,https://resources.premierleague.com/premierleague/photos/players/40x40/p438098.png,0,0.0,0.0,0.0,0,0,0.0,0.0,,0.0,0.0,0.0,0.0,0,49,6,Leeds,True,3
24,Nelson,Reiss Nelson,Arsenal,MID,5.5,u,https://resources.premierleague.com/premierleague/photos/players/40x40/p200641.png,0,0.0,0.0,0.0,0,0,0.0,0.0,,0.0,0.0,0.0,0.0,0,28,6,Leeds,True,3
27,G.Jesus,Gabriel Fernando de Jesus,Arsenal,FWD,5.9,u,https://resources.premierleague.com/premierleague/photos/players/40x40/p205651.png,0,0.0,0.0,0.1,0,0,0.0,0.0,,0.0,0.0,0.0,0.0,0,1252,6,Leeds,True,3
30,Digne,Lucas Digne,Aston Villa,DEF,4.5,u,https://resources.premierleague.com/premierleague/photos/players/40x40/p101188.png,0,0.0,0.0,0.0,0,0,0.0,0.0,,0.0,0.0,0.0,0.0,0,311,6,Brentford,True,3
38,A.García,Andrés García,Aston Villa,DEF,4.0,a,https://resources.premierleague.com/premierleague/photos/players/40x40/p606798.png,0,0.0,0.0,1.5,0,0,,0.0,,0.0,0.0,0.0,0.0,2594,9435,6,Brentford,True,3
39,Nedeljkovic,Kosta Nedeljkovic,Aston Villa,DEF,4.0,u,https://resources.premierleague.com/premierleague/photos/players/40x40/p578545.png,0,0.0,0.0,0.1,0,0,0.0,0.0,,0.0,0.0,0.0,0.0,0,880,6,Brentford,True,3
44,Bailey,Leon Bailey,Aston Villa,MID,5.4,u,https://resources.premierleague.com/premierleague/photos/players/40x40/p215711.png,0,0.0,0.0,0.0,0,0,0.0,0.0,,0.0,0.0,0.0,0.0,0,680,6,Brentford,True,3
48,Onana,Amadou Onana,Aston Villa,MID,4.9,i,https://resources.premierleague.com/premierleague/photos/players/40x40/p449871.png,0,0.0,0.0,0.0,0,0,0.0,0.0,,0.0,0.0,0.0,0.0,76,136,6,Brentford,True,3
49,Iling Jr,Samuel Iling-Junior,Aston Villa,MID,5.0,u,https://resources.premierleague.com/premierleague/photos/players/40x40/p469247.png,0,0.0,0.0,0.0,0,0,0.0,0.0,,0.0,0.0,0.0,0.0,0,13,6,Brentford,True,3
50,Burrowes,Bradley Burrowes,Aston Villa,MID,4.5,a,https://resources.premierleague.com/premierleague/photos/players/40x40/p645618.png,0,0.0,0.0,0.5,0,0,,0.0,,0.0,0.0,0.0,0.0,847,5076,6,Brentford,True,3
521,Kulusevski,Dejan Kulusevski,Spurs,MID,6.5,i,https://resources.premierleague.com/premierleague/photos/players/40x40/p445044.png,0,0.0,0.0,0.0,0,0,0.0,0.0,,0.0,0.0,0.0,0.0,159,104,6,Man Utd,False,4
524,Olusesi,Callum Olusesi,Spurs,MID,4.4,a,https://resources.premierleague.com/premierleague/photos/players/40x40/p499726.png,0,0.0,0.0,1.0,0,0,,0.0,,0.0,0.0,0.0,0.0,6692,10249,6,Man Utd,False,4
528,Scarlett,Dane Scarlett,Spurs,FWD,4.5,u,https://resources.premierleague.com/premierleague/photos/players/40x40/p490145.png,0,0.0,0.0,1.0,0,0,0.0,0.0,,0.0,0.0,0.0,0.0,0,11889,6,Man Utd,False,4
601,Williams-Barnett,Luca Williams-Barnett,Spurs,MID,4.5,a,https://resources.premierleague.com/premierleague/photos/players/40x40/p611917.png,0,0.0,0.0,0.1,0,0,,0.0,,0.0,0.0,0.0,0.0,242,958,6,Man Utd,False,4
530,Patterson,Anthony Patterson,Sunderland,GKP,4.0,u,https://resources.premierleague.com/premierleague/photos/players/40x40/p232571.png,0,0.0,0.0,0.1,0,0,0.0,0.0,,0.0,0.0,0.0,0.0,0,540,6,Brighton,True,3
531,Ellborg,Melker Ellborg,Sunderland,GKP,4.4,a,https://resources.premierleague.com/premierleague/photos/players/40x40/p515046.png,0,0.0,0.0,0.1,0,0,,0.0,,0.0,0.0,0.0,0.0,232,394,6,Brighton,True,3
537,Seelt,Jenson Seelt,Sunderland,DEF,4.5,u,https://resources.premierleague.com/premierleague/photos/players/40x40/p519634.png,0,0.0,0.0,0.0,0,0,0.0,0.0,,0.0,0.0,0.0,0.0,0,34,6,Brighton,True,3
538,Hjelde,Leo Fuhr Hjelde,Sunderland,DEF,4.0,u,https://resources.premierleague.com/premierleague/photos/players/40x40/p477547.png,0,0.0,0.0,0.0,0,0,0.0,0.0,,0.0,0.0,0.0,0.0,0,240,6,Brighton,True,3
540,Masuaku,Arthur Masuaku,Sunderland,DEF,4.0,u,https://resources.premierleague.com/premierleague/photos/players/40x40/p105717.png,0,0.0,0.0,0.1,0,0,0.0,0.0,,0.0,0.0,0.0,0.0,0,905,6,Brighton,True,3
546,Adingra,Simon Adingra,Sunderland,MID,4.9,u,https://resources.premierleague.com/premierleague/photos/players/40x40/p535818.png,0,0.0,0.0,0.0,0,0,0.0,0.0,,0.0,0.0,0.0,0.0,0,321,6,Brighton,True,3
307,Johnson,Ben Johnson,Ipswich Town,DEF,4.0,u,https://resources.premierleague.com/premierleague/photos/players/40x40/p222018.png,0,0.0,0.0,0.1,0,0,0.0,0.0,,0.0,0.0,0.0,0.0,0,626,6,Fulham,True,2
310,Matusiwa,Azor Matusiwa,Ipswich Town,MID,4.9,a,https://resources.premierleague.com/premierleague/photos/players/40x40/p241117.png,0,0.0,0.0,0.0,0,0,100.0,0.0,,0.0,0.0,0.0,0.0,22,26,6,Fulham,True,2
311,Burns,Wes Burns,Ipswich Town,MID,5.0,u,https://resources.premierleague.com/premierleague/photos/players/40x40/p149929.png,0,0.0,0.0,0.0,0,0,0.0,0.0,,0.0,0.0,0.0,0.0,0,11,6,Fulham,True,2
312,Taylor,Jack Taylor,Ipswich Town,MID,4.4,a,https://resources.premierleague.com/premierleague/photos/players/40x40/p231899.png,0,0.0,0.0,0.0,0,0,100.0,0.0,,0.0,0.0,0.0,0.0,557,421,6,Fulham,True,2
314,Ogbene,Chiedozie Ogbene,Ipswich Town,MID,4.9,u,https://resources.premierleague.com/premierleague/photos/players/40x40/p229164.png,0,0.0,0.0,0.0,0,0,0.0,0.0,,0.0,0.0,0.0,0.0,0,94,6,Fulham,True,2
317,Hirst,George Hirst,Ipswich Town,FWD,5.0,u,https://resources.premierleague.com/premierleague/photos/players/40x40/p222625.png,0,0.0,0.0,0.1,0,0,0.0,0.0,,0.0,0.0,0.0,0.0,0,870,6,Fulham,True,2
319,Szmodics,Sam Szmodics,Ipswich Town,MID,5.0,u,https://resources.premierleague.com/premierleague/photos/players/40x40/p172453.png,0,0.0,0.0,0.0,0,0,0.0,0.0,,0.0,0.0,0.0,0.0,0,25,6,Fulham,True,2
322,Al-Hamadi,Ali Al-Hamadi,Ipswich Town,FWD,5.0,u,https://resources.premierleague.com/premierleague/photos/players/40x40/p462387.png,0,0.0,0.0,0.0,0,0,0.0,0.0,,0.0,0.0,0.0,0.0,0,575,6,Fulham,True,2
324,Mehmeti,Anis Mehmeti,Ipswich Town,MID,4.8,a,https://resources.premierleague.com/premierleague/photos/players/40x40/p232457.png,0,0.0,0.0,0.0,0,0,,0.0,,0.0,0.0,0.0,0.0,99,245,6,Fulham,True,2
554,Van Oevelen,Kayne van Oevelen,Ipswich Town,GKP,4.5,u,https://resources.premierleague.com/premierleague/photos/players/40x40/p546600.png,0,0.0,0.0,0.0,0,0,0.0,0.0,,0.0,0.0,0.0,0.0,0,148,6,Fulham,True,2
602,Humphreys,Cameron Humphreys,Ipswich Town,MID,4.5,u,https://resources.premierleague.com/premierleague/photos/players/40x40/p524180.png,0,0.0,0.0,0.0,0,0,0.0,0.0,,0.0,0.0,0.0,0.0,0,293,6,Fulham,True,2
326,Perri,Lucas Estella Perri,Leeds,GKP,4.5,u,https://resources.premierleague.com/premierleague/photos/players/40x40/p201595.png,0,0.0,0.0,0.3,0,0,0.0,0.0,,0.0,0.0,0.0,0.0,0,2081,6,Arsenal,False,5
333,Bornauw,Sebastiaan Bornauw,Leeds,DEF,4.5,u,https://resources.premierleague.com/premierleague/photos/players/40x40/p437738.png,0,0.0,0.0,0.0,0,0,0.0,0.0,,0.0,0.0,0.0,0.0,0,7,6,Arsenal,False,5
341,Gnonto,Wilfried Gnonto,Leeds,MID,5.0,u,https://resources.premierleague.com/premierleague/photos/players/40x40/p492859.png,0,0.0,0.0,0.0,0,0,0.0,0.0,,0.0,0.0,0.0,0.0,0,88,6,Arsenal,False,5
342,Harrison,Jack Harrison,Leeds,MID,5.0,u,https://resources.premierleague.com/premierleague/photos/players/40x40/p221399.png,0,0.0,0.0,0.0,0,0,0.0,0.0,,0.0,0.0,0.0,0.0,0,5,6,Arsenal,False,5
344,Gruev,Ilia Gruev,Leeds,MID,5.0,a,https://resources.premierleague.com/premierleague/photos/players/40x40/p486520.png,0,0.0,0.0,0.0,0,0,100.0,0.0,,0.0,0.0,0.0,0.0,62,30,6,Arsenal,False,5
348,Piroe,Joël Piroe,Leeds,FWD,5.0,u,https://resources.premierleague.com/premierleague/photos/players/40x40/p235826.png,0,0.0,0.0,0.1,0,0,0.0,0.0,,0.0,0.0,0.0,0.0,0,634,6,Arsenal,False,5
349,Mateo Joseph,Mateo Joseph Fernández-Regatillo,Leeds,FWD,4.5,i,https://resources.premierleague.com/premierleague/photos/players/40x40/p565297.png,0,0.0,0.0,0.1,0,0,0.0,0.0,,0.0,0.0,0.0,0.0,545,734,6,Arsenal,False,5
603,Lienou,Jayden Lienou,Leeds,DEF,4.0,a,https://resources.premierleague.com/premierleague/photos/players/40x40/p643970.png,0,0.0,0.0,0.1,0,0,,0.0,,0.0,0.0,0.0,0.0,340,670,6,Arsenal,False,5
604,Cresswell,Alfie Cresswell,Leeds,MID,4.5,a,https://resources.premierleague.com/premierleague/photos/players/40x40/p592740.png,0,0.0,0.0,0.1,0,0,,0.0,,0.0,0.0,0.0,0.0,489,1183,6,Arsenal,False,5
625,Cairns,Alex Cairns,Leeds,GKP,4.0,a,https://resources.premierleague.com/premierleague/photos/players/40x40/p97846.png,0,0.0,0.0,0.2,0,0,,0.0,,0.0,0.0,0.0,0.0,1325,1056,6,Arsenal,False,5
629,Zetterer,Michael Zetterer,Leeds,GKP,4.0,a,https://resources.premierleague.com/premierleague/photos/players/40x40/p155465.png,0,0.0,0.0,0.7,0,0,,0.0,,0.0,0.0,0.0,0.0,4921,3680,6,Arsenal,False,5
351,Mamardashvili,Giorgi Mamardashvili,Liverpool,GKP,4.8,a,https://resources.premierleague.com/premierleague/photos/players/40x40/p449027.png,0,0.0,0.0,0.1,0,0,,0.0,,0.0,0.0,0.0,0.0,334,787,6,Man City,True,4
352,Woodman,Freddie Woodman,Liverpool,GKP,4.0,a,https://resources.premierleague.com/premierleague/photos/players/40x40/p155503.png,0,0.0,0.0,1.0,0,0,,0.0,,0.0,0.0,0.0,0.0,1332,3595,6,Man City,True,4
353,Pecsi,Armin Pecsi,Liverpool,GKP,4.0,u,https://resources.premierleague.com/premierleague/photos/players/40x40/p586268.png,0,0.0,0.0,0.0,0,0,0.0,0.0,,0.0,0.0,0.0,0.0,0,105,6,Man City,True,4
354,Jaros,Vitezslav Jaros,Liverpool,GKP,4.0,i,https://resources.premierleague.com/premierleague/photos/players/40x40/p432987.png,0,0.0,0.0,0.0,0,0,0.0,0.0,,0.0,0.0,0.0,0.0,315,242,6,Man City,True,4
291,Matazo,Eliot Matazo,Hull City,MID,4.5,i,https://resources.premierleague.com/premierleague/photos/players/40x40/p465525.png,0,0.0,0.0,0.0,0,0,0.0,0.0,,0.0,0.0,0.0,0.0,34,88,6,Everton,True,3
292,Ömür,Abdülkadir Ömür,Hull City,MID,4.9,a,https://resources.premierleague.com/premierleague/photos/players/40x40/p208481.png,0,0.0,0.0,0.0,0,0,,0.0,,0.0,0.0,0.0,0.0,111,203,6,Everton,True,3
293,Kamara,Abu Kamara,Hull City,MID,5.0,u,https://resources.premierleague.com/premierleague/photos/players/40x40/p490161.png,0,0.0,0.0,0.0,0,0,0.0,0.0,,0.0,0.0,0.0,0.0,0,15,6,Everton,True,3
294,Zambrano,Óscar Zambrano,Hull City,MID,4.5,a,https://resources.premierleague.com/premierleague/photos/players/40x40/p553783.png,0,0.0,0.0,0.1,0,0,100.0,0.0,,0.0,0.0,0.0,0.0,214,717,6,Everton,True,3
296,Akintola,David Akintola,Hull City,MID,5.0,u,https://resources.premierleague.com/premierleague/photos/players/40x40/p213292.png,0,0.0,0.0,0.0,0,0,0.0,0.0,,0.0,0.0,0.0,0.0,0,375,6,Everton,True,3
297,Gyabi,Darko Gyabi,Hull City,MID,4.4,i,https://resources.premierleague.com/premierleague/photos/players/40x40/p470294.png,0,0.0,0.0,0.0,0,0,0.0,0.0,,0.0,0.0,0.0,0.0,90,193,6,Everton,True,3
298,Destan,Enis Destan,Hull City,FWD,4.5,u,https://resources.premierleague.com/premierleague/photos/players/40x40/p500957.png,0,0.0,0.0,0.2,0,0,0.0,0.0,,0.0,0.0,0.0,0.0,0,2111,6,Everton,True,3
299,Burstow,Mason Burstow,Hull City,FWD,4.5,u,https://resources.premierleague.com/premierleague/photos/players/40x40/p534392.png,0,0.0,0.0,0.0,0,0,0.0,0.0,,0.0,0.0,0.0,0.0,0,316,6,Everton,True,3
632,Ansah,Ilyas Ansah,Hull City,FWD,5.0,i,https://resources.premierleague.com/premierleague/photos/players/40x40/p626751.png,0,0.0,0.0,0.0,0,0,0.0,0.0,,0.0,0.0,0.0,0.0,95,566,6,Everton,True,3
645,Mouzakitis,Christos Mouzakitis,Hull City,MID,5.0,a,https://resources.premierleague.com/premierleague/photos/players/40x40/p647839.png,0,0.0,0.0,0.0,0,0,,0.0,,0.0,0.0,0.0,0.0,127,117,6,Everton,True,3
301,Palmer,Alex Palmer,Ipswich Town,GKP,4.0,a,https://resources.premierleague.com/premierleague/photos/players/40x40/p112520.png,0,0.0,0.0,3.8,0,0,,0.0,,0.0,0.0,0.0,0.0,10193,22463,6,Fulham,True,2
302,Button,David Button,Ipswich Town,GKP,4.0,a,https://resources.premierleague.com/premierleague/photos/players/40x40/p50093.png,0,0.0,0.0,0.6,0,0,,0.0,,0.0,0.0,0.0,0.0,3101,2332,6,Fulham,True,2
303,Kipré,Cédric Kipré,Ipswich Town,DEF,3.9,a,https://resources.premierleague.com/premierleague/photos/players/40x40/p183015.png,0,0.0,0.0,0.9,0,0,,0.0,,0.0,0.0,0.0,0.0,6837,6534,6,Fulham,True,2
355,Davies,Harvey Davies,Liverpool,GKP,4.0,a,https://resources.premierleague.com/premierleague/photos/players/40x40/p464353.png,0,0.0,0.0,0.2,0,0,,0.0,,0.0,0.0,0.0,0.0,481,661,6,Man City,True,4
359,Gomez,Joe Gomez,Liverpool,DEF,4.9,a,https://resources.premierleague.com/premierleague/photos/players/40x40/p171287.png,0,0.0,0.0,0.0,0,0,100.0,0.0,,0.0,0.0,0.0,0.0,456,144,6,Man City,True,4
360,Bradley,Conor Bradley,Liverpool,DEF,5.0,i,https://resources.premierleague.com/premierleague/photos/players/40x40/p492777.png,0,0.0,0.0,0.0,0,0,0.0,0.0,,0.0,0.0,0.0,0.0,78,112,6,Man City,True,4
361,Lucky,Wellity Lucky,Liverpool,DEF,4.0,a,https://resources.premierleague.com/premierleague/photos/players/40x40/p519440.png,0,0.0,0.0,0.1,0,0,,0.0,,0.0,0.0,0.0,0.0,381,794,6,Man City,True,4
363,Leoni,Giovanni Leoni,Liverpool,DEF,4.0,i,https://resources.premierleague.com/premierleague/photos/players/40x40/p647681.png,0,0.0,0.0,0.0,0,0,0.0,0.0,,0.0,0.0,0.0,0.0,91,283,6,Man City,True,4
365,Ramsay,Calvin Ramsay,Liverpool,DEF,4.0,u,https://resources.premierleague.com/premierleague/photos/players/40x40/p489580.png,0,0.0,0.0,0.1,0,0,0.0,0.0,,0.0,0.0,0.0,0.0,0,752,6,Man City,True,4
370,Chiesa,Federico Chiesa,Liverpool,MID,5.3,d,https://resources.premierleague.com/premierleague/photos/players/40x40/p223541.png,0,0.0,0.0,0.0,0,0,25.0,0.0,,0.0,0.0,0.0,0.0,20,328,6,Man City,True,4
373,C.Jones,Curtis Jones,Liverpool,MID,5.5,u,https://resources.premierleague.com/premierleague/photos/players/40x40/p206915.png,0,0.0,0.0,0.0,0,0,0.0,0.0,,0.0,0.0,0.0,0.0,0,92,6,Man City,True,4
374,Endo,Endo Wataru,Liverpool,MID,4.9,a,https://resources.premierleague.com/premierleague/photos/players/40x40/p158983.png,0,0.0,0.0,0.1,0,0,100.0,0.0,,0.0,0.0,0.0,0.0,203,546,6,Man City,True,4
376,Bajcetic,Stefan Bajčetić Maquieira,Liverpool,MID,5.0,u,https://resources.premierleague.com/premierleague/photos/players/40x40/p535928.png,0,0.0,0.0,0.0,0,0,0.0,0.0,,0.0,0.0,0.0,0.0,0,4,6,Man City,True,4
378,McConnell,James McConnell,Liverpool,MID,4.4,a,https://resources.premierleague.com/premierleague/photos/players/40x40/p491501.png,0,0.0,0.0,0.2,0,0,,0.0,,0.0,0.0,0.0,0.0,1228,2026,6,Man City,True,4
380,Ekitiké,Hugo Ekitiké,Liverpool,FWD,7.4,i,https://resources.premierleague.com/premierleague/photos/players/40x40/p510663.png,0,0.0,0.0,0.1,0,0,0.0,0.0,,0.0,0.0,0.0,0.0,543,1080,6,Man City,True,4
382,Danns,Jayden Danns,Liverpool,FWD,4.5,a,https://resources.premierleague.com/premierleague/photos/players/40x40/p500058.png,0,0.0,0.0,0.2,0,0,100.0,0.0,,0.0,0.0,0.0,0.0,5383,3377,6,Man City,True,4
383,Elliott,Harvey Elliott,Liverpool,MID,5.4,u,https://resources.premierleague.com/premierleague/photos/players/40x40/p444884.png,0,0.0,0.0,0.0,0,0,0.0,0.0,,0.0,0.0,0.0,0.0,0,309,6,Man City,True,4
270,Reed,Harrison Reed,Fulham,MID,4.4,a,https://resources.premierleague.com/premierleague/photos/players/40x40/p153366.png,0,0.0,0.0,1.1,0,0,,0.0,,0.0,0.0,0.0,0.0,3911,11337,6,Ipswich Town,False,2
272,Kusi-Asare,Jonah Kusi-Asare,Fulham,FWD,4.5,a,https://resources.premierleague.com/premierleague/photos/players/40x40/p631786.png,0,0.0,0.0,5.2,0,0,,0.0,,0.0,0.0,0.0,0.0,18613,57959,6,Ipswich Town,False,2
610,De Fougerolles,Luc De Fougerolles,Fulham,DEF,4.0,u,https://resources.premierleague.com/premierleague/photos/players/40x40/p547686.png,0,0.0,0.0,0.1,0,0,0.0,0.0,,0.0,0.0,0.0,0.0,0,605,6,Ipswich Town,False,2
626,Zepa,Macaulay Zepa,Fulham,MID,4.4,a,https://resources.premierleague.com/premierleague/photos/players/40x40/p616069.png,0,0.0,0.0,0.3,0,0,,0.0,,0.0,0.0,0.0,0.0,3534,3326,6,Ipswich Town,False,2
636,Ángel,Manuel Ángel Morán Ibáñez,Fulham,MID,5.0,a,https://resources.premierleague.com/premierleague/photos/players/40x40/p500033.png,0,0.0,0.0,0.0,0,0,,0.0,,0.0,0.0,0.0,0.0,48,38,6,Ipswich Town,False,2
273,Phillips,Dillon Phillips,Hull City,GKP,4.0,a,https://resources.premierleague.com/premierleague/photos/players/40x40/p167825.png,0,0.0,0.0,1.4,0,0,,0.0,,0.0,0.0,0.0,0.0,5532,6486,6,Everton,True,3
274,Butland,Jack Butland,Hull City,GKP,4.4,i,https://resources.premierleague.com/premierleague/photos/players/40x40/p105666.png,0,0.0,0.0,0.1,0,0,0.0,0.0,,0.0,0.0,0.0,0.0,89,478,6,Everton,True,3
275,Cartwright,Harvey Cartwright,Hull City,GKP,4.0,u,https://resources.premierleague.com/premierleague/photos/players/40x40/p494950.png,0,0.0,0.0,0.0,0,0,0.0,0.0,,0.0,0.0,0.0,0.0,0,43,6,Everton,True,3
276,Lo-Tutala,Thimothée Lo-Tutala,Hull City,GKP,4.0,u,https://resources.premierleague.com/premierleague/photos/players/40x40/p444307.png,0,0.0,0.0,0.0,0,0,0.0,0.0,,0.0,0.0,0.0,0.0,0,185,6,Everton,True,3
278,Hughes,Charlie Hughes,Hull City,DEF,3.9,i,https://resources.premierleague.com/premierleague/photos/players/40x40/p501902.png,0,0.0,0.0,0.2,0,0,0.0,0.0,,0.0,0.0,0.0,0.0,1411,2674,6,Everton,True,3
283,Jacob,Matty Jacob,Hull City,DEF,4.0,u,https://resources.premierleague.com/premierleague/photos/players/40x40/p449428.png,0,0.0,0.0,0.0,0,0,0.0,0.0,,0.0,0.0,0.0,0.0,0,60,6,Everton,True,3
284,McCarthy,Cathal McCarthy,Hull City,DEF,4.0,a,https://resources.premierleague.com/premierleague/photos/players/40x40/p661800.png,0,0.0,0.0,0.1,0,0,,0.0,,0.0,0.0,0.0,0.0,589,679,6,Everton,True,3
288,Dowell,Kieran Dowell,Hull City,MID,4.4,a,https://resources.premierleague.com/premierleague/photos/players/40x40/p171270.png,0,0.0,0.0,0.3,0,0,,0.0,,0.0,0.0,0.0,0.0,915,3199,6,Everton,True,3
234,Patterson,Nathan Patterson,Everton,DEF,4.5,u,https://resources.premierleague.com/premierleague/photos/players/40x40/p243571.png,0,0.0,0.0,0.0,0,0,0.0,0.0,,0.0,0.0,0.0,0.0,0,194,6,Hull City,False,2
235,Aznou,Adam Aznou,Everton,DEF,4.0,u,https://resources.premierleague.com/premierleague/photos/players/40x40/p499300.png,0,0.0,0.0,0.1,0,0,0.0,0.0,,0.0,0.0,0.0,0.0,0,975,6,Hull City,False,2
654,Graham,Braiden Graham,Everton,MID,4.5,a,https://resources.premierleague.com/premierleague/photos/players/40x40/p629068.png,0,0.0,0.0,0.1,0,0,,0.0,,0.0,0.0,0.0,0.0,313,1265,6,Hull City,False,2
251,Lecomte,Benjamin Lecomte,Fulham,GKP,4.0,a,https://resources.premierleague.com/premierleague/photos/players/40x40/p86873.png,0,0.0,0.0,1.1,0,0,,0.0,,0.0,0.0,0.0,0.0,5011,4612,6,Ipswich Town,False,2
252,McNally,Alfie McNally,Fulham,GKP,4.0,u,https://resources.premierleague.com/premierleague/photos/players/40x40/p505079.png,0,0.0,0.0,0.1,0,0,0.0,0.0,,0.0,0.0,0.0,0.0,0,991,6,Ipswich Town,False,2
256,Tete,Kenny Tete,Fulham,DEF,4.4,a,https://resources.premierleague.com/premierleague/photos/players/40x40/p167074.png,0,0.0,0.0,0.2,27,0,100.0,0.0,,0.0,0.0,2.17,10.0,184,1380,6,Ipswich Town,False,2
266,Cairney,Tom Cairney,Fulham,MID,4.9,i,https://resources.premierleague.com/premierleague/photos/players/40x40/p76357.png,0,0.0,0.0,0.0,0,0,0.0,0.0,,0.0,0.0,0.0,0.0,22,23,6,Ipswich Town,False,2
386,Bettinelli,Marcus Bettinelli,Man City,GKP,4.5,a,https://resources.premierleague.com/premierleague/photos/players/40x40/p122074.png,0,0.0,0.0,0.0,0,0,,0.0,,0.0,0.0,0.0,0.0,91,136,6,Liverpool,False,4
392,Aït-Nouri,Rayan Aït-Nouri,Man City,DEF,5.2,a,https://resources.premierleague.com/premierleague/photos/players/40x40/p448514.png,0,0.0,0.0,0.4,0,0,,0.0,,0.0,0.0,0.0,0.0,747,3125,6,Liverpool,False,4
394,Alleyne,Max Alleyne,Man City,DEF,5.0,u,https://resources.premierleague.com/premierleague/photos/players/40x40/p494307.png,0,0.0,0.0,0.0,0,0,0.0,0.0,,0.0,0.0,0.0,0.0,0,23,6,Liverpool,False,4
402,Rodrigo,Rodrigo 'Rodri' Hernandez Cascante,Man City,MID,6.5,u,https://resources.premierleague.com/premierleague/photos/players/40x40/p220566.png,0,0.0,0.0,0.0,0,0,0.0,0.0,,0.0,0.0,0.0,0.0,0,30,6,Liverpool,False,4
404,Reijnders,Tijjani Reijnders,Man City,MID,6.0,u,https://resources.premierleague.com/premierleague/photos/players/40x40/p433036.png,0,0.0,0.0,0.0,0,0,0.0,0.0,,0.0,0.0,0.0,0.0,0,127,6,Liverpool,False,4
407,Echeverri,Claudio Echeverri,Man City,MID,4.9,u,https://resources.premierleague.com/premierleague/photos/players/40x40/p575204.png,0,0.0,0.0,0.0,0,0,0.0,0.0,,0.0,0.0,0.0,0.0,0,73,6,Liverpool,False,4
408,Phillips,Kalvin Phillips,Man City,MID,5.0,u,https://resources.premierleague.com/premierleague/photos/players/40x40/p155405.png,0,0.0,0.0,0.0,0,0,0.0,0.0,,0.0,0.0,0.0,0.0,0,22,6,Liverpool,False,4
409,Mukasa,Divine Mukasa,Man City,MID,4.5,u,https://resources.premierleague.com/premierleague/photos/players/40x40/p590039.png,0,0.0,0.0,0.1,0,0,0.0,0.0,,0.0,0.0,0.0,0.0,0,902,6,Liverpool,False,4
410,Monga,Jeremy Monga,Man City,MID,4.9,u,https://resources.premierleague.com/premierleague/photos/players/40x40/p649208.png,0,0.0,0.0,0.0,0,0,0.0,0.0,,0.0,0.0,0.0,0.0,0,75,6,Liverpool,False,4
587,Rulli,Gerónimo Rulli,Man City,GKP,5.0,a,https://resources.premierleague.com/premierleague/photos/players/40x40/p106921.png,0,0.0,0.0,0.0,0,0,,0.0,,0.0,0.0,0.0,0.0,103,136,6,Liverpool,False,4
628,Allan,Allan Andrade Elias,Man City,MID,6.0,a,https://resources.premierleague.com/premierleague/photos/players/40x40/p624777.png,0,0.0,0.0,0.0,0,0,,0.0,,0.0,0.0,0.0,0.0,287,213,6,Liverpool,False,4
653,Samba,Floyd Samba,Man City,MID,4.5,a,https://resources.premierleague.com/premierleague/photos/players/40x40/p595480.png,0,0.0,0.0,0.0,0,0,,0.0,,0.0,0.0,0.0,0.0,300,582,6,Liverpool,False,4
215,Devenny,Justin Devenny,Crystal Palace,MID,5.0,u,https://resources.premierleague.com/premierleague/photos/players/40x40/p489706.png,0,0.0,0.0,0.0,0,0,0.0,0.0,,0.0,0.0,0.0,0.0,0,55,6,Nott'm Forest,True,3
216,Esse,Romain Esse,Crystal Palace,MID,5.0,u,https://resources.premierleague.com/premierleague/photos/players/40x40/p606921.png,0,0.0,0.0,0.0,0,0,0.0,0.0,,0.0,0.0,0.0,0.0,0,191,6,Nott'm Forest,True,3
217,M.França,Matheus França de Oliveira,Crystal Palace,MID,4.9,u,https://resources.premierleague.com/premierleague/photos/players/40x40/p536694.png,0,0.0,0.0,0.0,0,0,0.0,0.0,,0.0,0.0,0.0,0.0,0,261,6,Nott'm Forest,True,3
218,Doucouré,Cheick Doucouré,Crystal Palace,MID,4.8,a,https://resources.premierleague.com/premierleague/photos/players/40x40/p438464.png,0,0.0,0.0,0.0,0,0,,0.0,,0.0,0.0,0.0,0.0,183,444,6,Nott'm Forest,True,3
219,J.Rak-Sakyi,Jesurun Rak-Sakyi,Crystal Palace,MID,4.9,u,https://resources.premierleague.com/premierleague/photos/players/40x40/p450542.png,0,0.0,0.0,0.0,0,0,0.0,0.0,,0.0,0.0,0.0,0.0,0,40,6,Nott'm Forest,True,3
220,Cardines,Rio Cardines,Crystal Palace,DEF,4.5,u,https://resources.premierleague.com/premierleague/photos/players/40x40/p590014.png,0,0.0,0.0,0.0,0,0,0.0,0.0,,0.0,0.0,0.0,0.0,0,4,6,Nott'm Forest,True,3
221,Drakes-Thomas,Joél Drakes-Thomas,Crystal Palace,MID,4.4,a,https://resources.premierleague.com/premierleague/photos/players/40x40/p672492.png,0,0.0,0.0,0.1,0,0,,0.0,,0.0,0.0,0.0,0.0,277,677,6,Nott'm Forest,True,3
225,Uche,Christantus Uche,Crystal Palace,FWD,5.0,u,https://resources.premierleague.com/premierleague/photos/players/40x40/p660392.png,0,0.0,0.0,0.0,0,0,0.0,0.0,,0.0,0.0,0.0,0.0,0,0,6,Nott'm Forest,True,3
555,Matthews,Remi Matthews,Crystal Palace,GKP,4.0,a,https://resources.premierleague.com/premierleague/photos/players/40x40/p169593.png,0,0.0,0.0,1.7,0,0,,0.0,,0.0,0.0,0.0,0.0,2097,4601,6,Nott'm Forest,True,3
21,Nørgaard,Christian Nørgaard,Everton,MID,4.8,d,https://resources.premierleague.com/premierleague/photos/players/40x40/p128295.png,0,0.0,0.0,0.0,0,0,50.0,0.0,,0.0,0.0,0.0,0.0,110,554,6,Hull City,False,2
227,Travers,Mark Travers,Everton,GKP,5.0,a,https://resources.premierleague.com/premierleague/photos/players/40x40/p229600.png,0,0.0,0.0,0.0,0,0,,0.0,,0.0,0.0,0.0,0.0,370,378,6,Hull City,False,2
228,King,Tom King,Everton,GKP,4.5,a,https://resources.premierleague.com/premierleague/photos/players/40x40/p138001.png,0,0.0,0.0,0.0,0,0,,0.0,,0.0,0.0,0.0,0.0,167,238,6,Hull City,False,2
231,Keane,Michael Keane,Everton,DEF,4.8,a,https://resources.premierleague.com/premierleague/photos/players/40x40/p106611.png,0,0.0,0.0,0.7,0,0,,0.0,,0.0,0.0,0.0,0.0,853,6290,6,Hull City,False,2
187,Eccles,Josh Eccles,Coventry City,MID,4.8,i,https://resources.premierleague.com/premierleague/photos/players/40x40/p439668.png,0,0.0,0.0,0.0,0,0,0.0,0.0,,0.0,0.0,0.0,0.0,44,144,6,Newcastle,True,3
189,Shepherd,George Shepherd,Coventry City,MID,4.4,a,https://resources.premierleague.com/premierleague/photos/players/40x40/p684268.png,0,0.0,0.0,0.3,0,0,,0.0,,0.0,0.0,0.0,0.0,5192,4072,6,Newcastle,True,3
191,Borges Rodrigues,Raphael Borges Rodrigues,Coventry City,MID,4.5,u,https://resources.premierleague.com/premierleague/photos/players/40x40/p492498.png,0,0.0,0.0,0.1,0,0,0.0,0.0,,0.0,0.0,0.0,0.0,0,1265,6,Newcastle,True,3
192,Andrews,Kai Andrews,Coventry City,MID,4.5,u,https://resources.premierleague.com/premierleague/photos/players/40x40/p629397.png,0,0.0,0.0,0.3,0,0,0.0,0.0,,0.0,0.0,0.0,0.0,0,3723,6,Newcastle,True,3
193,Wright,Haji Wright,Coventry City,FWD,5.3,i,https://resources.premierleague.com/premierleague/photos/players/40x40/p176412.png,0,0.0,0.0,0.1,0,0,0.0,0.0,Penales,0.0,0.0,0.0,0.0,63,866,6,Newcastle,True,3
196,Markelo,Jahnoah Markelo,Coventry City,FWD,5.0,u,https://resources.premierleague.com/premierleague/photos/players/40x40/p551262.png,0,0.0,0.0,0.0,0,0,0.0,0.0,,0.0,0.0,0.0,0.0,0,87,6,Newcastle,True,3
197,Bassette,Norman Bassette,Coventry City,FWD,4.5,u,https://resources.premierleague.com/premierleague/photos/players/40x40/p549653.png,0,0.0,0.0,0.0,0,0,0.0,0.0,,0.0,0.0,0.0,0.0,0,217,6,Newcastle,True,3
623,Bentley,Dan Bentley,Coventry City,GKP,4.0,a,https://resources.premierleague.com/premierleague/photos/players/40x40/p79602.png,0,0.0,0.0,0.8,0,0,,0.0,,0.0,0.0,0.0,0.0,25169,4309,6,Newcastle,True,3
655,Gboho,Yann Gboho,Coventry City,MID,5.5,a,https://resources.premierleague.com/premierleague/photos/players/40x40/p242893.png,0,0.0,0.0,0.0,0,0,,0.0,,0.0,0.0,0.0,0.0,96,67,6,Newcastle,True,3
205,Sosa,Borna Sosa,Crystal Palace,DEF,4.5,u,https://resources.premierleague.com/premierleague/photos/players/40x40/p218364.png,0,0.0,0.0,0.0,0,0,0.0,0.0,,0.0,0.0,0.0,0.0,0,154,6,Nott'm Forest,True,3
131,Baleba,Carlos Baleba,Man Utd,MID,4.9,a,https://resources.premierleague.com/premierleague/photos/players/40x40/p535301.png,0,0.0,0.0,0.1,0,0,100.0,0.0,,0.0,0.0,0.0,0.0,3048,1154,6,Spurs,True,2
325,Darlow,Karl Darlow,Man Utd,GKP,4.5,d,https://resources.premierleague.com/premierleague/photos/players/40x40/p59735.png,0,0.0,0.0,0.0,0,0,75.0,0.0,,0.0,0.0,0.0,0.0,78,316,6,Spurs,True,2
413,Bayindir,Altay Bayındır,Man Utd,GKP,4.5,u,https://resources.premierleague.com/premierleague/photos/players/40x40/p451302.png,0,0.0,0.0,0.0,0,0,0.0,0.0,,0.0,0.0,0.0,0.0,0,61,6,Spurs,True,2
414,Heaton,Tom Heaton,Man Utd,GKP,4.0,i,https://resources.premierleague.com/premierleague/photos/players/40x40/p21205.png,0,0.0,0.0,0.1,0,0,0.0,0.0,,0.0,0.0,0.0,0.0,334,453,6,Spurs,True,2
416,De Ligt,Matthijs de Ligt,Man Utd,DEF,4.9,i,https://resources.premierleague.com/premierleague/photos/players/40x40/p209365.png,0,0.0,0.0,0.0,0,0,0.0,0.0,,0.0,0.0,0.0,0.0,112,178,6,Spurs,True,2
424,Amass,Harry Amass,Man Utd,DEF,4.0,a,https://resources.premierleague.com/premierleague/photos/players/40x40/p577974.png,0,0.0,0.0,0.2,0,0,,0.0,,0.0,0.0,0.0,0.0,626,1203,6,Spurs,True,2
425,Fredricson,Tyler Fredricson,Man Utd,DEF,4.0,u,https://resources.premierleague.com/premierleague/photos/players/40x40/p547676.png,0,0.0,0.0,0.0,0,0,0.0,0.0,,0.0,0.0,0.0,0.0,0,70,6,Spurs,True,2
431,Amad,Amad Diallo,Man Utd,MID,5.7,i,https://resources.premierleague.com/premierleague/photos/players/40x40/p493250.png,0,0.0,0.0,0.3,0,0,0.0,0.0,,0.0,0.0,0.0,0.0,251,2882,6,Spurs,True,2
433,Ugarte,Manuel Ugarte Ribeiro,Man Utd,MID,5.0,i,https://resources.premierleague.com/premierleague/photos/players/40x40/p232112.png,0,0.0,0.0,0.0,0,0,0.0,0.0,,0.0,0.0,0.0,0.0,31,32,6,Spurs,True,2
434,J.Fletcher,Jack Fletcher,Man Utd,MID,4.9,a,https://resources.premierleague.com/premierleague/photos/players/40x40/p547037.png,0,0.0,0.0,0.0,0,0,,0.0,,0.0,0.0,0.0,0.0,61,85,6,Spurs,True,2
436,Collyer,Toby Collyer,Man Utd,MID,5.0,u,https://resources.premierleague.com/premierleague/photos/players/40x40/p490881.png,0,0.0,0.0,0.0,0,0,0.0,0.0,,0.0,0.0,0.0,0.0,0,58,6,Spurs,True,2
437,Bendito Mantato,Bendito Mantato,Man Utd,MID,4.4,a,https://resources.premierleague.com/premierleague/photos/players/40x40/p576620.png,0,0.0,0.0,0.2,0,0,,0.0,,0.0,0.0,0.0,0.0,744,1270,6,Spurs,True,2
438,Fletcher,Tyler Fletcher,Man Utd,MID,4.4,a,https://resources.premierleague.com/premierleague/photos/players/40x40/p519913.png,0,0.0,0.0,0.3,0,0,,0.0,,0.0,0.0,0.0,0.0,2954,2978,6,Spurs,True,2
158,Gittens,Jamie Bynoe-Gittens,Chelsea,MID,5.8,i,https://resources.premierleague.com/premierleague/photos/players/40x40/p463936.png,0,0.0,0.0,0.0,0,0,0.0,0.0,,0.0,0.0,0.0,0.0,164,356,6,Bournemouth,True,3
163,D.Essugo,Dário Luís Essugo,Chelsea,MID,4.5,u,https://resources.premierleague.com/premierleague/photos/players/40x40/p491007.png,0,0.0,0.0,0.1,0,0,0.0,0.0,,0.0,0.0,0.0,0.0,0,1113,6,Bournemouth,True,3
168,Marc Guiu,Marc Guiu Paz,Chelsea,FWD,5.0,u,https://resources.premierleague.com/premierleague/photos/players/40x40/p499309.png,0,0.0,0.0,0.2,0,0,0.0,0.0,,0.0,0.0,0.0,0.0,0,2286,6,Bournemouth,True,3
169,Mheuka,Shumaira Mheuka,Chelsea,FWD,4.5,a,https://resources.premierleague.com/premierleague/photos/players/40x40/p567119.png,0,0.0,0.0,0.5,0,0,,0.0,,0.0,0.0,0.0,0.0,6279,4971,6,Bournemouth,True,3
170,Emegha,Emmanuel Emegha,Chelsea,FWD,4.9,i,https://resources.premierleague.com/premierleague/photos/players/40x40/p503037.png,0,0.0,0.0,0.1,0,0,0.0,0.0,,0.0,0.0,0.0,0.0,159,1437,6,Bournemouth,True,3
560,Penders,Mike Penders,Chelsea,GKP,4.4,a,https://resources.premierleague.com/premierleague/photos/players/40x40/p549939.png,0,0.0,0.0,0.1,0,0,,0.0,,0.0,0.0,0.0,0.0,308,423,6,Bournemouth,True,3
561,Anselmino,Aaron Anselmino,Chelsea,DEF,4.5,a,https://resources.premierleague.com/premierleague/photos/players/40x40/p622758.png,0,0.0,0.0,0.0,0,0,100.0,0.0,,0.0,0.0,0.0,0.0,99,136,6,Bournemouth,True,3
171,Dovin,Oliver Dovin,Coventry City,GKP,4.0,u,https://resources.premierleague.com/premierleague/photos/players/40x40/p484389.png,0,0.0,0.0,0.9,0,0,0.0,0.0,,0.0,0.0,0.0,0.0,0,8930,6,Newcastle,True,3
172,Wilson,Ben Wilson,Coventry City,GKP,4.4,a,https://resources.premierleague.com/premierleague/photos/players/40x40/p110690.png,0,0.0,0.0,0.3,0,0,,0.0,,0.0,0.0,0.0,0.0,346,1093,6,Newcastle,True,3
174,Kitching,Liam Kitching,Coventry City,DEF,4.0,u,https://resources.premierleague.com/premierleague/photos/players/40x40/p436761.png,0,0.0,0.0,0.3,0,0,0.0,0.0,,0.0,0.0,0.0,0.0,0,3279,6,Newcastle,True,3
177,Kesler-Hayden,Kaine Kesler-Hayden,Coventry City,DEF,3.9,d,https://resources.premierleague.com/premierleague/photos/players/40x40/p465390.png,0,0.0,0.0,0.1,0,0,50.0,0.0,,0.0,0.0,0.0,0.0,4517,1364,6,Newcastle,True,3
178,Bidwell,Jake Bidwell,Coventry City,DEF,4.0,a,https://resources.premierleague.com/premierleague/photos/players/40x40/p80178.png,0,0.0,0.0,0.1,0,0,,0.0,,0.0,0.0,0.0,0.0,281,500,6,Newcastle,True,3
180,Woolfenden,Luke Woolfenden,Coventry City,DEF,3.9,i,https://resources.premierleague.com/premierleague/photos/players/40x40/p220583.png,0,0.0,0.0,0.1,0,0,0.0,0.0,,0.0,0.0,0.0,0.0,562,998,6,Newcastle,True,3
181,Brau,Miguel Brau,Coventry City,DEF,4.0,u,https://resources.premierleague.com/premierleague/photos/players/40x40/p577411.png,0,0.0,0.0,0.0,0,0,0.0,0.0,,0.0,0.0,0.0,0.0,0,184,6,Newcastle,True,3
441,Obi,Chido Obi,Man Utd,FWD,4.5,u,https://resources.premierleague.com/premierleague/photos/players/40x40/p596047.png,0,0.0,0.0,0.9,0,0,0.0,0.0,,0.0,0.0,0.0,0.0,0,15023,6,Spurs,True,2
442,Pope,Nick Pope,Newcastle,GKP,4.9,a,https://resources.premierleague.com/premierleague/photos/players/40x40/p98747.png,0,0.0,0.0,0.9,0,0,,0.0,,0.0,0.0,0.0,0.0,1428,4475,6,Coventry City,False,2
443,Gillespie,Mark Gillespie,Newcastle,GKP,4.5,a,https://resources.premierleague.com/premierleague/photos/players/40x40/p81441.png,0,0.0,0.0,0.0,0,0,,0.0,,0.0,0.0,0.0,0.0,74,145,6,Coventry City,False,2
444,Jaouen,Ewen Jaouen,Newcastle,GKP,4.4,i,https://resources.premierleague.com/premierleague/photos/players/40x40/p554578.png,0,0.0,0.0,0.0,0,0,0.0,0.0,,0.0,0.0,0.0,0.0,35,205,6,Coventry City,False,2
448,Burn,Dan Burn,Newcastle,DEF,4.8,i,https://resources.premierleague.com/premierleague/photos/players/40x40/p78916.png,0,0.0,0.0,0.7,0,0,0.0,0.0,,0.0,0.0,0.0,0.0,159,8843,6,Coventry City,False,2
451,A.Murphy,Alex Murphy,Newcastle,DEF,4.0,u,https://resources.premierleague.com/premierleague/photos/players/40x40/p545477.png,0,0.0,0.0,0.1,0,0,0.0,0.0,,0.0,0.0,0.0,0.0,0,441,6,Coventry City,False,2
458,Joelinton,Joelinton Cássio Apolinário de Lira,Newcastle,MID,5.4,d,https://resources.premierleague.com/premierleague/photos/players/40x40/p180974.png,0,0.0,0.0,0.0,0,0,75.0,0.0,,0.0,0.0,0.0,0.0,34,124,6,Coventry City,False,2
466,Neave,Sean Neave,Newcastle,FWD,4.5,u,https://resources.premierleague.com/premierleague/photos/players/40x40/p599303.png,0,0.0,0.0,0.5,0,0,0.0,0.0,,0.0,0.0,0.0,0.0,0,5742,6,Coventry City,False,2
609,Shahar,Leo Shahar,Newcastle,DEF,4.0,u,https://resources.premierleague.com/premierleague/photos/players/40x40/p553746.png,0,0.0,0.0,0.2,0,0,0.0,0.0,,0.0,0.0,0.0,0.0,0,2303,6,Coventry City,False,2
659,Miley,Mason Miley,Newcastle,MID,4.5,a,https://resources.premierleague.com/premierleague/photos/players/40x40/p665243.png,0,0.0,0.0,0.0,0,0,,0.0,,0.0,0.0,0.0,0.0,2074,905,6,Coventry City,False,2
137,Tzimas,Stefanos Tzimas,Brighton,FWD,5.4,i,https://resources.premierleague.com/premierleague/photos/players/40x40/p608181.png,0,0.0,0.0,0.0,0,0,0.0,0.0,,0.0,0.0,0.0,0.0,54,78,6,Sunderland,False,3
139,Ferguson,Evan Ferguson,Brighton,FWD,5.0,i,https://resources.premierleague.com/premierleague/photos/players/40x40/p487117.png,0,0.0,0.0,0.0,0,0,0.0,0.0,,0.0,0.0,0.0,0.0,202,340,6,Sunderland,False,3
614,Hadjam,Jaouen Hadjam,Brighton,DEF,4.5,a,https://resources.premierleague.com/premierleague/photos/players/40x40/p512123.png,0,0.0,0.0,0.0,0,0,,0.0,,0.0,0.0,0.0,0.0,335,327,6,Sunderland,False,3
624,Cozier-Duberry,Amario Cozier-Duberry,Brighton,MID,5.0,u,https://resources.premierleague.com/premierleague/photos/players/40x40/p519324.png,0,0.0,0.0,0.0,0,0,0.0,0.0,,0.0,0.0,0.0,0.0,0,7,6,Sunderland,False,3
652,Azeez,Femi Azeez,Brighton,MID,5.5,i,https://resources.premierleague.com/premierleague/photos/players/40x40/p471551.png,0,0.0,0.0,0.0,0,0,0.0,0.0,,0.0,0.0,0.0,0.0,28,58,6,Sunderland,False,3
658,Ibrahim,Younes Ibrahim,Brighton,MID,4.5,a,https://resources.premierleague.com/premierleague/photos/players/40x40/p661016.png,0,0.0,0.0,0.0,0,0,,0.0,,0.0,0.0,0.0,0.0,421,261,6,Sunderland,False,3
141,Jörgensen,Filip Jörgensen,Chelsea,GKP,5.0,u,https://resources.premierleague.com/premierleague/photos/players/40x40/p508479.png,0,0.0,0.0,0.0,0,0,0.0,0.0,,0.0,0.0,0.0,0.0,0,38,6,Bournemouth,True,3
143,Chalobah,Trevoh Chalobah,Chelsea,DEF,5.5,u,https://resources.premierleague.com/premierleague/photos/players/40x40/p180736.png,0,0.0,0.0,0.1,0,0,0.0,0.0,,0.0,0.0,0.0,0.0,0,416,6,Bournemouth,True,3
146,B.Badiashile,Benoît Badiashile Mukinayi,Chelsea,DEF,4.5,u,https://resources.premierleague.com/premierleague/photos/players/40x40/p242880.png,0,0.0,0.0,0.0,0,0,0.0,0.0,,0.0,0.0,0.0,0.0,0,60,6,Bournemouth,True,3
150,M.Sarr,Mamadou Sarr,Chelsea,DEF,4.5,u,https://resources.premierleague.com/premierleague/photos/players/40x40/p574458.png,0,0.0,0.0,0.0,0,0,0.0,0.0,,0.0,0.0,0.0,0.0,0,252,6,Bournemouth,True,3
152,Palestra,Marco Palestra,Chelsea,DEF,5.3,a,https://resources.premierleague.com/premierleague/photos/players/40x40/p620109.png,0,0.0,0.0,0.6,0,0,100.0,0.0,,0.0,0.0,0.0,0.0,1001,6942,6,Bournemouth,True,3
107,Furo,Kaye Furo,Brentford,FWD,4.5,i,https://resources.premierleague.com/premierleague/photos/players/40x40/p593174.png,0,0.0,0.0,0.8,0,0,0.0,0.0,,0.0,0.0,0.0,0.0,1230,14190,6,Aston Villa,False,3
657,Nunes,Gustavo Nunes Fernandes Gomes,Brentford,MID,4.5,a,https://resources.premierleague.com/premierleague/photos/players/40x40/p626464.png,0,0.0,0.0,0.0,0,0,,0.0,,0.0,0.0,0.0,0.0,474,326,6,Aston Villa,False,3
660,Fredrick,Benjamin Fredrick,Brentford,DEF,4.0,a,https://resources.premierleague.com/premierleague/photos/players/40x40/p612534.png,0,0.0,0.0,0.0,0,0,,1.1,,0.0,0.0,0.0,0.0,734,96,6,Aston Villa,False,3
661,Balcombe,Ellery Balcombe,Brentford,GKP,4.0,a,https://resources.premierleague.com/premierleague/photos/players/40x40/p235448.png,0,0.0,0.0,0.1,0,0,,1.0,,0.0,0.0,0.0,0.0,4697,920,6,Aston Villa,False,3
111,Steele,Jason Steele,Brighton,GKP,4.0,a,https://resources.premierleague.com/premierleague/photos/players/40x40/p49262.png,0,0.0,0.0,4.0,0,0,,0.0,,0.0,0.0,0.0,0.0,13280,26588,6,Sunderland,False,3
117,Coppola,Diego Coppola,Brighton,DEF,4.5,a,https://resources.premierleague.com/premierleague/photos/players/40x40/p550090.png,0,0.0,0.0,0.0,0,0,,0.0,,0.0,0.0,0.0,0.0,168,141,6,Sunderland,False,3
118,Igor,Igor Julio dos Santos de Paulo,Brighton,DEF,4.5,u,https://resources.premierleague.com/premierleague/photos/players/40x40/p223434.png,0,0.0,0.0,0.0,0,0,0.0,0.0,,0.0,0.0,0.0,0.0,0,431,6,Sunderland,False,3
121,Mitoma,Mitoma Kaoru,Brighton,MID,5.9,i,https://resources.premierleague.com/premierleague/photos/players/40x40/p451340.png,0,0.0,0.0,0.0,0,0,0.0,0.0,,0.0,0.0,0.0,0.0,178,232,6,Sunderland,False,3
122,Minteh,Yankuba Minteh,Brighton,MID,5.8,i,https://resources.premierleague.com/premierleague/photos/players/40x40/p592031.png,0,0.0,0.0,0.0,0,0,0.0,0.0,,0.0,0.0,0.0,0.0,62,318,6,Sunderland,False,3
128,Buonanotte,Facundo Buonanotte,Brighton,MID,5.0,u,https://resources.premierleague.com/premierleague/photos/players/40x40/p536916.png,0,0.0,0.0,0.0,0,0,0.0,0.0,,0.0,0.0,0.0,0.0,0,11,6,Sunderland,False,3
132,Howell,Harry Howell,Brighton,MID,4.5,u,https://resources.premierleague.com/premierleague/photos/players/40x40/p597320.png,0,0.0,0.0,0.0,0,0,0.0,0.0,,0.0,0.0,0.0,0.0,0,325,6,Sunderland,False,3
133,Watson,Tom Watson,Brighton,MID,5.0,u,https://resources.premierleague.com/premierleague/photos/players/40x40/p549074.png,0,0.0,0.0,0.0,0,0,0.0,0.0,,0.0,0.0,0.0,0.0,0,6,6,Sunderland,False,3
134,Oriola,Nehemiah Oriola,Brighton,MID,4.5,a,https://resources.premierleague.com/premierleague/photos/players/40x40/p556637.png,0,0.0,0.0,0.2,0,0,,0.0,,0.0,0.0,0.0,0.0,480,2125,6,Sunderland,False,3
663,Pivas,Miodrag Pivas,Newcastle,DEF,4.0,a,https://resources.premierleague.com/premierleague/photos/players/40x40/p578512.png,0,0.0,0.0,0.0,0,0,,1.1,,0.0,0.0,0.0,0.0,546,87,6,Coventry City,False,2
664,Salia,Vakhtang Salia,Newcastle,FWD,4.5,a,https://resources.premierleague.com/premierleague/photos/players/40x40/p601767.png,0,0.0,0.0,0.2,0,0,,1.0,,0.0,0.0,0.0,0.0,15192,2702,6,Coventry City,False,2
665,Mills,Michael Mills,Newcastle,MID,4.5,a,https://resources.premierleague.com/premierleague/photos/players/40x40/p655585.png,0,0.0,0.0,0.0,0,0,,1.1,,0.0,0.0,0.0,0.0,221,43,6,Coventry City,False,2
666,Thompson,Kyran Thompson,Newcastle,MID,4.5,a,https://resources.premierleague.com/premierleague/photos/players/40x40/p671875.png,0,0.0,0.0,0.0,0,0,,1.1,,0.0,0.0,0.0,0.0,314,52,6,Coventry City,False,2
468,John,John Victor Maciel Furtado,Nott'm Forest,GKP,4.5,a,https://resources.premierleague.com/premierleague/photos/players/40x40/p221389.png,0,0.0,0.0,0.1,0,0,,0.0,,0.0,0.0,0.0,0.0,89,229,6,Crystal Palace,False,3
470,Morato,Felipe Rodrigues da Silva,Nott'm Forest,DEF,5.0,u,https://resources.premierleague.com/premierleague/photos/players/40x40/p485047.png,0,0.0,0.0,0.0,0,0,0.0,0.0,,0.0,0.0,0.0,0.0,0,174,6,Crystal Palace,False,3
475,Savona,Nicolò Savona,Nott'm Forest,DEF,4.5,i,https://resources.premierleague.com/premierleague/photos/players/40x40/p500151.png,0,0.0,0.0,0.0,0,0,0.0,0.0,,0.0,0.0,0.0,0.0,31,36,6,Crystal Palace,False,3
476,O.Richards,Omar Richards,Nott'm Forest,DEF,4.0,a,https://resources.premierleague.com/premierleague/photos/players/40x40/p204822.png,0,0.0,0.0,0.2,0,0,,0.0,,0.0,0.0,0.0,0.0,436,1165,6,Crystal Palace,False,3
477,Abbott,Zach Abbott,Nott'm Forest,DEF,4.0,u,https://resources.premierleague.com/premierleague/photos/players/40x40/p549067.png,0,0.0,0.0,0.1,0,0,0.0,0.0,,0.0,0.0,0.0,0.0,0,1407,6,Crystal Palace,False,3
479,Bindon,Tyler Bindon,Nott'm Forest,DEF,4.0,u,https://resources.premierleague.com/premierleague/photos/players/40x40/p538638.png,0,0.0,0.0,0.1,0,0,0.0,0.0,,0.0,0.0,0.0,0.0,0,877,6,Crystal Palace,False,3
484,Hutchinson,Omari Hutchinson,Nott'm Forest,MID,5.4,u,https://resources.premierleague.com/premierleague/photos/players/40x40/p503301.png,0,0.0,0.0,0.1,0,0,0.0,0.0,,0.0,0.0,0.0,0.0,0,540,6,Crystal Palace,False,3
485,Bakwa,Dilane Bakwa,Nott'm Forest,MID,5.5,u,https://resources.premierleague.com/premierleague/photos/players/40x40/p476887.png,0,0.0,0.0,0.0,0,0,0.0,0.0,,0.0,0.0,0.0,0.0,0,48,6,Crystal Palace,False,3
489,Yates,Ryan Yates,Nott'm Forest,MID,4.4,a,https://resources.premierleague.com/premierleague/photos/players/40x40/p204968.png,0,0.0,0.0,1.1,0,0,100.0,0.0,,0.0,0.0,0.0,0.0,1709,11194,6,Crystal Palace,False,3
77,Adli,Amine Adli,Bournemouth,MID,4.9,i,https://resources.premierleague.com/premierleague/photos/players/40x40/p489888.png,0,0.0,0.0,0.0,0,0,0.0,0.0,,0.0,0.0,0.0,0.0,38,109,6,Chelsea,False,4
78,Kroupi.Jr,Junior Kroupi,Bournemouth,MID,7.4,i,https://resources.premierleague.com/premierleague/photos/players/40x40/p560262.png,0,0.0,0.0,0.2,0,0,0.0,0.0,Penales,0.0,0.0,0.0,0.0,283,1167,6,Chelsea,False,4
80,Enes Ünal,Enes Ünal,Bournemouth,FWD,5.5,u,https://resources.premierleague.com/premierleague/photos/players/40x40/p168636.png,0,0.0,0.0,0.0,0,0,0.0,0.0,,0.0,0.0,0.0,0.0,0,71,6,Chelsea,False,4
573,Sanchez,Juanlu Sánchez,Bournemouth,DEF,4.4,a,https://resources.premierleague.com/premierleague/photos/players/40x40/p494928.png,0,0.0,0.0,0.2,0,0,,0.0,,0.0,0.0,0.0,0.0,213,671,6,Chelsea,False,4
615,Di Gregorio,Michele Di Gregorio,Bournemouth,GKP,4.5,a,https://resources.premierleague.com/premierleague/photos/players/40x40/p230650.png,0,0.0,0.0,0.0,0,0,,0.0,,0.0,0.0,0.0,0.0,249,264,6,Chelsea,False,4
83,Valdimarsson,Hákon Rafn Valdimarsson,Brentford,GKP,4.5,a,https://resources.premierleague.com/premierleague/photos/players/40x40/p507433.png,0,0.0,0.0,0.1,0,0,,0.0,,0.0,0.0,0.0,0.0,461,569,6,Aston Villa,False,3
85,Van den Berg,Sepp van den Berg,Brentford,DEF,4.9,i,https://resources.premierleague.com/premierleague/photos/players/40x40/p444765.png,0,0.0,0.0,0.1,0,0,0.0,0.0,,0.0,0.0,0.0,0.0,64,516,6,Aston Villa,False,3
92,Ji-soo,Kim Ji-soo,Brentford,DEF,4.4,a,https://resources.premierleague.com/premierleague/photos/players/40x40/p570241.png,0,0.0,0.0,0.0,0,0,,0.0,,0.0,0.0,0.0,0.0,89,118,6,Aston Villa,False,3
99,Milambo,Antoni Milambo,Brentford,MID,5.0,i,https://resources.premierleague.com/premierleague/photos/players/40x40/p543295.png,0,0.0,0.0,0.0,0,0,0.0,0.0,,0.0,0.0,0.0,0.0,12,11,6,Aston Villa,False,3
103,Dasilva,Josh Dasilva,Brentford,MID,4.9,i,https://resources.premierleague.com/premierleague/photos/players/40x40/p183656.png,0,0.0,0.0,0.0,0,0,0.0,0.0,,0.0,0.0,0.0,0.0,16,164,6,Aston Villa,False,3
55,Watkins,Ollie Watkins,Aston Villa,FWD,7.8,u,https://resources.premierleague.com/premierleague/photos/players/40x40/p178301.png,0,0.0,0.0,2.4,0,0,0.0,0.0,,0.0,0.0,0.0,0.0,0,17208,6,Brentford,True,3
582,Madjo,Brian Madjo,Aston Villa,FWD,5.4,d,https://resources.premierleague.com/premierleague/photos/players/40x40/p690838.png,0,0.0,0.0,0.2,0,0,75.0,0.0,,0.0,0.0,0.0,0.0,756,2978,6,Brentford,True,3
606,Rowe,Triston Rowe,Aston Villa,DEF,4.0,a,https://resources.premierleague.com/premierleague/photos/players/40x40/p569577.png,0,0.0,0.0,0.2,0,0,,0.0,,0.0,0.0,0.0,0.0,440,1121,6,Brentford,True,3
607,Lynch,Luka Lynch,Aston Villa,MID,4.5,u,https://resources.premierleague.com/premierleague/photos/players/40x40/p571380.png,0,0.0,0.0,0.1,0,0,0.0,0.0,,0.0,0.0,0.0,0.0,0,854,6,Brentford,True,3
618,Goretzka,Leon Goretzka,Aston Villa,MID,5.9,i,https://resources.premierleague.com/premierleague/photos/players/40x40/p119090.png,0,0.0,0.0,0.0,0,0,0.0,0.0,,0.0,0.0,0.0,0.0,42,515,6,Brentford,True,3
630,Harwood-Bellis,Taylor Harwood-Bellis,Aston Villa,DEF,4.5,a,https://resources.premierleague.com/premierleague/photos/players/40x40/p245719.png,0,0.0,0.0,0.0,0,0,,0.0,,0.0,0.0,0.0,0.0,328,285,6,Brentford,True,3
667,Wright,James Wright,Aston Villa,GKP,4.0,a,https://resources.premierleague.com/premierleague/photos/players/40x40/p481283.png,0,0.0,0.0,0.2,0,0,,1.0,,0.0,0.0,0.0,0.0,14014,1793,6,Brentford,True,3
58,Forster,Fraser Forster,Bournemouth,GKP,4.0,a,https://resources.premierleague.com/premierleague/photos/players/40x40/p40383.png,0,0.0,0.0,3.5,0,0,,0.0,,0.0,0.0,0.0,0.0,15705,12868,6,Chelsea,False,4
59,Dennis,Will Dennis,Bournemouth,GKP,4.0,u,https://resources.premierleague.com/premierleague/photos/players/40x40/p444172.png,0,0.0,0.0,0.1,0,0,0.0,0.0,,0.0,0.0,0.0,0.0,0,977,6,Chelsea,False,4
62,Diakité,Bafodé Diakité,Bournemouth,DEF,4.9,a,https://resources.premierleague.com/premierleague/photos/players/40x40/p242882.png,0,0.0,0.0,0.2,0,0,,0.0,,0.0,0.0,0.0,0.0,646,1293,6,Chelsea,False,4
63,Milosavljević,Veljko Milosavljevic,Bournemouth,DEF,4.9,i,https://resources.premierleague.com/premierleague/photos/players/40x40/p620487.png,0,0.0,0.0,0.0,0,0,0.0,0.0,,0.0,0.0,0.0,0.0,58,90,6,Chelsea,False,4
65,J.Araujo,Julián Araujo Zúñiga,Bournemouth,DEF,4.4,i,https://resources.premierleague.com/premierleague/photos/players/40x40/p436893.png,0,0.0,0.0,0.0,0,0,0.0,0.0,,0.0,0.0,0.0,0.0,67,97,6,Chelsea,False,4
66,Soler,Julio Soler Barreto,Bournemouth,DEF,4.0,a,https://resources.premierleague.com/premierleague/photos/players/40x40/p575901.png,0,0.0,0.0,0.3,0,0,100.0,0.0,,0.0,0.0,0.0,0.0,1114,1683,6,Chelsea,False,4
590,Benda,Steven Benda,Nott'm Forest,GKP,4.5,a,https://resources.premierleague.com/premierleague/photos/players/40x40/p428971.png,0,0.0,0.0,0.1,0,0,,0.0,,0.0,0.0,0.0,0.0,186,336,6,Crystal Palace,False,3
494,Vicario,Guglielmo Vicario,Spurs,GKP,4.5,u,https://resources.premierleague.com/premierleague/photos/players/40x40/p184254.png,0,0.0,0.0,0.1,0,0,0.0,0.0,,0.0,0.0,0.0,0.0,0,1016,6,Man Utd,False,4
495,Austin,Brandon Austin,Spurs,GKP,4.0,a,https://resources.premierleague.com/premierleague/photos/players/40x40/p214572.png,0,0.0,0.0,1.0,0,0,,0.0,,0.0,0.0,0.0,0.0,3443,3468,6,Man Utd,False,4
497,Dubravka,Martin Dubravka,Spurs,GKP,4.0,a,https://resources.premierleague.com/premierleague/photos/players/40x40/p67089.png,0,0.0,0.0,17.0,0,0,,0.0,,0.0,0.0,0.0,0.0,63027,88949,6,Man Utd,False,4
500,Romero,Cristian Romero,Spurs,DEF,5.0,u,https://resources.premierleague.com/premierleague/photos/players/40x40/p221632.png,0,0.0,0.0,0.1,0,0,0.0,0.0,,0.0,0.0,0.0,0.0,0,373,6,Man Utd,False,4
505,Spence,Djed Spence,Spurs,DEF,4.5,u,https://resources.premierleague.com/premierleague/photos/players/40x40/p232859.png,0,0.0,0.0,0.2,0,0,0.0,0.0,,0.0,0.0,0.0,0.0,0,1579,6,Man Utd,False,4
507,Phillips,Ashley Phillips,Spurs,DEF,4.5,u,https://resources.premierleague.com/premierleague/photos/players/40x40/p548308.png,0,0.0,0.0,0.0,0,0,0.0,0.0,,0.0,0.0,0.0,0.0,0,71,6,Man Utd,False,4
508,Davies,Ben Davies,Spurs,DEF,3.9,a,https://resources.premierleague.com/premierleague/photos/players/40x40/p115556.png,0,0.0,0.0,0.9,0,0,,0.0,,0.0,0.0,0.0,0.0,11929,6762,6,Man Utd,False,4
509,Byfield,Jun'ai Byfield,Spurs,DEF,4.0,a,https://resources.premierleague.com/premierleague/photos/players/40x40/p640419.png,0,0.0,0.0,0.1,0,0,,0.0,,0.0,0.0,0.0,0.0,199,358,6,Man Utd,False,4
510,Rowswell,James Rowswell,Spurs,DEF,4.0,a,https://resources.premierleague.com/premierleague/photos/players/40x40/p499716.png,0,0.0,0.0,0.1,0,0,,0.0,,0.0,0.0,0.0,0.0,241,496,6,Man Utd,False,4
511,Souza,João Victor de Souza Menezes,Spurs,DEF,4.0,u,https://resources.premierleague.com/premierleague/photos/players/40x40/p616221.png,0,0.0,0.0,0.2,0,0,0.0,0.0,,0.0,0.0,0.0,0.0,0,1424,6,Man Utd,False,4
513,Xavi,Xavi Simons,Spurs,MID,5.9,i,https://resources.premierleague.com/premierleague/photos/players/40x40/p493362.png,0,0.0,0.0,0.0,0,0,0.0,0.0,,0.0,0.0,0.0,0.0,73,97,6,Man Utd,False,4
517,Odobert,Wilson Odobert,Spurs,MID,5.5,i,https://resources.premierleague.com/premierleague/photos/players/40x40/p550839.png,0,0.0,0.0,0.0,0,0,0.0,0.0,,0.0,0.0,0.0,0.0,50,25,6,Man Utd,False,4
518,P.M.Sarr,Pape Matar Sarr,Spurs,MID,4.9,u,https://resources.premierleague.com/premierleague/photos/players/40x40/p482442.png,0,0.0,0.0,0.1,0,0,0.0,0.0,,0.0,0.0,0.0,0.0,0,1041,6,Man Utd,False,4
550,Jocelin.T,Djiamgone Jocelin Ta Bi,Sunderland,MID,5.0,a,https://resources.premierleague.com/premierleague/photos/players/40x40/p699989.png,0,0.0,0.0,0.0,0,0,,0.0,,0.0,0.0,0.0,0.0,64,77,6,Brighton,True,3
18,Martinelli,Gabriel Martinelli Silva,Arsenal,MID,6.3,u,https://resources.premierleague.com/premierleague/photos/players/40x40/p444145.png,0,0.0,0.0,0.1,0,0,0.0,0.0,,0.0,0.0,0.0,0.0,0,720,6,Leeds,True,3
6,Saliba,William Saliba,Arsenal,DEF,5.9,i,https://resources.premierleague.com/premierleague/photos/players/40x40/p462424.png,0,0.0,0.0,0.2,0,0,0.0,0.0,,0.0,0.0,0.0,0.0,545,1417,6,Leeds,True,3
3,Meslier,Illan Meslier,Arsenal,GKP,4.9,a,https://resources.premierleague.com/premierleague/photos/players/40x40/p437495.png,0,0.0,0.0,0.0,0,0,,0.0,,0.0,0.0,0.0,0.0,74,156,6,Leeds,True,3
613,Ahoka,Jules Ahoka,Sunderland,MID,4.5,a,https://resources.premierleague.com/premierleague/photos/players/40x40/p696104.png,0,0.0,0.0,0.2,0,0,,0.0,,0.0,0.0,0.0,0.0,836,2161,6,Brighton,True,3
2,Arrizabalaga,Kepa Arrizabalaga Revuelta,Arsenal,GKP,4.9,a,https://resources.premierleague.com/premierleague/photos/players/40x40/p109745.png,0,0.0,0.0,0.1,0,0,,0.0,,0.0,0.0,0.0,0.0,176,346,6,Leeds,True,3
651,J.Angulo,Juan Angulo,Sunderland,FWD,4.5,a,https://resources.premierleague.com/premierleague/photos/players/40x40/p661313.png,0,0.0,0.0,0.8,0,0,,0.0,,0.0,0.0,0.0,0.0,14291,10223,6,Brighton,True,3
612,Methalie,Dayann Méthalie,Sunderland,DEF,4.5,a,https://resources.premierleague.com/premierleague/photos/players/40x40/p638411.png,-1,-1.0,-0.5,0.0,90,1,100.0,-0.5,,0.03,0.01,2.82,3.0,161,93,6,Brighton,True,3
