gameweek,player_id,web_name,position,team_name,xp_predicted,now_cost_at_prediction,selected_by_percent_at_prediction,actual_points,points_per_game_at_prediction,ep_next_at_prediction,start_rate_at_prediction,xp_fresh_at_prediction,xp_horizon_at_prediction,xp_model_at_prediction,ep_x_start_rate_at_prediction,ep_x_availability_at_prediction
1,411,Haaland,FWD,Man City,4.71,15.5,70.3,2.0,,,,,,,,
1,426,B.Fernandes,MID,Man Utd,5.95,12.0,49.1,2.0,,,,,,,,
1,4,Gabriel,DEF,Arsenal,4.95,8.0,28.8,5.0,,,,,,,,
1,397,Semenyo,MID,Man City,3.87,8.5,26.4,2.0,,,,,,,,
1,480,Gibbs-White,MID,Nott'm Forest,4.84,8.0,11.9,2.0,,,,,,,,
1,13,Rice,MID,Arsenal,4.3,7.5,19.8,3.0,,,,,,,,
1,106,Thiago,FWD,Brentford,4.16,8.0,17.7,0.0,,,,,,,,
1,481,Anderson,MID,Man City,2.87,6.5,9.4,2.0,,,,,,,,
1,388,Guéhi,DEF,Man City,3.65,6.0,20.0,10.0,,,,,,,,
1,165,João Pedro,FWD,Chelsea,3.4,7.5,60.3,11.0,,,,,,,,
1,356,Virgil,DEF,Liverpool,3.75,6.5,18.0,2.0,,,,,,,,
1,498,Senesi,DEF,Spurs,3.34,6.0,9.5,3.0,,,,,,,,
1,229,Tarkowski,DEF,Everton,3.35,6.0,9.5,6.0,,,,,,,,
1,40,Rogers,MID,Chelsea,3.37,7.5,26.5,8.0,,,,,,,,
1,260,Wilson,MID,Leeds,3.11,6.5,7.2,3.0,,,,,,,,
1,55,Watkins,FWD,Aston Villa,3.49,8.0,12.3,0.0,,,,,,,,
1,61,Truffert,DEF,Bournemouth,1.11,5.5,4.9,1.0,,,,,,,,
1,1,Raya,GKP,Arsenal,4.94,6.0,34.4,6.0,,,,,,,,
1,368,Szoboszlai,MID,Liverpool,3.24,7.0,41.3,8.0,,,,,,,,
1,387,O'Reilly,DEF,Man City,3.62,6.5,21.5,2.0,,,,,,,,
1,155,Enzo,MID,Chelsea,4.1,7.0,5.2,1.0,,,,,,,,
1,12,Saka,MID,Arsenal,4.42,9.5,9.6,9.0,,,,,,,,
1,452,Bruno G.,MID,Arsenal,3.67,7.0,8.9,0.0,,,,,,,,
1,200,Lacroix,DEF,Chelsea,3.24,6.0,10.5,6.0,,,,,,,,
1,236,Dewsbury-Hall,MID,Everton,2.78,6.5,3.5,11.0,,,,,,,,
1,112,Van Hecke,DEF,Spurs,3.47,5.0,8.9,1.0,,,,,,,,
1,427,Mbeumo,MID,Man Utd,5.23,8.0,31.3,2.0,,,,,,,,
1,542,E.Le Fée,MID,Sunderland,4.08,6.0,11.8,2.0,,,,,,,,
1,371,Gravenberch,MID,Liverpool,2.48,6.0,1.9,5.0,,,,,,,,
1,428,Cunha,MID,Man Utd,3.95,8.0,11.2,2.0,,,,,,,,
1,82,Kelleher,GKP,Brentford,2.81,5.0,5.9,7.0,,,,,,,,
1,346,Calvert-Lewin,FWD,Leeds,3.27,6.0,27.6,1.0,,,,,,,,
1,68,Tavernier,MID,Bournemouth,1.13,6.0,1.7,10.0,,,,,,,,
1,335,Stach,MID,Leeds,2.46,6.0,1.1,13.0,,,,,,,,
1,69,Scott,MID,Bournemouth,0.91,6.0,1.5,2.0,,,,,,,,
1,95,O.Dango,MID,Brentford,2.86,6.5,1.4,3.0,,,,,,,,
1,529,Roefs,GKP,Sunderland,3.55,5.0,4.8,1.0,,,,,,,,
1,201,Muñoz,DEF,Crystal Palace,3.12,5.5,10.9,0.0,,,,,,,,
1,384,Donnarumma,GKP,Man City,2.89,5.5,9.6,3.0,,,,,,,,
1,525,Fernandes,MID,Spurs,2.53,6.0,2.3,1.0,,,,,,,,
1,399,Cherki,MID,Man City,2.5,7.5,7.9,8.0,,,,,,,,
1,204,Mitchell,DEF,Crystal Palace,3.2,4.5,6.7,1.0,,,,,,,,
1,226,Pickford,GKP,Everton,2.86,5.5,8.5,7.0,,,,,,,,
1,338,Ampadu,MID,Leeds,2.5,5.5,1.5,5.0,,,,,,,,
1,19,Zubimendi,MID,Arsenal,3.64,5.5,1.3,1.0,,,,,,,,
1,198,Henderson,GKP,Crystal Palace,2.84,5.0,3.2,2.0,,,,,,,,
1,367,Gakpo,MID,Liverpool,3.42,7.0,3.7,12.0,,,,,,,,
1,231,Keane,DEF,Everton,2.58,5.0,1.7,0.0,,,,,,,,
1,398,Foden,MID,Man City,2.63,7.0,4.8,1.0,,,,,,,,
1,109,Verbruggen,GKP,Brighton,3.01,4.5,19.2,6.0,,,,,,,,
1,84,Collins,DEF,Brentford,2.92,5.5,2.0,6.0,,,,,,,,
1,469,N.Williams,DEF,Nott'm Forest,4.48,5.0,11.1,2.0,,,,,,,,
1,25,Gyökeres,FWD,Arsenal,3.91,7.5,10.8,0.0,,,,,,,,
1,237,Ndiaye,MID,Everton,3.14,6.0,15.7,9.0,,,,,,,,
1,202,Richards,DEF,Crystal Palace,3.0,5.0,0.8,3.0,,,,,,,,
1,136,Welbeck,FWD,Chelsea,2.86,6.0,2.2,0.0,,,,,,,,
1,337,Aaronson,MID,Leeds,2.74,5.5,0.9,3.0,,,,,,,,
1,445,Thiaw,DEF,Newcastle,2.22,5.0,1.9,3.0,,,,,,,,
1,366,Wirtz,MID,Liverpool,2.96,7.5,14.6,2.0,,,,,,,,
1,94,Schade,MID,Brentford,3.72,6.0,3.2,3.0,,,,,,,,
1,156,Neto,MID,Chelsea,2.96,6.5,1.3,1.0,,,,,,,,
1,57,Petrović,GKP,Bournemouth,0.94,4.5,3.5,2.0,,,,,,,,
1,544,Xhaka,MID,Sunderland,3.05,5.5,4.7,9.0,,,,,,,,
1,250,Leno,GKP,Fulham,1.94,4.5,3.2,2.0,,,,,,,,
1,28,Martinez,GKP,Aston Villa,2.52,5.0,4.8,0.0,,,,,,,,
1,471,Milenković,DEF,Nott'm Forest,3.92,5.5,2.2,2.0,,,,,,,,
1,527,Richarlison,FWD,Spurs,2.1,6.0,2.6,2.0,,,,,,,,
1,113,F.Kadıoğlu,DEF,Brighton,3.31,4.5,3.1,0.0,,,,,,,,
1,499,Pedro Porro,DEF,Spurs,3.14,5.5,22.9,0.0,,,,,,,,
1,32,Cash,DEF,Aston Villa,3.05,4.5,8.6,-1.0,,,,,,,,
1,208,Sarr,MID,Crystal Palace,3.02,6.5,6.3,0.0,,,,,,,,
1,532,Ballard,DEF,Sunderland,3.17,5.0,4.7,0.0,,,,,,,,
1,232,O'Brien,DEF,Everton,2.93,5.0,0.5,0.0,,,,,,,,
1,503,Van de Ven,DEF,Spurs,3.27,5.0,7.3,0.0,,,,,,,,
1,79,Evanilson,FWD,Bournemouth,0.98,6.0,2.2,4.0,,,,,,,,
1,142,James,DEF,Chelsea,2.11,5.5,9.0,0.0,,,,,,,,
1,86,Lewis-Potter,MID,Brentford,1.96,5.5,0.5,10.0,,,,,,,,
1,154,Palmer,MID,Chelsea,3.24,9.5,10.6,13.0,,,,,,,,
1,223,Mateta,FWD,Crystal Palace,3.02,6.5,6.1,2.0,,,,,,,,
1,491,Igor Jesus,FWD,Nott'm Forest,3.1,6.0,5.1,2.0,,,,,,,,
1,88,Kayode,DEF,Brentford,3.24,4.5,3.5,13.0,,,,,,,,
1,96,Damsgaard,MID,Brentford,2.27,5.5,0.6,1.0,,,,,,,,
1,423,Shaw,DEF,Man Utd,4.46,4.5,22.3,1.0,,,,,,,,
1,14,Eze,MID,Arsenal,3.31,6.5,2.5,1.0,,,,,,,,
1,390,Rúben,DEF,Man City,2.29,5.5,1.6,2.0,,,,,,,,
1,140,Sánchez,GKP,Chelsea,2.66,5.0,2.2,2.0,,,,,,,,
1,210,Wharton,MID,Crystal Palace,2.5,5.5,0.6,4.0,,,,,,,,
1,417,Dalot,DEF,Man Utd,3.88,5.0,3.0,1.0,,,,,,,,
1,60,Hill,DEF,Bournemouth,0.67,5.5,1.0,1.0,,,,,,,,
1,534,Hume,DEF,Sunderland,4.2,4.5,6.0,2.0,,,,,,,,
1,159,Caicedo,MID,Chelsea,2.28,5.5,3.9,0.0,,,,,,,,
1,336,Okafor,MID,Leeds,2.11,6.0,0.6,1.0,,,,,,,,
1,8,Calafiori,DEF,Arsenal,4.45,5.5,27.7,9.0,,,,,,,,
1,412,Lammens,GKP,Man Utd,3.51,5.0,18.4,1.0,,,,,,,,
1,329,Rodon,DEF,Leeds,2.74,4.5,2.6,6.0,,,,,,,,
1,372,Mac Allister,MID,Liverpool,2.52,5.5,1.8,1.0,,,,,,,,
1,463,Woltemade,FWD,Newcastle,1.48,6.0,1.7,0.0,,,,,,,,
1,453,Barnes,MID,Newcastle,1.49,6.0,1.1,2.0,,,,,,,,
1,467,Sels,GKP,Nott'm Forest,3.01,5.0,1.6,2.0,,,,,,,,
1,102,Yarmoliuk,MID,Brentford,2.04,5.0,1.4,1.0,,,,,,,,
1,248,Beto,FWD,Everton,1.98,5.5,2.9,1.0,,,,,,,,
1,45,McGinn,MID,Aston Villa,2.52,5.5,3.2,1.0,,,,,,,,
1,257,Bassey,DEF,Fulham,1.69,4.5,0.7,0.0,,,,,,,,
1,261,Iwobi,MID,Fulham,1.59,5.5,1.0,2.0,,,,,,,,
1,41,Buendía,MID,Aston Villa,1.97,6.0,1.3,2.0,,,,,,,,
1,116,Dunk,DEF,Brighton,2.81,4.5,0.9,6.0,,,,,,,,
1,31,Konsa,DEF,Aston Villa,2.84,4.5,14.8,0.0,,,,,,,,
1,327,Bijol,DEF,Leeds,1.87,5.0,0.3,10.0,,,,,,,,
1,97,Jensen,MID,Brentford,2.36,5.5,0.2,6.0,,,,,,,,
1,129,Ayari,MID,Brighton,1.7,5.5,0.8,2.0,,,,,,,,
1,127,Gomez,MID,Brighton,2.66,5.0,2.8,6.0,,,,,,,,
1,144,Gusto,DEF,Chelsea,2.51,5.0,1.1,1.0,,,,,,,,
1,497,Dubravka,GKP,Spurs,2.27,4.0,21.6,0.0,,,,,,,,
1,442,Pope,GKP,Newcastle,1.56,5.0,1.3,0.0,,,,,,,,
1,330,Bogle,DEF,Leeds,3.18,4.5,0.5,6.0,,,,,,,,
1,249,Barry,FWD,Everton,2.08,5.5,1.2,8.0,,,,,,,,
1,233,Mykolenko,DEF,Everton,2.73,4.5,1.4,6.0,,,,,,,,
1,415,Dorgu,MID,Man Utd,1.98,6.0,1.6,0.0,,,,,,,,
1,269,Sessegnon,DEF,Fulham,1.41,4.5,0.4,1.0,,,,,,,,
1,130,Wieffer,DEF,Brighton,2.55,5.0,0.3,7.0,,,,,,,,
1,332,Justin,DEF,Leeds,2.04,4.5,0.6,10.0,,,,,,,,
1,448,Burn,DEF,Newcastle,1.53,5.0,2.5,0.0,,,,,,,,
1,404,Reijnders,MID,Man City,2.14,6.0,0.3,0.0,,,,,,,,
1,552,Brobbey,FWD,Sunderland,2.56,6.0,15.3,2.0,,,,,,,,
1,123,Hinshelwood,MID,Brighton,2.15,6.0,0.4,16.0,,,,,,,,
1,350,A.Becker,GKP,Liverpool,2.27,5.5,3.8,2.0,,,,,,,,
1,431,Amad,MID,Man Utd,3.7,6.0,1.6,0.0,,,,,,,,
1,265,Berge,MID,Fulham,1.56,5.0,0.4,2.0,,,,,,,,
1,494,Vicario,GKP,Spurs,2.34,4.5,1.2,0.0,,,,,,,,
1,418,Maguire,DEF,Man Utd,2.54,5.0,13.0,1.0,,,,,,,,
1,447,Botman,DEF,Newcastle,1.4,5.0,0.4,3.0,,,,,,,,
1,488,Sangaré,MID,Nott'm Forest,2.43,5.0,0.9,2.0,,,,,,,,
1,482,Hudson-Odoi,MID,Nott'm Forest,2.59,6.0,0.2,0.0,,,,,,,,
1,125,Georginio,FWD,Brighton,1.68,5.5,1.0,5.0,,,,,,,,
1,9,Hincapie,DEF,Arsenal,2.96,5.5,2.7,1.0,,,,,,,,
1,516,Bentancur,MID,Spurs,1.61,5.5,0.2,1.0,,,,,,,,
1,358,Kerkez,DEF,Liverpool,2.61,5.5,4.3,0.0,,,,,,,,
1,115,De Cuyper,DEF,Brighton,2.07,4.5,1.5,17.0,,,,,,,,
1,549,Talbi,MID,Sunderland,1.89,5.5,0.2,1.0,,,,,,,,
1,472,Murillo,DEF,Nott'm Forest,2.89,5.5,1.2,4.0,,,,,,,,
1,457,J.Murphy,MID,Newcastle,1.25,6.0,0.2,0.0,,,,,,,,
1,484,Hutchinson,MID,Nott'm Forest,2.22,5.5,0.2,0.0,,,,,,,,
1,256,Tete,DEF,Fulham,1.38,4.5,0.3,0.0,,,,,,,,
1,455,Tonali,MID,Spurs,2.32,5.5,4.1,2.0,,,,,,,,
1,545,Sadiki,MID,Sunderland,2.99,5.0,0.4,2.0,,,,,,,,
1,262,Smith Rowe,MID,Fulham,1.39,5.5,0.4,0.0,,,,,,,,
1,391,Gvardiol,DEF,Man City,2.04,5.5,11.8,9.0,,,,,,,,
1,238,Grealish,MID,Man City,1.7,6.5,0.1,1.0,,,,,,,,
1,449,Hall,DEF,Newcastle,1.47,5.0,3.7,3.0,,,,,,,,
1,514,Tel,MID,Spurs,1.42,6.0,0.6,2.0,,,,,,,,
1,124,Groß,MID,Brighton,1.71,5.5,12.3,2.0,,,,,,,,
1,211,Yeremy,MID,Crystal Palace,2.82,5.5,0.2,1.0,,,,,,,,
1,465,Osula,FWD,Newcastle,0.75,6.0,1.1,4.0,,,,,,,,
1,87,Ajer,DEF,Brentford,1.73,4.5,2.2,8.0,,,,,,,,
1,222,Strand Larsen,FWD,Crystal Palace,2.05,6.0,0.6,1.0,,,,,,,,
1,15,Ødegaard,MID,Arsenal,2.12,6.5,5.6,11.0,,,,,,,,
1,553,Isidor,FWD,Sunderland,1.63,5.5,1.1,1.0,,,,,,,,
1,98,Janelt,MID,Brentford,1.25,5.0,0.1,9.0,,,,,,,,
1,536,Reinildo,DEF,Sunderland,2.76,4.5,0.5,1.0,,,,,,,,
1,347,Nmecha,FWD,Leeds,1.54,5.5,0.6,0.0,,,,,,,,
1,432,Mainoo,MID,Man Utd,1.62,5.5,1.1,1.0,,,,,,,,
1,16,Madueke,MID,Arsenal,2.12,6.5,0.3,1.0,,,,,,,,
1,203,Canvot,DEF,Crystal Palace,1.43,5.0,0.5,1.0,,,,,,,,
1,459,L.Miley,MID,Newcastle,0.89,5.5,0.0,3.0,,,,,,,,
1,518,P.M.Sarr,MID,Spurs,1.14,5.0,0.4,0.0,,,,,,,,
1,213,Lerma,MID,Crystal Palace,1.52,5.0,0.1,0.0,,,,,,,,
1,43,Tielemans,MID,Man Utd,2.3,6.0,2.1,2.0,,,,,,,,
1,17,Merino,MID,Arsenal,1.88,6.0,0.9,1.0,,,,,,,,
1,67,Rayan,MID,Bournemouth,0.49,6.5,3.1,2.0,,,,,,,,
1,214,Kamada,MID,Crystal Palace,1.88,5.0,0.3,3.0,,,,,,,,
1,473,Aina,DEF,Nott'm Forest,2.17,4.5,4.0,5.0,,,,,,,,
1,393,Khusanov,DEF,Man City,1.55,5.5,1.8,2.0,,,,,,,,
1,267,Lukić,MID,Ipswich Town,2.31,5.0,0.1,5.0,,,,,,,,
1,345,Tanaka,MID,Leeds,1.25,5.0,0.3,0.0,,,,,,,,
1,209,Johnson,MID,Everton,1.63,6.0,0.2,1.0,,,,,,,,
1,254,Robinson,DEF,Fulham,1.15,4.5,2.1,1.0,,,,,,,,
1,543,Diarra,MID,Sunderland,2.01,5.5,0.1,1.0,,,,,,,,
1,34,Pau,DEF,Aston Villa,1.85,4.5,0.4,0.0,,,,,,,,
1,268,King,MID,Fulham,0.95,5.5,0.2,7.0,,,,,,,,
1,405,N.Gonzalez,MID,Man City,1.3,5.5,0.1,0.0,,,,,,,,
1,501,Danso,DEF,Spurs,1.68,5.0,0.2,0.0,,,,,,,,
1,357,Frimpong,DEF,Liverpool,1.45,5.5,3.3,0.0,,,,,,,,
1,456,J.Ramsey,MID,Newcastle,0.81,5.0,0.4,0.0,,,,,,,,
1,522,Gray,MID,Spurs,1.47,5.0,0.2,2.0,,,,,,,,
1,47,Kamara,MID,Aston Villa,1.24,5.0,0.3,2.0,,,,,,,,
1,258,Castagne,DEF,Fulham,1.27,4.5,0.3,6.0,,,,,,,,
1,392,Aït-Nouri,DEF,Man City,1.52,5.5,1.0,0.0,,,,,,,,
1,64,Smith,DEF,Bournemouth,0.4,4.5,0.1,1.0,,,,,,,,
1,157,Estêvão,MID,Chelsea,1.67,6.5,1.4,1.0,,,,,,,,
1,18,Martinelli,MID,Arsenal,2.05,6.5,0.3,0.0,,,,,,,,
1,46,Barkley,MID,Aston Villa,0.87,5.0,0.2,2.0,,,,,,,,
1,160,Garnacho,MID,Aston Villa,1.76,6.0,0.7,1.0,,,,,,,,
1,339,Longstaff,MID,Leeds,1.06,5.0,0.2,1.0,,,,,,,,
1,401,Marmoush,FWD,Man City,1.02,7.0,0.8,0.0,,,,,,,,
1,420,Yoro,DEF,Man Utd,2.36,5.0,0.8,0.0,,,,,,,,
1,502,Robertson,DEF,Spurs,1.32,4.5,3.1,3.0,,,,,,,,
1,36,Maatsen,DEF,Aston Villa,1.8,4.5,0.9,0.0,,,,,,,,
1,470,Morato,DEF,Nott'm Forest,1.85,5.0,0.1,0.0,,,,,,,,
1,241,McNeil,MID,Crystal Palace,1.33,5.5,0.2,2.0,,,,,,,,
1,422,Mazraoui,DEF,Man Utd,1.56,4.5,0.7,1.0,,,,,,,,
1,89,Henry,DEF,Brentford,1.22,4.5,0.2,0.0,,,,,,,,
1,446,Schär,DEF,Newcastle,0.89,5.0,0.2,1.0,,,,,,,,
1,419,Martinez,DEF,Man Utd,1.82,5.0,0.8,0.0,,,,,,,,
1,33,Mings,DEF,Aston Villa,1.5,4.5,0.3,1.0,,,,,,,,
1,483,Ndoye,MID,Nott'm Forest,1.68,5.5,0.5,3.0,,,,,,,,
1,263,Kevin,MID,Fulham,0.64,5.5,0.1,1.0,,,,,,,,
1,520,Bergvall,MID,Spurs,1.03,5.5,0.2,1.0,,,,,,,,
1,487,Dominguez,MID,Nott'm Forest,1.86,5.0,0.1,0.0,,,,,,,,
1,454,Elanga,MID,Newcastle,0.86,6.0,0.7,9.0,,,,,,,,
1,162,Andrey Santos,MID,Man Utd,1.63,5.0,1.2,2.0,,,,,,,,
1,62,Diakité,DEF,Bournemouth,0.41,5.0,0.2,0.0,,,,,,,,
1,10,White,DEF,Arsenal,1.56,5.5,3.2,11.0,,,,,,,,
1,212,Hughes,MID,Crystal Palace,1.51,4.5,11.1,0.0,,,,,,,,
1,167,Delap,FWD,Chelsea,1.3,5.5,0.5,0.0,,,,,,,,
1,519,Gallagher,MID,Spurs,1.17,5.5,0.3,0.0,,,,,,,,
1,42,Guessand,MID,Crystal Palace,0.96,5.5,0.0,1.0,,,,,,,,
1,369,Ngumoha,MID,Liverpool,0.88,6.0,1.2,2.0,,,,,,,,
1,492,Awoniyi,FWD,Coventry City,0.27,5.5,0.6,1.0,,,,,,,,
1,403,Savinho,MID,Man City,1.06,6.5,0.1,0.0,,,,,,,,
1,326,Perri,GKP,Leeds,1.26,4.5,0.6,0.0,,,,,,,,
1,264,Bobb,MID,Fulham,0.8,5.5,0.3,2.0,,,,,,,,
1,421,Heaven,DEF,Man Utd,1.59,4.5,0.4,1.0,,,,,,,,
1,440,Zirkzee,FWD,Man Utd,1.03,5.5,0.7,0.0,,,,,,,,
1,379,Isak,FWD,Liverpool,0.93,9.0,15.5,2.0,,,,,,,,
1,490,Wood,FWD,Nott'm Forest,1.74,6.0,1.7,1.0,,,,,,,,
1,70,Kluivert,MID,Bournemouth,0.4,6.0,1.1,3.0,,,,,,,,
1,71,Cook,MID,Bournemouth,0.22,5.0,0.1,3.0,,,,,,,,
1,35,Bogarde,MID,Aston Villa,0.8,5.0,0.1,1.0,,,,,,,,
1,526,Solanke,FWD,Spurs,1.09,6.0,1.7,1.0,,,,,,,,
1,11,Mosquera,DEF,Arsenal,1.58,5.5,11.4,6.0,,,,,,,,
1,114,Boscagli,DEF,Brighton,1.01,4.5,0.2,6.0,,,,,,,,
1,151,Acheampong,DEF,Chelsea,0.82,4.5,0.3,3.0,,,,,,,,
1,255,J.Cuenca,DEF,Fulham,0.71,4.5,0.0,3.0,,,,,,,,
1,460,Willock,MID,Newcastle,0.66,5.0,0.1,6.0,,,,,,,,
1,90,Hickey,DEF,Brentford,0.99,4.5,0.1,1.0,,,,,,,,
1,370,Chiesa,MID,Liverpool,0.52,5.5,0.2,0.0,,,,,,,,
1,215,Devenny,MID,Crystal Palace,0.91,5.0,0.0,0.0,,,,,,,,
1,271,Muniz,FWD,Fulham,0.69,5.5,0.6,1.0,,,,,,,,
1,246,Röhl,MID,Everton,0.63,5.0,0.1,3.0,,,,,,,,
1,26,Havertz,FWD,Arsenal,1.46,7.5,4.5,6.0,,,,,,,,
1,548,Rigg,MID,Sunderland,1.4,5.0,0.1,1.0,,,,,,,,
1,138,Kostoulas,FWD,Brighton,0.61,5.5,0.2,1.0,,,,,,,,
1,147,Tosin,DEF,Chelsea,0.85,4.5,0.2,0.0,,,,,,,,
1,546,Adingra,MID,Sunderland,1.08,5.0,0.3,0.0,,,,,,,,
1,351,Mamardashvili,GKP,Liverpool,0.96,5.0,0.2,0.0,,,,,,,,
1,230,Branthwaite,DEF,Everton,0.87,5.5,1.8,6.0,,,,,,,,
1,259,Diop,DEF,Ipswich Town,1.3,4.0,18.2,2.0,,,,,,,,
1,506,Udogie,DEF,Spurs,1.37,4.5,0.5,1.0,,,,,,,,
1,7,Lewis-Skelly,MID,Arsenal,0.67,5.5,0.5,3.0,,,,,,,,
1,37,Lindelöf,DEF,Aston Villa,1.06,4.5,0.2,-2.0,,,,,,,,
1,243,Alcaraz,MID,Everton,0.72,5.0,0.1,1.0,,,,,,,,
1,464,Wissa,FWD,Newcastle,0.53,6.0,1.6,4.0,,,,,,,,
1,539,O'Nien,DEF,Sunderland,0.84,4.0,3.1,1.0,,,,,,,,
1,485,Bakwa,MID,Nott'm Forest,0.95,5.5,0.0,0.0,,,,,,,,
1,333,Bornauw,DEF,Leeds,0.59,4.5,0.0,0.0,,,,,,,,
1,158,Gittens,MID,Chelsea,0.7,6.0,0.0,0.0,,,,,,,,
1,27,G.Jesus,FWD,Arsenal,0.94,6.0,0.4,0.0,,,,,,,,
1,343,James,MID,Leeds,0.73,5.0,0.1,0.0,,,,,,,,
1,224,Nketiah,FWD,Crystal Palace,0.51,5.5,0.5,1.0,,,,,,,,
1,234,Patterson,DEF,Everton,0.49,4.5,0.0,0.0,,,,,,,,
1,44,Bailey,MID,Aston Villa,0.57,5.5,0.1,0.0,,,,,,,,
1,244,Armstrong,MID,Everton,0.67,5.0,0.1,8.0,,,,,,,,
1,206,Chadi Riad,DEF,Crystal Palace,0.74,4.5,0.1,1.0,,,,,,,,
1,496,Kinsky,GKP,Spurs,0.95,4.5,21.0,2.0,,,,,,,,
1,395,Lewis,DEF,Man City,0.73,4.5,0.2,1.0,,,,,,,,
1,148,Hato,DEF,Chelsea,1.17,4.5,0.6,1.0,,,,,,,,
1,245,Dibling,MID,Everton,0.46,5.5,0.0,0.0,,,,,,,,
1,486,McAtee,MID,Nott'm Forest,0.49,5.5,0.0,3.0,,,,,,,,
1,348,Piroe,FWD,Leeds,0.46,5.0,0.5,0.0,,,,,,,,
1,126,O'Riley,MID,Brighton,0.7,5.5,0.1,0.0,,,,,,,,
1,242,George,MID,Everton,0.43,5.5,0.3,3.0,,,,,,,,
1,531,Ellborg,GKP,Sunderland,0.64,4.5,0.1,0.0,,,,,,,,
1,20,Dowman,MID,Arsenal,0.98,5.5,0.1,0.0,,,,,,,,
1,29,M.Bizot,GKP,Aston Villa,0.62,4.5,0.1,1.0,,,,,,,,
1,270,Reed,MID,Fulham,0.3,4.5,1.2,0.0,,,,,,,,
1,547,Mundle,MID,Sunderland,0.62,5.0,0.0,0.0,,,,,,,,
1,91,Pinnock,DEF,Brentford,0.62,4.5,0.1,0.0,,,,,,,,
1,24,Nelson,MID,Arsenal,0.59,5.5,0.0,0.0,,,,,,,,
1,161,Lavia,MID,Chelsea,0.5,5.0,0.0,1.0,,,,,,,,
1,474,Jair Cunha,DEF,Nott'm Forest,0.9,4.5,0.3,1.0,,,,,,,,
1,551,Angulo,MID,Sunderland,0.85,5.0,0.1,5.0,,,,,,,,
1,385,Trafford,GKP,Leeds,0.53,5.0,2.9,9.0,,,,,,,,
1,168,Marc Guiu,FWD,Chelsea,0.48,5.0,0.4,0.0,,,,,,,,
1,374,Endo,MID,Liverpool,0.25,5.0,0.0,0.0,,,,,,,,
1,104,Onyeka,MID,Coventry City,0.09,5.0,0.1,2.0,,,,,,,,
1,72,Gannon-Doak,MID,Bournemouth,0.1,5.0,0.1,1.0,,,,,,,,
1,468,John,GKP,Nott'm Forest,0.85,4.5,0.1,0.0,,,,,,,,
1,478,Netz,DEF,Nott'm Forest,0.59,4.5,0.0,1.0,,,,,,,,
1,117,Coppola,DEF,Brighton,0.33,4.5,0.0,0.0,,,,,,,,
1,508,Davies,DEF,Spurs,0.8,4.0,1.0,0.0,,,,,,,,
1,406,Kovačić,MID,Man City,0.38,5.5,0.1,1.0,,,,,,,,
1,493,Kalimuendo,FWD,Nott'm Forest,0.44,5.5,0.0,1.0,,,,,,,,
1,149,Colwill,DEF,Chelsea,0.43,5.0,1.7,0.0,,,,,,,,
1,76,Tóth.A,MID,Bournemouth,0.14,5.0,0.0,1.0,,,,,,,,
1,22,Nwaneri,MID,Arsenal,0.4,5.5,0.0,0.0,,,,,,,,
1,199,Benitez,GKP,Crystal Palace,0.37,4.5,0.1,0.0,,,,,,,,
1,146,B.Badiashile,DEF,Chelsea,0.68,4.5,0.0,0.0,,,,,,,,
1,118,Igor,DEF,Brighton,0.23,4.5,0.1,0.0,,,,,,,,
1,272,Kusi-Asare,FWD,Fulham,0.14,4.5,7.2,0.0,,,,,,,,
1,375,Nyoni,MID,Liverpool,0.89,5.0,0.0,0.0,,,,,,,,
1,205,Sosa,DEF,Crystal Palace,0.36,4.5,0.0,0.0,,,,,,,,
1,352,Woodman,GKP,Liverpool,0.34,4.0,1.1,0.0,,,,,,,,
1,383,Elliott,MID,Liverpool,0.4,5.5,0.1,0.0,,,,,,,,
1,38,A.García,DEF,Aston Villa,0.25,4.0,1.7,0.0,,,,,,,,
1,216,Esse,MID,Crystal Palace,0.2,5.0,0.0,0.0,,,,,,,,
1,511,Souza,DEF,Spurs,0.39,4.0,0.3,0.0,,,,,,,,
1,52,Alysson,MID,Aston Villa,0.25,5.0,0.0,1.0,,,,,,,,
1,515,Maddison,MID,Spurs,0.48,6.5,1.6,1.0,,,,,,,,
1,435,Lacey,MID,Man Utd,0.4,5.0,0.1,1.0,,,,,,,,
1,150,M.Sarr,DEF,Chelsea,0.53,4.5,0.1,0.0,,,,,,,,
1,434,J.Fletcher,MID,Man Utd,0.28,5.0,0.0,0.0,,,,,,,,
1,477,Abbott,DEF,Nott'm Forest,0.47,4.0,0.2,0.0,,,,,,,,
1,537,Seelt,DEF,Sunderland,0.54,4.5,0.0,0.0,,,,,,,,
1,438,Fletcher,MID,Man Utd,0.27,4.5,0.3,0.0,,,,,,,,
1,221,Drakes-Thomas,MID,Crystal Palace,0.17,4.5,0.1,0.0,,,,,,,,
1,51,George Hemmings,MID,Aston Villa,0.26,4.5,0.4,2.0,,,,,,,,
1,528,Scarlett,FWD,Spurs,0.21,4.5,1.6,0.0,,,,,,,,
1,2,Arrizabalaga,GKP,Arsenal,0.52,5.0,0.1,0.0,,,,,,,,
1,103,Dasilva,MID,Brentford,1.75,5.0,0.0,0.0,,,,,,,,
1,409,Mukasa,MID,Man City,0.4,4.5,0.1,0.0,,,,,,,,
1,107,Furo,FWD,Brentford,0.17,4.5,0.8,0.0,,,,,,,,
1,50,Burrowes,MID,Aston Villa,0.17,4.5,0.7,0.0,,,,,,,,
1,524,Olusesi,MID,Spurs,0.19,4.5,0.8,0.0,,,,,,,,
1,83,Valdimarsson,GKP,Brentford,0.39,4.5,0.1,0.0,,,,,,,,
1,466,Neave,FWD,Newcastle,0.17,4.5,0.7,0.0,,,,,,,,
1,134,Oriola,MID,Brighton,0.26,4.5,0.2,0.0,,,,,,,,
1,437,Bendito Mantato,MID,Man Utd,0.34,4.5,0.2,0.0,,,,,,,,
1,169,Mheuka,FWD,Chelsea,0.17,4.5,0.3,0.0,,,,,,,,
1,163,D.Essugo,MID,Chelsea,0.2,4.5,0.2,0.0,,,,,,,,
1,550,Jocelin.T,MID,Sunderland,0.42,5.0,0.0,0.0,,,,,,,,
1,510,Rowswell,DEF,Spurs,0.17,4.0,0.1,0.0,,,,,,,,
1,509,Byfield,DEF,Spurs,0.52,4.0,0.1,0.0,,,,,,,,
1,59,Dennis,GKP,Bournemouth,0.17,4.0,0.2,0.0,,,,,,,,
1,58,Forster,GKP,Bournemouth,0.17,4.0,3.2,0.0,,,,,,,,
1,307,Johnson,DEF,Ipswich Town,0.7,4.0,0.1,0.0,,,,,,,,
1,306,Greaves,DEF,Ipswich Town,0.7,4.0,0.9,2.0,,,,,,,,
1,305,Davis,DEF,Ipswich Town,0.7,4.0,5.2,2.0,,,,,,,,
1,304,O'Shea,DEF,Ipswich Town,0.7,4.0,3.1,4.0,,,,,,,,
1,303,Kipré,DEF,Ipswich Town,0.7,4.0,0.6,0.0,,,,,,,,
1,302,Button,GKP,Ipswich Town,0.7,4.0,0.5,0.0,,,,,,,,
1,301,Palmer,GKP,Ipswich Town,0.7,4.0,5.2,0.0,,,,,,,,
1,300,Walton,GKP,Ipswich Town,0.7,4.5,0.6,0.0,,,,,,,,
1,589,Gourna-Douath,MID,Hull City,0.17,5.0,0.0,0.0,,,,,,,,
1,586,Mendy,DEF,Hull City,0.35,4.0,0.6,15.0,,,,,,,,
1,585,Herrington,DEF,Hull City,0.35,4.0,0.4,1.0,,,,,,,,
1,3,Meslier,GKP,Arsenal,0.7,5.0,0.0,0.0,,,,,,,,
1,365,Ramsay,DEF,Liverpool,0.52,4.0,0.2,0.0,,,,,,,,
1,364,Tsimikas,DEF,Liverpool,0.52,5.0,0.1,0.0,,,,,,,,
1,362,Jacquet,DEF,Liverpool,0.52,5.0,2.2,1.0,,,,,,,,
1,361,Lucky,DEF,Liverpool,0.52,4.0,0.1,0.0,,,,,,,,
1,355,Davies,GKP,Liverpool,0.52,4.0,0.1,0.0,,,,,,,,
1,252,McNally,GKP,Fulham,0.35,4.0,0.1,0.0,,,,,,,,
1,251,Lecomte,GKP,Fulham,0.35,4.0,1.4,0.0,,,,,,,,
1,247,Hackney,MID,Everton,0.26,5.5,0.3,3.0,,,,,,,,
1,273,Phillips,GKP,Hull City,0.35,4.0,1.8,0.0,,,,,,,,
1,580,Charles,MID,Fulham,0.17,5.0,0.1,1.0,,,,,,,,
1,570,Palacios,MID,Fulham,0.17,5.5,0.2,2.0,,,,,,,,
1,569,Gonzalo,FWD,Fulham,0.12,6.0,1.9,6.0,,,,,,,,
1,218,Doucouré,MID,Crystal Palace,0.26,5.0,0.1,0.0,,,,,,,,
1,217,M.França,MID,Crystal Palace,0.26,5.0,0.0,0.0,,,,,,,,
1,579,Araujo,DEF,Liverpool,0.52,5.5,1.6,1.0,,,,,,,,
1,381,Koumas,MID,Liverpool,0.26,5.0,0.0,1.0,,,,,,,,
1,378,McConnell,MID,Liverpool,0.26,4.5,0.2,0.0,,,,,,,,
1,377,Munoz,MID,Liverpool,0.26,6.5,0.7,4.0,,,,,,,,
1,235,Aznou,DEF,Everton,0.52,4.0,0.2,0.0,,,,,,,,
1,228,King,GKP,Everton,0.52,4.5,0.0,0.0,,,,,,,,
1,227,Travers,GKP,Everton,0.52,5.0,0.0,0.0,,,,,,,,
1,289,Crooks,MID,Hull City,0.17,4.5,0.6,2.0,,,,,,,,
1,288,Dowell,MID,Hull City,0.17,4.5,0.4,0.0,,,,,,,,
1,287,Millar,MID,Hull City,0.17,5.0,0.1,0.0,,,,,,,,
1,286,Belloumi,MID,Hull City,0.17,5.0,0.5,3.0,,,,,,,,
1,285,McNair,DEF,Hull City,0.35,4.0,0.1,1.0,,,,,,,,
1,284,McCarthy,DEF,Hull City,0.35,4.0,0.1,0.0,,,,,,,,
1,282,Giles,DEF,Hull City,0.35,4.0,0.8,6.0,,,,,,,,
1,407,Echeverri,MID,Man City,0.26,5.0,0.0,0.0,,,,,,,,
1,396,Vitor Reis,DEF,Man City,0.52,4.5,0.0,0.0,,,,,,,,
1,386,Bettinelli,GKP,Man City,0.52,4.5,0.0,0.0,,,,,,,,
1,207,Mingueza,DEF,Crystal Palace,0.52,4.5,0.1,0.0,,,,,,,,
1,584,Hamer,MID,Coventry City,0.09,5.5,0.1,1.0,,,,,,,,
1,588,Khalaili,DEF,Crystal Palace,0.52,5.0,0.0,1.0,,,,,,,,
1,577,Tomiyasu,DEF,Crystal Palace,0.52,4.5,0.2,1.0,,,,,,,,
1,555,Matthews,GKP,Crystal Palace,0.52,4.0,1.7,0.0,,,,,,,,
1,219,J.Rak-Sakyi,MID,Crystal Palace,0.26,5.0,0.0,0.0,,,,,,,,
1,195,Simms,FWD,Coventry City,0.06,5.0,0.8,2.0,,,,,,,,
1,194,Thomas-Asante,FWD,Coventry City,0.06,5.0,0.8,2.0,,,,,,,,
1,192,Andrews,MID,Coventry City,0.09,4.5,0.7,0.0,,,,,,,,
1,191,Borges Rodrigues,MID,Coventry City,0.09,4.5,0.2,0.0,,,,,,,,
1,190,Tchaouna,MID,Coventry City,0.09,5.5,0.1,2.0,,,,,,,,
1,189,Shepherd,MID,Coventry City,0.09,4.5,0.3,0.0,,,,,,,,
1,188,Torp,MID,Coventry City,0.09,5.5,0.2,1.0,,,,,,,,
1,187,Eccles,MID,Coventry City,0.09,5.0,0.0,0.0,,,,,,,,
1,185,Sakamoto,MID,Coventry City,0.09,5.0,0.1,0.0,,,,,,,,
1,184,Grimes,MID,Coventry City,0.09,5.0,0.2,2.0,,,,,,,,
1,587,Rulli,GKP,Man City,0.52,5.0,0.0,0.0,,,,,,,,
1,410,Monga,MID,Man City,0.26,5.0,0.0,0.0,,,,,,,,
1,176,Dasilva,DEF,Coventry City,0.17,4.0,0.8,1.0,,,,,,,,
1,175,van Ewijk,DEF,Coventry City,0.17,4.0,14.5,1.0,,,,,,,,
1,174,Kitching,DEF,Coventry City,0.17,4.0,0.7,0.0,,,,,,,,
1,173,Thomas,DEF,Coventry City,0.17,4.0,7.8,3.0,,,,,,,,
1,172,Wilson,GKP,Coventry City,0.17,4.5,0.5,0.0,,,,,,,,
1,171,Dovin,GKP,Coventry City,0.17,4.0,2.0,0.0,,,,,,,,
1,110,Rushworth,GKP,Coventry City,0.17,4.5,1.0,1.0,,,,,,,,
1,583,Chavarria,DEF,Chelsea,0.52,5.0,0.2,1.0,,,,,,,,
1,424,Amass,DEF,Man Utd,0.7,4.0,0.2,0.0,,,,,,,,
1,575,Yirenkyi,MID,Coventry City,0.09,5.0,0.2,1.0,,,,,,,,
1,443,Gillespie,GKP,Newcastle,0.35,4.5,0.0,0.0,,,,,,,,
1,441,Obi,FWD,Man Utd,0.23,4.5,1.2,0.0,,,,,,,,
1,436,Collyer,MID,Man Utd,0.35,5.0,0.0,0.0,,,,,,,,
1,429,Rashford,MID,Man Utd,0.35,7.0,1.5,1.0,,,,,,,,
1,182,Amenda,DEF,Coventry City,0.17,4.0,0.8,1.0,,,,,,,,
1,181,Brau,DEF,Coventry City,0.17,4.0,0.0,0.0,,,,,,,,
1,180,Woolfenden,DEF,Coventry City,0.17,4.0,0.2,0.0,,,,,,,,
1,179,Latibeaudiere,DEF,Coventry City,0.17,4.0,0.1,0.0,,,,,,,,
1,178,Bidwell,DEF,Coventry City,0.17,4.0,0.1,0.0,,,,,,,,
1,177,Kesler-Hayden,DEF,Coventry City,0.17,4.0,0.1,0.0,,,,,,,,
1,280,Coyle,DEF,Hull City,0.35,4.0,0.6,6.0,,,,,,,,
1,279,Ajayi,DEF,Hull City,0.35,4.0,0.9,14.0,,,,,,,,
1,277,Egan,DEF,Hull City,0.35,4.0,1.9,8.0,,,,,,,,
1,334,Muharemović,DEF,Leeds,0.52,5.0,2.6,6.0,,,,,,,,
1,592,Ouattara,DEF,Ipswich Town,0.7,4.0,0.1,1.0,,,,,,,,
1,591,Enciso,MID,Ipswich Town,0.35,5.5,0.0,5.0,,,,,,,,
1,571,Florentino,MID,Ipswich Town,0.35,5.0,0.1,0.0,,,,,,,,
1,564,Scherpen,GKP,Ipswich Town,0.7,4.5,0.5,2.0,,,,,,,,
1,576,Stroud,MID,Hull City,0.17,5.0,0.1,3.0,,,,,,,,
1,574,Hjertø-Dahl,MID,Hull City,0.17,5.0,0.1,0.0,,,,,,,,
1,572,Tzolakis,GKP,Hull City,0.35,4.5,0.4,10.0,,,,,,,,
1,461,Touré,MID,Newcastle,0.17,6.0,0.3,0.0,,,,,,,,
1,444,Jaouen,GKP,Newcastle,0.35,4.5,0.0,0.0,,,,,,,,
1,578,Mudryk,MID,Chelsea,0.26,5.5,0.0,0.0,,,,,,,,
1,568,Barco,MID,Chelsea,0.26,5.5,0.1,0.0,,,,,,,,
1,561,Anselmino,DEF,Chelsea,0.52,4.5,0.0,0.0,,,,,,,,
1,560,Penders,GKP,Chelsea,0.52,4.5,0.1,0.0,,,,,,,,
1,166,N.Jackson,FWD,Chelsea,0.17,6.5,0.3,0.0,,,,,,,,
1,164,Quenda,MID,Chelsea,0.26,5.5,0.0,1.0,,,,,,,,
1,567,Horníček,GKP,Newcastle,0.35,5.0,0.6,1.0,,,,,,,,
1,559,Bamba,MID,Newcastle,0.17,5.0,0.1,1.0,,,,,,,,
1,462,Steur,MID,Newcastle,0.17,5.0,0.1,1.0,,,,,,,,
1,504,Vuskovic,DEF,Brighton,0.52,5.0,2.7,6.0,,,,,,,,
1,135,Yohanna,MID,Brighton,0.26,5.0,0.1,1.0,,,,,,,,
1,153,Disasi,DEF,Chelsea,0.52,4.5,0.1,0.0,,,,,,,,
1,152,Palestra,DEF,Chelsea,0.52,5.5,2.6,0.0,,,,,,,,
1,556,Targett,DEF,Hull City,0.35,4.0,2.8,1.0,,,,,,,,
1,296,Akintola,MID,Hull City,0.17,5.0,0.0,0.0,,,,,,,,
1,295,McBurnie,FWD,Hull City,0.12,5.5,1.5,5.0,,,,,,,,
1,292,Ömür,MID,Hull City,0.17,5.0,0.0,0.0,,,,,,,,
1,290,Slater,MID,Hull City,0.17,4.5,2.4,6.0,,,,,,,,
1,562,Maeda,MID,Ipswich Town,0.35,5.5,0.4,2.0,,,,,,,,
1,554,Van Oevelen,GKP,Ipswich Town,0.7,4.5,0.1,0.0,,,,,,,,
1,324,Mehmeti,MID,Ipswich Town,0.35,5.0,0.1,0.0,,,,,,,,
1,105,Anthony,MID,Brentford,0.26,6.0,0.2,1.0,,,,,,,,
1,479,Bindon,DEF,Nott'm Forest,0.7,4.0,0.2,0.0,,,,,,,,
1,476,O.Richards,DEF,Nott'm Forest,0.7,4.0,0.2,0.0,,,,,,,,
1,120,Svoboda,DEF,Brighton,0.52,5.0,0.0,0.0,,,,,,,,
1,119,Costinha,DEF,Brighton,0.52,4.5,0.0,1.0,,,,,,,,
1,495,Austin,GKP,Spurs,0.52,4.0,0.7,0.0,,,,,,,,
1,590,Benda,GKP,Nott'm Forest,0.7,4.5,0.0,0.0,,,,,,,,
1,581,Diomande,DEF,Nott'm Forest,0.7,5.5,0.5,0.0,,,,,,,,
1,558,Schlager,MID,Nott'm Forest,0.35,5.0,0.1,1.0,,,,,,,,
1,93,Schuster,DEF,Brentford,0.52,4.5,0.2,0.0,,,,,,,,
1,92,Ji-soo,DEF,Brentford,0.52,4.5,0.0,0.0,,,,,,,,
1,573,Sanchez,DEF,Bournemouth,0.17,4.5,0.2,0.0,,,,,,,,
1,566,Silva,DEF,Bournemouth,0.17,5.0,0.3,2.0,,,,,,,,
1,111,Steele,GKP,Brighton,0.52,4.0,4.3,0.0,,,,,,,,
1,565,Sangaré,MID,Brentford,0.26,5.5,2.2,14.0,,,,,,,,
1,108,Wilson,FWD,Brentford,0.17,5.5,0.3,1.0,,,,,,,,
1,323,McAteer,MID,Ipswich Town,0.35,4.5,1.4,1.0,,,,,,,,
1,322,Al-Hamadi,FWD,Ipswich Town,0.23,5.0,0.1,0.0,,,,,,,,
1,321,Walle Egeli,FWD,Ipswich Town,0.23,4.5,2.1,1.0,,,,,,,,
1,320,Akpom,FWD,Ipswich Town,0.23,5.0,0.5,1.0,,,,,,,,
1,318,Philogene,MID,Ipswich Town,0.35,5.5,0.2,0.0,,,,,,,,
1,317,Hirst,FWD,Ipswich Town,0.23,5.0,0.4,0.0,,,,,,,,
1,316,Emersonn,FWD,Ipswich Town,0.23,5.5,0.4,9.0,,,,,,,,
1,315,Fatawu,MID,Ipswich Town,0.35,5.5,0.3,2.0,,,,,,,,
1,314,Ogbene,MID,Ipswich Town,0.35,5.0,0.0,0.0,,,,,,,,
1,313,Clarke,MID,Ipswich Town,0.35,5.5,0.3,7.0,,,,,,,,
1,309,Núñez,MID,Ipswich Town,0.35,5.0,0.1,4.0,,,,,,,,
1,308,Furlong,DEF,Ipswich Town,0.7,4.0,0.6,0.0,,,,,,,,
1,523,Moore,MID,Spurs,0.26,5.0,0.2,2.0,,,,,,,,
1,557,Tzolis,MID,Arsenal,0.35,6.5,15.7,6.0,,,,,,,,
1,23,Fábio Vieira,MID,Arsenal,0.35,5.5,0.0,0.0,,,,,,,,
1,39,Nedeljkovic,DEF,Aston Villa,0.52,4.0,0.8,0.0,,,,,,,,
2,115,De Cuyper,DEF,Brighton,1.85,4.5,4.9,0.0,,,,,,,,
2,123,Hinshelwood,MID,Brighton,1.8,6.0,1.5,0.0,,,,,,,,
2,565,M.Sangaré,MID,Brentford,0.51,5.5,5.8,4.0,,,,,,,,
2,335,Stach,MID,Leeds,2.59,6.0,1.4,4.0,,,,,,,,
2,154,Palmer,MID,Chelsea,4.6,9.5,12.0,7.0,,,,,,,,
2,88,Kayode,DEF,Brentford,3.64,4.5,5.4,2.0,,,,,,,,
2,367,Gakpo,MID,Liverpool,3.58,7.0,4.8,5.0,,,,,,,,
2,10,White,DEF,Arsenal,1.01,5.5,5.5,7.0,,,,,,,,
2,236,Dewsbury-Hall,MID,Everton,2.9,6.5,4.2,2.0,,,,,,,,
2,15,Ødegaard,MID,Arsenal,1.22,6.5,10.4,3.0,,,,,,,,
2,165,João Pedro,FWD,Chelsea,4.8,7.5,65.4,9.0,,,,,,,,
2,388,Guéhi,DEF,Man City,4.3,6.0,18.3,2.0,,,,,,,,
2,332,Justin,DEF,Leeds,2.23,4.5,0.8,2.0,,,,,,,,
2,86,Lewis-Potter,MID,Brentford,2.32,5.5,0.7,6.0,,,,,,,,
2,68,Tavernier,MID,Bournemouth,3.57,6.0,2.0,1.0,,,,,,,,
2,572,Tzolakis,GKP,Hull City,1.2,4.5,1.6,10.0,,,,,,,,
2,327,Bijol,DEF,Leeds,2.1,5.0,0.6,1.0,,,,,,,,
2,454,Elanga,MID,Newcastle,1.5,6.0,1.4,8.0,,,,,,,,
2,544,Xhaka,MID,Sunderland,3.15,5.5,4.5,6.0,,,,,,,,
2,12,Saka,MID,Arsenal,2.44,9.5,10.3,11.0,,,,,,,,
2,8,Calafiori,DEF,Arsenal,2.43,5.5,41.0,11.0,,,,,,,,
2,98,Janelt,MID,Brentford,1.51,5.0,0.3,1.0,,,,,,,,
2,237,Ndiaye,MID,Everton,3.31,6.0,16.1,4.0,,,,,,,,
2,385,Trafford,GKP,Leeds,0.77,5.0,3.5,3.0,,,,,,,,
2,316,Emersonn,FWD,Ipswich Town,0.26,5.5,1.1,1.0,,,,,,,,
2,391,Gvardiol,DEF,Man City,2.34,5.5,12.4,5.0,,,,,,,,
2,277,Egan,DEF,Hull City,1.2,4.0,1.9,9.0,,,,,,,,
2,249,Barry,FWD,Everton,2.31,5.5,1.9,2.0,,,,,,,,
2,87,Ajer,DEF,Brentford,1.97,4.5,3.8,3.0,,,,,,,,
2,40,Rogers,MID,Chelsea,5.11,7.5,25.2,5.0,,,,,,,,
2,368,Szoboszlai,MID,Liverpool,3.67,7.0,42.6,4.0,,,,,,,,
2,399,Cherki,MID,Man City,2.0,7.5,9.5,14.0,,,,,,,,
2,244,Armstrong,MID,Everton,0.87,5.0,0.2,2.0,,,,,,,,
2,130,Wieffer,DEF,Brighton,1.87,5.0,0.4,0.0,,,,,,,,
2,313,Clarke,MID,Ipswich Town,0.0,5.5,0.3,0.0,,,,,,,,
2,82,Kelleher,GKP,Brentford,2.98,5.0,6.2,2.0,,,,,,,,
2,226,Pickford,GKP,Everton,2.9,5.5,8.5,3.0,,,,,,,,
2,268,King,MID,Fulham,1.61,5.5,0.3,2.0,,,,,,,,
2,460,Willock,MID,Newcastle,0.69,5.0,0.2,3.0,,,,,,,,
2,127,Gomez,MID,Brighton,1.94,5.0,3.8,5.0,,,,,,,,
2,26,Havertz,FWD,Arsenal,0.91,7.5,6.8,2.0,,,,,,,,
2,557,Tzolis,MID,Arsenal,0.35,6.5,25.7,0.0,,,,,,,,
2,334,Muharemović,DEF,Leeds,0.97,5.0,3.4,4.0,,,,,,,,
2,282,Giles,DEF,Hull City,1.21,4.0,0.9,6.0,,,,,,,,
2,290,Slater,MID,Hull City,0.66,4.5,3.5,2.0,,,,,,,,
2,569,Gonzalo,FWD,Fulham,0.38,6.0,2.6,2.0,,,,,,,,
2,116,Dunk,DEF,Brighton,2.01,4.5,1.1,-1.0,,,,,,,,
2,114,Boscagli,DEF,Brighton,0.85,4.5,0.2,-1.0,,,,,,,,
2,109,Verbruggen,GKP,Brighton,2.14,4.5,21.7,0.0,,,,,,,,
2,11,Mosquera,DEF,Arsenal,0.99,5.5,6.0,6.0,,,,,,,,
2,200,Lacroix,DEF,Chelsea,4.48,6.0,9.3,1.0,,,,,,,,
2,1,Raya,GKP,Arsenal,2.61,6.0,38.0,6.0,,,,,,,,
2,229,Tarkowski,DEF,Everton,3.39,6.0,8.9,12.0,,,,,,,,
2,230,Branthwaite,DEF,Everton,1.08,5.5,1.8,4.0,,,,,,,,
2,504,Vuskovic,DEF,Brighton,0.66,5.0,2.5,0.0,,,,,,,,
2,258,Castagne,DEF,Fulham,2.08,4.5,0.4,6.0,,,,,,,,
2,233,Mykolenko,DEF,Everton,2.79,4.5,1.6,4.0,,,,,,,,
2,329,Rodon,DEF,Leeds,2.92,4.5,3.6,1.0,,,,,,,,
2,330,Bogle,DEF,Leeds,3.32,4.5,0.6,2.0,,,,,,,,
2,84,Collins,DEF,Brentford,3.25,5.5,2.0,3.0,,,,,,,,
2,97,Jensen,MID,Brentford,2.56,5.5,0.2,0.0,,,,,,,,
2,338,Ampadu,MID,Leeds,2.58,5.5,1.4,2.0,,,,,,,,
2,371,Gravenberch,MID,Liverpool,2.57,6.0,2.0,1.0,,,,,,,,
2,473,Aina,DEF,Nott'm Forest,1.25,4.5,3.6,0.0,,,,,,,,
2,4,Gabriel,DEF,Arsenal,2.63,8.0,29.4,8.0,,,,,,,,
2,551,Angulo,MID,Sunderland,1.16,5.0,0.1,3.0,,,,,,,,
2,295,McBurnie,FWD,Hull City,0.46,5.5,1.8,1.0,,,,,,,,
2,125,Georginio,FWD,Brighton,1.25,5.5,1.0,0.0,,,,,,,,
2,267,Lukić,MID,Ipswich Town,1.24,5.0,0.1,1.0,,,,,,,,
2,79,Evanilson,FWD,Bournemouth,3.03,6.0,2.7,5.0,,,,,,,,
2,309,Núñez,MID,Ipswich Town,0.33,5.0,0.1,2.0,,,,,,,,
2,210,Wharton,MID,Crystal Palace,1.74,5.5,0.9,2.0,,,,,,,,
2,465,Osula,FWD,Newcastle,1.39,6.0,1.1,0.0,,,,,,,,
2,472,Murillo,DEF,Nott'm Forest,1.61,5.5,1.7,1.0,,,,,,,,
2,377,Munoz,MID,Liverpool,0.0,6.5,0.6,6.0,,,,,,,,
2,464,Wissa,FWD,Newcastle,1.16,6.0,2.4,8.0,,,,,,,,
2,304,O'Shea,DEF,Ipswich Town,0.65,4.0,3.5,0.0,,,,,,,,
2,498,Senesi,DEF,Spurs,4.3,6.0,8.0,0.0,,,,,,,,
2,483,Ndoye,MID,Nott'm Forest,0.95,5.5,0.4,9.0,,,,,,,,
2,502,Robertson,DEF,Spurs,1.94,4.5,3.9,2.0,,,,,,,,
2,255,J.Cuenca,DEF,Fulham,1.24,4.5,0.0,0.0,,,,,,,,
2,242,George,MID,Everton,0.73,5.5,0.3,2.0,,,,,,,,
2,247,Hackney,MID,Everton,0.48,5.5,0.3,1.0,,,,,,,,
2,214,Kamada,MID,Crystal Palace,1.36,5.0,0.3,2.0,,,,,,,,
2,7,Lewis-Skelly,MID,Arsenal,0.47,5.5,0.7,3.0,,,,,,,,
2,151,Acheampong,DEF,Chelsea,1.37,4.5,0.3,1.0,,,,,,,,
2,13,Rice,MID,Arsenal,2.23,7.5,17.6,5.0,,,,,,,,
2,173,Thomas,DEF,Coventry City,1.2,4.0,8.0,8.0,,,,,,,,
2,95,O.Dango,MID,Brentford,3.05,6.5,1.2,1.0,,,,,,,,
2,260,Wilson,MID,Leeds,3.18,6.5,6.0,1.0,,,,,,,,
2,94,Schade,MID,Brentford,3.94,6.0,3.5,10.0,,,,,,,,
2,337,Aaronson,MID,Leeds,2.82,5.5,0.9,1.0,,,,,,,,
2,70,Kluivert,MID,Bournemouth,1.41,6.0,1.2,3.0,,,,,,,,
2,71,Cook,MID,Bournemouth,0.82,5.0,0.2,3.0,,,,,,,,
2,384,Donnarumma,GKP,Man City,3.06,5.5,8.3,0.0,,,,,,,,
2,576,Stroud,MID,Hull City,0.65,5.0,0.1,0.0,,,,,,,,
2,286,Belloumi,MID,Hull City,0.64,5.0,0.6,6.0,,,,,,,,
2,202,Richards,DEF,Crystal Palace,2.07,5.0,0.8,0.0,,,,,,,,
2,246,Röhl,MID,Everton,0.81,5.0,0.1,2.0,,,,,,,,
2,486,McAtee,MID,Nott'm Forest,0.39,5.5,0.0,2.0,,,,,,,,
2,445,Thiaw,DEF,Newcastle,3.28,5.0,1.7,6.0,,,,,,,,
2,447,Botman,DEF,Newcastle,2.16,5.0,0.5,5.0,,,,,,,,
2,449,Hall,DEF,Newcastle,2.32,5.0,3.9,11.0,,,,,,,,
2,459,L.Miley,MID,Newcastle,1.49,5.5,0.1,3.0,,,,,,,,
2,411,Haaland,FWD,Man City,4.86,15.5,68.6,13.0,,,,,,,,
2,43,Tielemans,MID,Man Utd,2.51,6.0,2.5,4.0,,,,,,,,
2,162,Andrey Santos,MID,Man Utd,1.89,5.0,1.0,1.0,,,,,,,,
2,427,Mbeumo,MID,Man Utd,5.55,8.0,37.1,11.0,,,,,,,,
2,426,B.Fernandes,MID,Man Utd,6.01,12.0,49.9,23.0,,,,,,,,
2,428,Cunha,MID,Man Utd,4.2,8.0,9.8,9.0,,,,,,,,
2,57,Petrović,GKP,Bournemouth,2.84,4.5,3.3,3.0,,,,,,,,
2,453,Barnes,MID,Newcastle,2.37,6.0,1.1,3.0,,,,,,,,
2,467,Sels,GKP,Nott'm Forest,1.63,5.0,1.6,1.0,,,,,,,,
2,469,N.Williams,DEF,Nott'm Forest,2.34,5.0,9.6,6.0,,,,,,,,
2,51,George Hemmings,MID,Aston Villa,0.32,4.5,0.7,2.0,,,,,,,,
2,47,Kamara,MID,Aston Villa,0.89,5.0,0.4,2.0,,,,,,,,
2,46,Barkley,MID,Aston Villa,0.72,5.0,0.2,2.0,,,,,,,,
2,41,Buendía,MID,Aston Villa,1.4,6.0,1.3,2.0,,,,,,,,
2,488,I.Sangaré,MID,Nott'm Forest,1.3,5.0,1.0,0.0,,,,,,,,
2,491,Igor Jesus,FWD,Nott'm Forest,1.63,6.0,4.1,1.0,,,,,,,,
2,471,Milenković,DEF,Nott'm Forest,2.11,5.5,1.9,3.0,,,,,,,,
2,552,Brobbey,FWD,Sunderland,2.8,6.0,13.5,2.0,,,,,,,,
2,514,Tel,MID,Spurs,2.11,6.0,0.5,2.0,,,,,,,,
2,522,Gray,MID,Spurs,2.11,5.0,0.2,2.0,,,,,,,,
2,496,Kinsky,GKP,Spurs,1.44,4.5,23.4,1.0,,,,,,,,
2,455,Tonali,MID,Spurs,3.16,5.5,4.0,2.0,,,,,,,,
2,523,Moore,MID,Spurs,0.65,5.0,0.2,1.0,,,,,,,,
2,527,Richarlison,FWD,Spurs,2.97,6.0,3.1,0.0,,,,,,,,
2,534,Hume,DEF,Sunderland,4.38,4.5,6.7,6.0,,,,,,,,
2,397,Semenyo,MID,Man City,3.88,8.5,25.3,5.0,,,,,,,,
2,390,Rúben,DEF,Man City,2.51,5.5,1.8,2.0,,,,,,,,
2,393,Khusanov,DEF,Man City,1.77,5.5,1.8,2.0,,,,,,,,
2,366,Wirtz,MID,Liverpool,3.16,7.5,12.2,4.0,,,,,,,,
2,566,Silva,DEF,Bournemouth,0.88,5.0,0.3,4.0,,,,,,,,
2,124,Groß,MID,Brighton,1.27,5.5,13.6,13.0,,,,,,,,
2,306,Greaves,DEF,Ipswich Town,0.64,4.0,1.5,-1.0,,,,,,,,
2,305,Davis,DEF,Ipswich Town,0.64,4.0,5.1,6.0,,,,,,,,
2,259,Diop,DEF,Ipswich Town,0.82,4.0,17.7,2.0,,,,,,,,
2,562,Maeda,MID,Ipswich Town,0.36,5.5,0.4,2.0,,,,,,,,
2,564,Scherpen,GKP,Ipswich Town,0.64,4.5,0.7,2.0,,,,,,,,
2,315,Fatawu,MID,Ipswich Town,0.34,5.5,0.2,4.0,,,,,,,,
2,387,O'Reilly,DEF,Man City,3.88,6.5,21.2,2.0,,,,,,,,
2,369,Ngumoha,MID,Liverpool,1.17,6.0,1.1,1.0,,,,,,,,
2,379,Isak,FWD,Liverpool,1.25,9.0,16.8,8.0,,,,,,,,
2,69,Scott,MID,Bournemouth,2.74,6.0,1.5,12.0,,,,,,,,
2,67,Rayan,MID,Bournemouth,1.64,6.5,2.8,2.0,,,,,,,,
2,350,A.Becker,GKP,Liverpool,2.38,5.5,3.7,0.0,,,,,,,,
2,356,Virgil,DEF,Liverpool,3.91,6.5,19.6,1.0,,,,,,,,
2,129,Ayari,MID,Brighton,1.25,5.5,0.7,0.0,,,,,,,,
2,570,Palacios,MID,Fulham,0.48,5.5,0.2,1.0,,,,,,,,
2,261,Iwobi,MID,Fulham,2.44,5.5,1.0,2.0,,,,,,,,
2,264,Bobb,MID,Fulham,1.41,5.5,0.3,3.0,,,,,,,,
2,250,Leno,GKP,Fulham,2.92,4.5,3.1,3.0,,,,,,,,
2,265,Berge,MID,Fulham,2.4,5.0,0.4,2.0,,,,,,,,
2,140,Sánchez,GKP,Chelsea,3.69,5.0,2.4,0.0,,,,,,,,
2,289,Crooks,MID,Hull City,0.63,4.5,0.7,0.0,,,,,,,,
2,241,McNeil,MID,Crystal Palace,1.01,5.5,0.2,1.0,,,,,,,,
2,223,Mateta,FWD,Crystal Palace,2.2,6.5,5.5,0.0,,,,,,,,
2,184,Grimes,MID,Coventry City,0.63,5.0,0.2,2.0,,,,,,,,
2,190,Tchaouna,MID,Coventry City,0.64,5.5,0.2,1.0,,,,,,,,
2,194,Thomas-Asante,FWD,Coventry City,0.45,5.0,0.8,1.0,,,,,,,,
2,195,Simms,FWD,Coventry City,0.44,5.0,1.0,0.0,,,,,,,,
2,198,Henderson,GKP,Crystal Palace,1.97,5.0,1.9,1.0,,,,,,,,
2,542,E.Le Fée,MID,Sunderland,4.12,6.0,9.5,3.0,,,,,,,,
2,104,Onyeka,MID,Coventry City,0.7,5.0,0.2,0.0,,,,,,,,
2,545,Sadiki,MID,Sunderland,3.1,5.0,0.3,3.0,,,,,,,,
2,16,Madueke,MID,Arsenal,0.81,6.5,0.3,0.0,,,,,,,,
2,553,Isidor,FWD,Sunderland,1.13,5.5,0.9,8.0,,,,,,,,
2,525,Fernandes,MID,Spurs,2.83,6.0,1.8,2.0,,,,,,,,
2,526,Solanke,FWD,Spurs,1.02,6.0,1.4,1.0,,,,,,,,
2,529,Roefs,GKP,Sunderland,3.64,5.0,4.2,6.0,,,,,,,,
2,535,Alderete,DEF,Sunderland,3.15,5.0,0.5,0.0,,,,,,,,
2,536,Reinildo,DEF,Sunderland,2.98,4.5,0.5,6.0,,,,,,,,
2,14,Eze,MID,Arsenal,1.33,6.5,1.9,1.0,,,,,,,,
2,110,Rushworth,GKP,Coventry City,1.19,4.5,1.2,2.0,,,,,,,,
2,175,van Ewijk,DEF,Coventry City,1.19,4.0,13.4,2.0,,,,,,,,
2,176,Dasilva,DEF,Coventry City,1.19,4.0,0.9,2.0,,,,,,,,
2,182,Amenda,DEF,Coventry City,1.19,4.0,0.9,1.0,,,,,,,,
2,520,Bergvall,MID,Spurs,1.6,5.5,0.2,0.0,,,,,,,,
2,506,Udogie,DEF,Spurs,1.34,4.5,0.5,1.0,,,,,,,,
2,515,Maddison,MID,Spurs,0.0,6.5,1.3,0.0,,,,,,,,
2,516,Bentancur,MID,Spurs,1.71,5.5,0.2,2.0,,,,,,,,
2,478,Netz,DEF,Nott'm Forest,0.12,4.5,0.0,1.0,,,,,,,,
2,490,Wood,FWD,Nott'm Forest,0.61,6.0,1.7,0.0,,,,,,,,
2,493,Kalimuendo,FWD,Nott'm Forest,0.0,5.5,0.1,0.0,,,,,,,,
2,558,Schlager,MID,Nott'm Forest,0.0,5.0,0.1,4.0,,,,,,,,
2,112,Van Hecke,DEF,Spurs,4.42,5.0,10.2,1.0,,,,,,,,
2,188,Torp,MID,Coventry City,0.0,5.5,0.2,1.0,,,,,,,,
2,492,Awoniyi,FWD,Coventry City,0.45,5.5,0.8,2.0,,,,,,,,
2,575,Yirenkyi,MID,Coventry City,0.64,5.0,0.3,3.0,,,,,,,,
2,584,Hamer,MID,Coventry City,0.0,5.5,0.2,1.0,,,,,,,,
2,42,Guessand,MID,Crystal Palace,0.43,5.5,0.0,1.0,,,,,,,,
2,583,Chavarria,DEF,Chelsea,0.0,5.0,0.2,1.0,,,,,,,,
2,45,McGinn,MID,Aston Villa,1.71,5.5,3.1,1.0,,,,,,,,
2,559,Bamba,MID,Newcastle,0.0,5.0,0.1,0.0,,,,,,,,
2,567,Horníček,GKP,Newcastle,0.84,5.0,0.7,7.0,,,,,,,,
2,593,Dedić,DEF,Newcastle,0.84,4.5,0.3,11.0,,,,,,,,
2,474,Jair Cunha,DEF,Nott'm Forest,0.6,4.5,0.2,1.0,,,,,,,,
2,446,Schär,DEF,Newcastle,0.92,5.0,0.3,0.0,,,,,,,,
2,462,Steur,MID,Newcastle,0.48,5.0,0.1,1.0,,,,,,,,
2,33,Mings,DEF,Aston Villa,0.75,4.5,0.4,0.0,,,,,,,,
2,35,Bogarde,MID,Aston Villa,0.37,5.0,0.1,0.0,,,,,,,,
2,52,Alysson,MID,Aston Villa,0.0,5.0,0.0,0.0,,,,,,,,
2,155,Enzo,MID,Chelsea,4.6,7.0,5.0,0.0,,,,,,,,
2,156,Neto,MID,Chelsea,3.31,6.5,1.3,7.0,,,,,,,,
2,157,Estêvão,MID,Chelsea,1.6,6.5,1.2,0.0,,,,,,,,
2,161,Lavia,MID,Chelsea,0.96,5.0,0.1,7.0,,,,,,,,
2,164,Quenda,MID,Chelsea,0.0,5.5,0.0,0.0,,,,,,,,
2,183,Rudoni,MID,Coventry City,0.0,5.0,0.1,3.0,,,,,,,,
2,160,Garnacho,MID,Aston Villa,0.87,6.0,0.6,1.0,,,,,,,,
2,596,Ruggeri,DEF,Aston Villa,0.0,4.5,0.1,0.0,,,,,,,,
2,60,Hill,DEF,Bournemouth,2.11,5.5,0.9,4.0,,,,,,,,
2,61,Truffert,DEF,Bournemouth,3.31,5.5,4.3,4.0,,,,,,,,
2,429,Rashford,MID,Man Utd,0.0,7.0,1.7,2.0,,,,,,,,
2,432,Mainoo,MID,Man Utd,1.25,5.5,1.0,4.0,,,,,,,,
2,435,Lacey,MID,Man Utd,0.0,5.0,0.0,0.0,,,,,,,,
2,439,Šeško,FWD,Man Utd,2.02,7.0,1.6,1.0,,,,,,,,
2,412,Lammens,GKP,Man Utd,3.7,5.0,16.0,2.0,,,,,,,,
2,211,Yeremy,MID,Crystal Palace,1.54,5.5,0.2,5.0,,,,,,,,
2,222,Strand Larsen,FWD,Crystal Palace,1.15,6.0,0.6,2.0,,,,,,,,
2,203,Canvot,DEF,Crystal Palace,1.09,5.0,0.3,0.0,,,,,,,,
2,204,Mitchell,DEF,Crystal Palace,2.19,4.5,6.0,0.0,,,,,,,,
2,417,Dalot,DEF,Man Utd,3.25,5.0,2.6,2.0,,,,,,,,
2,418,Maguire,DEF,Man Utd,2.89,5.0,17.6,4.0,,,,,,,,
2,421,Heaven,DEF,Man Utd,1.93,4.5,0.4,0.0,,,,,,,,
2,422,Mazraoui,DEF,Man Utd,1.92,4.5,0.7,1.0,,,,,,,,
2,423,Shaw,DEF,Man Utd,4.69,4.5,20.4,2.0,,,,,,,,
2,389,Matheus N.,DEF,Man City,2.56,6.0,1.6,0.0,,,,,,,,
2,395,Lewis,DEF,Man City,1.04,4.5,0.2,0.0,,,,,,,,
2,398,Foden,MID,Man City,2.85,7.0,4.3,9.0,,,,,,,,
2,406,Kovačić,MID,Man City,0.07,5.5,0.1,1.0,,,,,,,,
2,579,Araujo,DEF,Liverpool,0.0,5.5,2.7,0.0,,,,,,,,
2,238,Grealish,MID,Man City,1.32,6.5,0.2,0.0,,,,,,,,
2,588,Khalaili,DEF,Crystal Palace,0.0,5.0,0.1,2.0,,,,,,,,
2,209,Johnson,MID,Everton,1.28,6.0,0.2,1.0,,,,,,,,
2,239,Garner,MID,Everton,2.5,6.0,0.1,1.0,,,,,,,,
2,64,Smith,DEF,Bournemouth,1.36,4.5,0.1,1.0,,,,,,,,
2,72,Gannon-Doak,MID,Bournemouth,0.0,5.0,0.1,0.0,,,,,,,,
2,73,Adams,MID,Bournemouth,1.15,5.0,0.2,1.0,,,,,,,,
2,76,Tóth.A,MID,Bournemouth,0.13,5.0,0.0,0.0,,,,,,,,
2,362,Jacquet,DEF,Liverpool,0.94,5.0,2.4,3.0,,,,,,,,
2,372,Mac Allister,MID,Liverpool,2.09,5.5,1.7,2.0,,,,,,,,
2,381,Koumas,MID,Liverpool,0.0,5.0,0.0,0.0,,,,,,,,
2,346,Calvert-Lewin,FWD,Leeds,3.31,6.0,29.9,8.0,,,,,,,,
2,336,Okafor,MID,Leeds,1.66,6.0,0.5,2.0,,,,,,,,
2,339,Longstaff,MID,Leeds,0.72,5.0,0.1,0.0,,,,,,,,
2,608,Jebbison,FWD,Bournemouth,2.75,5.0,0.0,0.0,,,,,,,,
2,90,Hickey,DEF,Brentford,0.64,4.5,0.1,1.0,,,,,,,,
2,108,Wilson,FWD,Brentford,0.0,5.5,0.4,1.0,,,,,,,,
2,605,Yalcouyé,MID,Brighton,1.52,4.5,0.0,8.0,,,,,,,,
2,144,Gusto,DEF,Chelsea,3.53,5.0,1.2,1.0,,,,,,,,
2,148,Hato,DEF,Chelsea,1.83,4.5,0.5,4.0,,,,,,,,
2,224,Nketiah,FWD,Crystal Palace,0.58,5.5,0.5,2.0,,,,,,,,
2,577,Tomiyasu,DEF,Crystal Palace,0.0,4.5,0.4,1.0,,,,,,,,
2,320,Akpom,FWD,Ipswich Town,0.0,5.0,0.5,5.0,,,,,,,,
2,321,Walle Egeli,FWD,Ipswich Town,0.0,4.5,2.3,0.0,,,,,,,,
2,323,McAteer,MID,Ipswich Town,0.0,4.5,1.4,1.0,,,,,,,,
2,592,Ouattara,DEF,Ipswich Town,0.0,4.0,1.1,1.0,,,,,,,,
2,96,Damsgaard,MID,Brentford,1.86,5.5,0.6,3.0,,,,,,,,
2,102,Yarmoliuk,MID,Brentford,1.72,5.0,1.2,1.0,,,,,,,,
2,105,Anthony,MID,Brentford,0.0,6.0,0.2,2.0,,,,,,,,
2,556,Targett,DEF,Hull City,0.0,4.0,2.4,0.0,,,,,,,,
2,585,Herrington,DEF,Hull City,0.0,4.0,0.7,1.0,,,,,,,,
2,281,Drameh,DEF,Hull City,0.0,4.0,0.1,1.0,,,,,,,,
2,254,Robinson,DEF,Fulham,1.91,4.5,1.7,2.0,,,,,,,,
2,263,Kevin,MID,Fulham,0.63,5.5,0.1,1.0,,,,,,,,
2,269,Sessegnon,DEF,Fulham,1.7,4.5,0.4,1.0,,,,,,,,
2,271,Muniz,FWD,Fulham,0.71,5.5,0.6,0.0,,,,,,,,
2,580,Charles,MID,Fulham,0.0,5.0,0.1,1.0,,,,,,,,
2,243,Alcaraz,MID,Everton,0.42,5.0,0.1,0.0,,,,,,,,
2,248,Beto,FWD,Everton,1.53,5.5,2.6,1.0,,,,,,,,
2,600,Osman,MID,Brighton,0.0,5.0,0.0,1.0,,,,,,,,
2,285,McNair,DEF,Hull City,0.0,4.0,0.1,0.0,,,,,,,,
2,119,Costinha,DEF,Brighton,0.0,4.5,0.0,0.0,,,,,,,,
2,135,Yohanna,MID,Brighton,0.0,5.0,0.1,0.0,,,,,,,,
2,138,Kostoulas,FWD,Brighton,0.13,5.5,0.2,5.0,,,,,,,,
2,17,Merino,MID,Arsenal,0.65,6.0,0.6,1.0,,,,,,,,
2,539,O'Nien,DEF,Sunderland,1.12,4.0,3.6,0.0,,,,,,,,
2,541,Meunier,DEF,Sunderland,1.21,4.5,0.3,6.0,,,,,,,,
2,543,Diarra,MID,Sunderland,1.52,5.5,0.1,4.0,,,,,,,,
2,548,Rigg,MID,Sunderland,0.98,5.0,0.1,1.0,,,,,,,,
2,549,Talbi,MID,Sunderland,1.43,5.5,0.2,0.0,,,,,,,,
2,29,M.Bizot,GKP,Aston Villa,0.52,4.5,0.1,0.0,,,,,,,,
2,19,Zubimendi,MID,Arsenal,1.54,5.5,1.1,1.0,,,,,,,,
2,9,Hincapie,DEF,Arsenal,1.17,5.5,1.6,0.0,,,,,,,,
2,2,Arrizabalaga,GKP,Arsenal,0.05,5.0,0.1,0.0,,,,,,,,
2,3,Meslier,GKP,Arsenal,0.0,5.0,0.0,0.0,,,,,,,,
2,28,Martinez,GKP,Aston Villa,1.42,5.0,4.2,2.0,,,,,,,,
2,31,Konsa,DEF,Arsenal,1.61,4.5,11.7,1.0,,,,,,,,
2,27,G.Jesus,FWD,Arsenal,0.2,6.0,0.3,0.0,,,,,,,,
2,25,Gyökeres,FWD,Arsenal,1.61,7.5,7.9,0.0,,,,,,,,
2,24,Nelson,MID,Arsenal,0.0,5.5,0.0,0.0,,,,,,,,
2,23,Fábio Vieira,MID,Arsenal,0.0,5.5,0.0,0.0,,,,,,,,
2,179,Latibeaudiere,DEF,Coventry City,0.0,4.0,0.0,0.0,,,,,,,,
2,180,Woolfenden,DEF,Coventry City,0.0,4.0,0.2,0.0,,,,,,,,
2,181,Brau,DEF,Coventry City,0.0,4.0,0.0,0.0,,,,,,,,
2,519,Gallagher,MID,Spurs,1.77,5.5,0.3,0.0,,,,,,,,
2,501,Danso,DEF,Spurs,1.73,5.0,0.2,0.0,,,,,,,,
2,508,Davies,DEF,Spurs,0.35,4.0,1.1,0.0,,,,,,,,
2,509,Byfield,DEF,Spurs,0.0,4.0,0.1,0.0,,,,,,,,
2,510,Rowswell,DEF,Spurs,0.0,4.0,0.1,0.0,,,,,,,,
2,511,Souza,DEF,Spurs,0.17,4.0,0.3,0.0,,,,,,,,
2,117,Coppola,DEF,Brighton,0.07,4.5,0.0,0.0,,,,,,,,
2,118,Igor,DEF,Brighton,0.03,4.5,0.1,0.0,,,,,,,,
2,273,Phillips,GKP,Hull City,0.0,4.0,1.6,0.0,,,,,,,,
2,126,O'Riley,MID,Brighton,0.15,5.5,0.1,0.0,,,,,,,,
2,134,Oriola,MID,Brighton,0.0,4.5,0.3,0.0,,,,,,,,
2,328,Struijk,DEF,Brighton,1.77,5.0,0.2,0.0,,,,,,,,
2,256,Tete,DEF,Fulham,1.66,4.5,0.3,0.0,,,,,,,,
2,257,Bassey,DEF,Fulham,2.6,4.5,0.8,2.0,,,,,,,,
2,262,Smith Rowe,MID,Fulham,1.68,5.5,0.4,1.0,,,,,,,,
2,270,Reed,MID,Fulham,0.09,4.5,1.5,0.0,,,,,,,,
2,272,Kusi-Asare,FWD,Fulham,0.0,4.5,7.2,0.0,,,,,,,,
2,610,De Fougerolles,DEF,Fulham,3.75,4.0,0.0,0.0,,,,,,,,
2,245,Dibling,MID,Everton,0.22,5.5,0.0,0.0,,,,,,,,
2,287,Millar,MID,Hull City,0.0,5.0,0.1,6.0,,,,,,,,
2,288,Dowell,MID,Hull City,0.0,4.5,0.4,0.0,,,,,,,,
2,292,Ömür,MID,Hull City,0.0,5.0,0.0,0.0,,,,,,,,
2,111,Steele,GKP,Brighton,0.0,4.0,4.1,0.0,,,,,,,,
2,296,Akintola,MID,Hull City,0.0,5.0,0.0,0.0,,,,,,,,
2,574,Hjertø-Dahl,MID,Hull City,0.0,5.0,0.1,0.0,,,,,,,,
2,589,Gourna-Douath,MID,Hull City,0.0,5.0,0.0,1.0,,,,,,,,
2,300,Walton,GKP,Ipswich Town,0.0,4.5,0.5,0.0,,,,,,,,
2,301,Palmer,GKP,Ipswich Town,0.0,4.0,4.6,0.0,,,,,,,,
2,302,Button,GKP,Ipswich Town,0.0,4.0,0.5,0.0,,,,,,,,
2,594,David,FWD,Brighton,0.0,6.0,0.3,1.0,,,,,,,,
2,284,McCarthy,DEF,Hull City,0.0,4.0,0.1,0.0,,,,,,,,
2,602,Humphreys,MID,Ipswich Town,1.25,4.5,0.0,0.0,,,,,,,,
2,326,Perri,GKP,Leeds,0.97,4.5,0.6,0.0,,,,,,,,
2,303,Kipré,DEF,Ipswich Town,0.0,4.0,0.7,0.0,,,,,,,,
2,307,Johnson,DEF,Ipswich Town,0.0,4.0,0.1,0.0,,,,,,,,
2,308,Furlong,DEF,Ipswich Town,0.0,4.0,0.6,1.0,,,,,,,,
2,314,Ogbene,MID,Ipswich Town,0.0,5.0,0.0,0.0,,,,,,,,
2,91,Pinnock,DEF,Brentford,0.3,4.5,0.1,1.0,,,,,,,,
2,92,Ji-soo,DEF,Brentford,0.0,4.5,0.0,0.0,,,,,,,,
2,93,Schuster,DEF,Brentford,0.0,4.5,0.2,0.0,,,,,,,,
2,103,Dasilva,MID,Brentford,0.0,5.0,0.0,0.0,,,,,,,,
2,120,Svoboda,DEF,Brighton,0.0,5.0,0.1,0.0,,,,,,,,
2,136,Welbeck,FWD,Chelsea,3.15,6.0,1.1,0.0,,,,,,,,
2,142,James,DEF,Chelsea,3.08,5.5,10.2,1.0,,,,,,,,
2,145,Fofana,DEF,Chelsea,1.97,5.0,0.0,0.0,,,,,,,,
2,146,B.Badiashile,DEF,Chelsea,0.53,4.5,0.0,0.0,,,,,,,,
2,147,Tosin,DEF,Chelsea,0.73,4.5,0.2,0.0,,,,,,,,
2,149,Colwill,DEF,Chelsea,0.9,5.0,1.6,1.0,,,,,,,,
2,555,Matthews,GKP,Crystal Palace,0.0,4.0,1.8,0.0,,,,,,,,
2,318,Philogene,MID,Ipswich Town,0.0,5.5,0.2,0.0,,,,,,,,
2,322,Al-Hamadi,FWD,Ipswich Town,0.0,5.0,0.1,0.0,,,,,,,,
2,324,Mehmeti,MID,Ipswich Town,0.0,5.0,0.1,0.0,,,,,,,,
2,554,Van Oevelen,GKP,Ipswich Town,0.0,4.5,0.0,0.0,,,,,,,,
2,571,Florentino,MID,Ipswich Town,0.0,5.0,0.1,0.0,,,,,,,,
2,343,James,MID,Leeds,0.42,5.0,0.1,1.0,,,,,,,,
2,81,Rodríguez,FWD,Bournemouth,0.0,6.0,0.1,1.0,,,,,,,,
2,573,Sanchez,DEF,Bournemouth,0.0,4.5,0.2,0.0,,,,,,,,
2,83,Valdimarsson,GKP,Brentford,0.08,4.5,0.1,0.0,,,,,,,,
2,89,Henry,DEF,Brentford,0.91,4.5,0.3,1.0,,,,,,,,
2,106,Thiago,FWD,Brentford,4.48,8.0,17.1,2.0,,,,,,,,
2,107,Furo,FWD,Brentford,0.0,4.5,0.9,0.0,,,,,,,,
2,345,Tanaka,MID,Leeds,0.93,5.0,0.2,1.0,,,,,,,,
2,347,Nmecha,FWD,Leeds,1.06,5.5,0.6,4.0,,,,,,,,
2,598,Elvedi,DEF,Leeds,0.0,4.5,0.0,1.0,,,,,,,,
2,603,Lienou,DEF,Leeds,3.75,4.0,0.1,0.0,,,,,,,,
2,604,Cresswell,MID,Leeds,1.88,4.5,0.0,0.0,,,,,,,,
2,351,Mamardashvili,GKP,Liverpool,0.66,5.0,0.2,0.0,,,,,,,,
2,352,Woodman,GKP,Liverpool,0.11,4.0,1.1,0.0,,,,,,,,
2,355,Davies,GKP,Liverpool,0.0,4.0,0.1,0.0,,,,,,,,
2,357,Frimpong,DEF,Liverpool,1.66,5.5,3.5,1.0,,,,,,,,
2,358,Kerkez,DEF,Liverpool,2.72,5.5,3.7,1.0,,,,,,,,
2,74,Brooks,MID,Bournemouth,1.48,5.0,0.0,1.0,,,,,,,,
2,75,Christie,MID,Bournemouth,0.64,5.0,0.0,1.0,,,,,,,,
2,361,Lucky,DEF,Liverpool,0.0,4.0,0.1,0.0,,,,,,,,
2,364,Tsimikas,DEF,Liverpool,0.0,5.0,0.1,1.0,,,,,,,,
2,365,Ramsay,DEF,Liverpool,0.0,4.0,0.2,0.0,,,,,,,,
2,370,Chiesa,MID,Liverpool,0.1,5.5,0.1,0.0,,,,,,,,
2,374,Endo,MID,Liverpool,0.05,5.0,0.1,0.0,,,,,,,,
2,375,Nyoni,MID,Liverpool,0.0,5.0,0.0,1.0,,,,,,,,
2,378,McConnell,MID,Liverpool,0.0,4.5,0.3,0.0,,,,,,,,
2,595,Gozo,MID,Crystal Palace,0.0,5.0,0.0,1.0,,,,,,,,
2,227,Travers,GKP,Everton,0.0,5.0,0.0,0.0,,,,,,,,
2,228,King,GKP,Everton,0.0,4.5,0.0,0.0,,,,,,,,
2,231,Keane,DEF,Everton,2.15,5.0,1.5,0.0,,,,,,,,
2,232,O'Brien,DEF,Everton,2.49,5.0,0.5,0.0,,,,,,,,
2,234,Patterson,DEF,Everton,0.21,4.5,0.0,0.0,,,,,,,,
2,235,Aznou,DEF,Everton,0.0,4.0,0.2,0.0,,,,,,,,
2,168,Marc Guiu,FWD,Chelsea,0.13,5.0,0.5,0.0,,,,,,,,
2,205,Sosa,DEF,Crystal Palace,0.0,4.5,0.0,0.0,,,,,,,,
2,207,Mingueza,DEF,Crystal Palace,0.0,4.5,0.1,1.0,,,,,,,,
2,386,Bettinelli,GKP,Man City,0.0,4.5,0.0,0.0,,,,,,,,
2,62,Diakité,DEF,Bournemouth,0.94,5.0,0.2,0.0,,,,,,,,
2,420,Yoro,DEF,Man Utd,1.84,5.0,0.7,1.0,,,,,,,,
2,424,Amass,DEF,Man Utd,0.0,4.0,0.2,0.0,,,,,,,,
2,392,Aït-Nouri,DEF,Man City,1.09,5.5,0.9,0.0,,,,,,,,
2,396,Vitor Reis,DEF,Man City,0.0,4.5,0.0,1.0,,,,,,,,
2,401,Marmoush,FWD,Man City,0.66,7.0,1.0,2.0,,,,,,,,
2,403,Savinho,MID,Man City,0.65,6.5,0.3,0.0,,,,,,,,
2,405,N.Gonzalez,MID,Man City,1.0,5.5,0.1,2.0,,,,,,,,
2,407,Echeverri,MID,Man City,0.0,5.0,0.0,0.0,,,,,,,,
2,409,Mukasa,MID,Man City,0.0,4.5,0.2,0.0,,,,,,,,
2,383,Elliott,MID,Liverpool,0.08,5.5,0.1,0.0,,,,,,,,
2,212,Hughes,MID,Crystal Palace,0.8,4.5,11.4,0.0,,,,,,,,
2,213,Lerma,MID,Crystal Palace,0.79,5.0,0.1,0.0,,,,,,,,
2,215,Devenny,MID,Crystal Palace,0.37,5.0,0.0,0.0,,,,,,,,
2,216,Esse,MID,Crystal Palace,0.0,5.0,0.0,0.0,,,,,,,,
2,217,M.França,MID,Crystal Palace,0.0,5.0,0.0,0.0,,,,,,,,
2,218,Doucouré,MID,Crystal Palace,0.0,5.0,0.1,0.0,,,,,,,,
2,219,J.Rak-Sakyi,MID,Crystal Palace,0.0,5.0,0.0,0.0,,,,,,,,
2,221,Drakes-Thomas,MID,Crystal Palace,0.0,4.5,0.1,0.0,,,,,,,,
2,199,Benitez,GKP,Crystal Palace,0.05,4.5,0.1,0.0,,,,,,,,
2,201,Muñoz,DEF,Crystal Palace,2.23,5.5,9.1,0.0,,,,,,,,
2,415,Dorgu,MID,Man Utd,2.36,6.0,1.2,1.0,,,,,,,,
2,419,Martinez,DEF,Man Utd,1.33,5.0,1.4,1.0,,,,,,,,
2,434,J.Fletcher,MID,Man Utd,0.0,5.0,0.0,0.0,,,,,,,,
2,436,Collyer,MID,Man Utd,0.0,5.0,0.0,0.0,,,,,,,,
2,437,Bendito Mantato,MID,Man Utd,0.0,4.5,0.2,0.0,,,,,,,,
2,438,Fletcher,MID,Man Utd,0.0,4.5,0.3,0.0,,,,,,,,
2,440,Zirkzee,FWD,Man Utd,0.56,5.5,0.6,0.0,,,,,,,,
2,441,Obi,FWD,Man Utd,0.0,4.5,1.1,0.0,,,,,,,,
2,442,Pope,GKP,Newcastle,1.94,5.0,1.3,0.0,,,,,,,,
2,443,Gillespie,GKP,Newcastle,0.0,4.5,0.0,0.0,,,,,,,,
2,410,Monga,MID,Man City,0.0,5.0,0.0,0.0,,,,,,,,
2,587,Rulli,GKP,Man City,0.0,5.0,0.0,0.0,,,,,,,,
2,325,Darlow,GKP,Man Utd,2.0,4.5,0.0,0.0,,,,,,,,
2,158,Gittens,MID,Chelsea,0.51,6.0,0.0,0.0,,,,,,,,
2,163,D.Essugo,MID,Chelsea,0.0,4.5,0.2,0.0,,,,,,,,
2,166,N.Jackson,FWD,Chelsea,0.0,6.5,0.3,2.0,,,,,,,,
2,167,Delap,FWD,Chelsea,1.24,5.5,0.4,1.0,,,,,,,,
2,185,Sakamoto,MID,Coventry City,0.0,5.0,0.1,1.0,,,,,,,,
2,186,Mason-Clark,MID,Coventry City,0.0,5.5,0.1,1.0,,,,,,,,
2,187,Eccles,MID,Coventry City,0.0,5.0,0.0,0.0,,,,,,,,
2,55,Watkins,FWD,Aston Villa,1.97,8.0,9.4,0.0,,,,,,,,
2,597,Suzuki,GKP,Aston Villa,0.0,5.0,0.8,2.0,,,,,,,,
2,606,Rowe,DEF,Aston Villa,2.5,4.0,0.0,0.0,,,,,,,,
2,607,Lynch,MID,Aston Villa,1.25,4.5,0.0,0.0,,,,,,,,
2,58,Forster,GKP,Bournemouth,0.0,4.0,3.2,0.0,,,,,,,,
2,59,Dennis,GKP,Bournemouth,0.0,4.0,0.2,0.0,,,,,,,,
2,476,O.Richards,DEF,Nott'm Forest,0.0,4.0,0.2,0.0,,,,,,,,
2,456,J.Ramsey,MID,Newcastle,0.92,5.0,0.4,1.0,,,,,,,,
2,457,J.Murphy,MID,Newcastle,1.47,6.0,0.2,1.0,,,,,,,,
2,461,Touré,MID,Newcastle,0.0,6.0,0.2,1.0,,,,,,,,
2,463,Woltemade,FWD,Newcastle,1.82,6.0,1.7,4.0,,,,,,,,
2,34,Pau,DEF,Aston Villa,1.26,4.5,0.5,2.0,,,,,,,,
2,36,Maatsen,DEF,Aston Villa,1.26,4.5,0.8,1.0,,,,,,,,
2,38,A.García,DEF,Aston Villa,0.03,4.0,1.7,0.0,,,,,,,,
2,444,Jaouen,GKP,Newcastle,0.0,4.5,0.0,0.0,,,,,,,,
2,153,Disasi,DEF,Chelsea,0.0,4.5,0.1,1.0,,,,,,,,
2,192,Andrews,MID,Coventry City,0.0,4.5,0.7,0.0,,,,,,,,
2,599,Cherif,FWD,Coventry City,0.0,5.0,0.1,0.0,,,,,,,,
2,568,Barco,MID,Chelsea,0.0,5.5,0.1,1.0,,,,,,,,
2,578,Mudryk,MID,Chelsea,0.0,5.5,0.0,0.0,,,,,,,,
2,50,Burrowes,MID,Aston Villa,0.0,4.5,0.7,0.0,,,,,,,,
2,466,Neave,FWD,Newcastle,0.0,4.5,0.8,0.0,,,,,,,,
2,609,Shahar,DEF,Newcastle,3.75,4.0,0.1,0.0,,,,,,,,
2,468,John,GKP,Nott'm Forest,0.23,4.5,0.1,0.0,,,,,,,,
2,470,Morato,DEF,Nott'm Forest,0.69,5.0,0.0,0.0,,,,,,,,
2,477,Abbott,DEF,Nott'm Forest,0.08,4.0,0.3,0.0,,,,,,,,
2,479,Bindon,DEF,Nott'm Forest,0.0,4.0,0.2,0.0,,,,,,,,
2,482,Hudson-Odoi,MID,Nott'm Forest,1.04,6.0,0.3,1.0,,,,,,,,
2,484,Hutchinson,MID,Nott'm Forest,0.86,5.5,0.2,0.0,,,,,,,,
2,485,Bakwa,MID,Nott'm Forest,0.27,5.5,0.0,0.0,,,,,,,,
2,487,Dominguez,MID,Nott'm Forest,0.72,5.0,0.1,1.0,,,,,,,,
2,581,Diomande,DEF,Nott'm Forest,0.0,5.5,0.8,0.0,,,,,,,,
2,590,Benda,GKP,Nott'm Forest,0.0,4.5,0.1,0.0,,,,,,,,
2,495,Austin,GKP,Spurs,0.0,4.0,0.9,0.0,,,,,,,,
2,44,Bailey,MID,Aston Villa,0.16,5.5,0.2,0.0,,,,,,,,
2,189,Shepherd,MID,Coventry City,0.0,4.5,0.3,0.0,,,,,,,,
2,191,Borges Rodrigues,MID,Coventry City,0.0,4.5,0.2,0.0,,,,,,,,
2,22,Nwaneri,MID,Arsenal,0.0,5.5,0.0,0.0,,,,,,,,
2,524,Olusesi,MID,Spurs,0.0,4.5,0.9,0.0,,,,,,,,
2,528,Scarlett,FWD,Spurs,0.0,4.5,1.7,0.0,,,,,,,,
2,601,Williams-Barnett,MID,Spurs,2.5,4.5,0.0,0.0,,,,,,,,
2,531,Ellborg,GKP,Sunderland,0.27,4.5,0.1,0.0,,,,,,,,
2,532,Ballard,DEF,Sunderland,3.32,5.0,5.4,8.0,,,,,,,,
2,533,Mukiele,DEF,Sunderland,3.28,5.5,2.7,9.0,,,,,,,,
2,497,Dubravka,GKP,Spurs,2.58,4.0,19.0,0.0,,,,,,,,
2,171,Dovin,GKP,Coventry City,0.0,4.0,1.6,0.0,,,,,,,,
2,172,Wilson,GKP,Coventry City,0.0,4.5,0.5,0.0,,,,,,,,
2,174,Kitching,DEF,Coventry City,0.0,4.0,0.7,0.0,,,,,,,,
2,177,Kesler-Hayden,DEF,Coventry City,0.0,4.0,0.1,0.0,,,,,,,,
2,178,Bidwell,DEF,Coventry City,0.0,4.0,0.1,0.0,,,,,,,,
2,150,M.Sarr,DEF,Chelsea,0.14,4.5,0.1,0.0,,,,,,,,
2,251,Lecomte,GKP,Fulham,0.0,4.0,1.2,0.0,,,,,,,,
2,252,McNally,GKP,Fulham,0.0,4.0,0.2,0.0,,,,,,,,
2,253,Andersen,DEF,Fulham,2.46,5.0,0.0,1.0,,,,,,,,
2,537,Seelt,DEF,Sunderland,0.11,4.5,0.0,0.0,,,,,,,,
2,547,Mundle,MID,Sunderland,0.2,5.0,0.0,1.0,,,,,,,,
2,550,Jocelin.T,MID,Sunderland,0.08,5.0,0.0,0.0,,,,,,,,
2,169,Mheuka,FWD,Chelsea,0.0,4.5,0.4,0.0,,,,,,,,
2,170,Emegha,FWD,Chelsea,0.0,5.0,0.2,0.0,,,,,,,,
2,560,Penders,GKP,Chelsea,0.0,4.5,0.1,0.0,,,,,,,,
2,18,Martinelli,MID,Arsenal,0.72,6.5,0.2,0.0,,,,,,,,
2,20,Dowman,MID,Arsenal,0.1,5.5,0.1,0.0,,,,,,,,
2,32,Cash,DEF,Aston Villa,1.97,4.5,8.3,2.0,,,,,,,,
2,37,Lindelöf,DEF,Aston Villa,0.79,4.5,0.3,2.0,,,,,,,,
3,426,B.Fernandes,MID,Man Utd,5.24,12.0,48.3,2.0,,,,,,,,
3,399,Cherki,MID,Man City,3.28,7.7,22.8,3.0,,,,,,,,
3,8,Calafiori,DEF,Arsenal,2.67,5.6,42.7,2.0,,,,,,,,
3,165,João Pedro,FWD,Chelsea,1.3,7.6,69.7,1.0,,,,,,,,
3,154,Palmer,MID,Chelsea,1.24,9.6,18.1,1.0,,,,,,,,
3,279,Ajayi,DEF,Hull City,1.6,4.1,6.7,5.0,,,,,,,,
3,572,Tzolakis,GKP,Hull City,1.45,4.5,6.1,6.0,,,,,,,,
3,12,Saka,MID,Arsenal,2.62,9.5,10.4,2.0,,,,,,,,
3,229,Tarkowski,DEF,Everton,2.24,6.0,10.1,3.0,,,,,,,,
3,565,M.Sangaré,MID,Brentford,1.16,5.6,12.0,0.0,,,,,,,,
3,10,White,DEF,Arsenal,1.27,5.5,7.1,2.0,,,,,,,,
3,335,Stach,MID,Leeds,2.64,6.0,2.8,2.0,,,,,,,,
3,277,Egan,DEF,Hull City,1.45,4.0,3.7,6.0,,,,,,,,
3,115,De Cuyper,DEF,Brighton,3.93,4.7,13.5,4.0,,,,,,,,
3,454,Elanga,MID,Newcastle,1.76,6.1,7.1,1.0,,,,,,,,
3,367,Gakpo,MID,Liverpool,4.89,7.0,7.6,11.0,,,,,,,,
3,586,Mendy,DEF,Hull City,1.58,4.0,5.2,8.0,,,,,,,,
3,86,Lewis-Potter,MID,Brentford,3.27,5.5,1.7,2.0,,,,,,,,
3,544,Xhaka,MID,Sunderland,2.46,5.5,4.6,3.0,,,,,,,,
3,88,Kayode,DEF,Brentford,4.87,4.6,9.0,1.0,,,,,,,,
3,480,Gibbs-White,MID,Nott'm Forest,3.92,7.9,9.0,3.0,,,,,,,,
3,411,Haaland,FWD,Man City,6.5,15.5,70.2,9.0,,,,,,,,
3,124,Groß,MID,Brighton,2.74,5.5,14.0,1.0,,,,,,,,
3,391,Gvardiol,DEF,Man City,3.5,5.6,17.2,8.0,,,,,,,,
3,449,Hall,DEF,Newcastle,2.53,5.0,7.3,4.0,,,,,,,,
3,69,Scott,MID,Bournemouth,2.88,6.0,1.8,10.0,,,,,,,,
3,15,Ødegaard,MID,Arsenal,1.38,6.6,11.6,10.0,,,,,,,,
3,236,Dewsbury-Hall,MID,Everton,1.96,6.5,4.5,2.0,,,,,,,,
3,40,Rogers,MID,Chelsea,1.34,7.5,25.4,6.0,,,,,,,,
3,427,Mbeumo,MID,Man Utd,4.74,8.0,31.1,8.0,,,,,,,,
3,237,Ndiaye,MID,Everton,2.19,6.0,14.5,3.0,,,,,,,,
3,94,Schade,MID,Brentford,5.28,6.0,3.8,2.0,,,,,,,,
3,4,Gabriel,DEF,Arsenal,2.75,8.0,27.1,2.0,,,,,,,,
3,11,Mosquera,DEF,Arsenal,1.25,5.5,5.2,0.0,,,,,,,,
3,593,Dedić,DEF,Newcastle,1.39,4.5,1.7,1.0,,,,,,,,
3,385,Trafford,GKP,Leeds,1.08,5.0,5.0,3.0,,,,,,,,
3,258,Castagne,DEF,Fulham,2.28,4.5,0.7,1.0,,,,,,,,
3,282,Giles,DEF,Hull City,1.47,4.0,1.0,8.0,,,,,,,,
3,388,Guéhi,DEF,Man City,5.72,6.0,19.1,8.0,,,,,,,,
3,1,Raya,GKP,Arsenal,2.66,6.0,38.0,3.0,,,,,,,,
3,483,Ndoye,MID,Nott'm Forest,1.8,5.5,0.6,1.0,,,,,,,,
3,464,Wissa,FWD,Newcastle,1.62,6.1,9.4,1.0,,,,,,,,
3,332,Justin,DEF,Leeds,2.39,4.5,1.4,4.0,,,,,,,,
3,368,Szoboszlai,MID,Liverpool,4.87,7.0,41.9,3.0,,,,,,,,
3,87,Ajer,DEF,Brentford,2.85,4.5,4.6,2.0,,,,,,,,
3,173,Thomas,DEF,Coventry City,0.51,4.0,8.3,4.0,,,,,,,,
3,327,Bijol,DEF,Leeds,2.28,5.0,1.0,1.0,,,,,,,,
3,428,Cunha,MID,Man Utd,3.23,8.0,8.5,3.0,,,,,,,,
3,68,Tavernier,MID,Bournemouth,3.58,6.0,2.4,10.0,,,,,,,,
3,127,Gomez,MID,Brighton,4.1,5.0,4.3,2.0,,,,,,,,
3,591,Enciso,MID,Ipswich Town,0.58,5.5,0.6,1.0,,,,,,,,
3,334,Muharemović,DEF,Leeds,1.52,5.0,3.3,4.0,,,,,,,,
3,377,Munoz,MID,Liverpool,0.57,6.5,1.1,3.0,,,,,,,,
3,244,Armstrong,MID,Everton,0.76,5.0,0.3,1.0,,,,,,,,
3,226,Pickford,GKP,Everton,1.9,5.5,8.9,1.0,,,,,,,,
3,98,Janelt,MID,Brentford,2.28,5.0,0.6,11.0,,,,,,,,
3,398,Foden,MID,Man City,4.39,7.0,4.8,1.0,,,,,,,,
3,379,Isak,FWD,Liverpool,2.24,9.0,16.3,13.0,,,,,,,,
3,233,Mykolenko,DEF,Everton,1.86,4.5,1.7,1.0,,,,,,,,
3,249,Barry,FWD,Everton,1.85,5.5,4.1,2.0,,,,,,,,
3,230,Branthwaite,DEF,Everton,0.92,5.5,1.8,3.0,,,,,,,,
3,286,Belloumi,MID,Hull City,0.82,5.0,0.8,5.0,,,,,,,,
3,460,Willock,MID,Newcastle,1.03,5.0,0.4,2.0,,,,,,,,
3,445,Thiaw,DEF,Newcastle,3.31,5.0,1.9,-1.0,,,,,,,,
3,605,Yalcouyé,MID,Brighton,6.09,4.5,1.1,2.0,,,,,,,,
3,268,King,MID,Fulham,1.9,5.5,0.6,10.0,,,,,,,,
3,82,Kelleher,GKP,Brentford,3.97,5.0,6.9,2.0,,,,,,,,
3,84,Collins,DEF,Brentford,4.45,5.5,2.2,1.0,,,,,,,,
3,79,Evanilson,FWD,Bournemouth,3.18,6.0,3.2,2.0,,,,,,,,
3,346,Calvert-Lewin,FWD,Leeds,3.53,6.0,27.0,1.0,,,,,,,,
3,553,Isidor,FWD,Sunderland,0.83,5.5,1.0,4.0,,,,,,,,
3,533,Mukiele,DEF,Sunderland,2.61,5.5,2.4,4.0,,,,,,,,
3,567,Horníček,GKP,Newcastle,1.38,5.0,1.0,2.0,,,,,,,,
3,534,Hume,DEF,Sunderland,3.31,4.5,5.8,1.0,,,,,,,,
3,532,Ballard,DEF,Sunderland,2.65,5.0,4.5,4.0,,,,,,,,
3,26,Havertz,FWD,Arsenal,1.14,7.5,7.2,8.0,,,,,,,,
3,469,N.Williams,DEF,Nott'm Forest,3.54,5.0,8.6,7.0,,,,,,,,
3,447,Botman,DEF,Newcastle,2.33,5.0,0.6,1.0,,,,,,,,
3,290,Slater,MID,Hull City,0.82,4.5,4.5,3.0,,,,,,,,
3,305,Davis,DEF,Ipswich Town,0.92,4.0,5.0,1.0,,,,,,,,
3,551,Angulo,MID,Sunderland,1.18,5.0,0.1,2.0,,,,,,,,
3,161,Lavia,MID,Chelsea,0.36,5.0,0.1,1.0,,,,,,,,
3,156,Neto,MID,Chelsea,0.93,6.5,1.3,2.0,,,,,,,,
3,13,Rice,MID,Arsenal,2.22,7.5,15.4,5.0,,,,,,,,
3,330,Bogle,DEF,Leeds,3.37,4.5,0.5,14.0,,,,,,,,
3,569,Gonzalo,FWD,Fulham,0.67,6.0,4.5,2.0,,,,,,,,
3,541,Meunier,DEF,Sunderland,1.5,4.5,0.3,2.0,,,,,,,,
3,200,Lacroix,DEF,Chelsea,1.12,6.0,8.8,2.0,,,,,,,,
3,130,Wieffer,DEF,Brighton,3.78,5.0,0.5,0.0,,,,,,,,
3,529,Roefs,GKP,Sunderland,2.8,5.0,3.6,2.0,,,,,,,,
3,536,Reinildo,DEF,Sunderland,2.4,4.5,0.4,2.0,,,,,,,,
3,338,Ampadu,MID,Leeds,2.57,5.5,1.2,2.0,,,,,,,,
3,313,Clarke,MID,Ipswich Town,0.0,5.5,0.3,1.0,,,,,,,,
3,397,Semenyo,MID,Man City,5.25,8.5,21.4,6.0,,,,,,,,
3,557,Tzolis,MID,Arsenal,0.59,6.5,23.4,5.0,,,,,,,,
3,315,Fatawu,MID,Ipswich Town,0.53,5.5,0.2,2.0,,,,,,,,
3,371,Gravenberch,MID,Liverpool,2.94,6.0,1.8,1.0,,,,,,,,
3,43,Tielemans,MID,Man Utd,2.14,6.0,2.1,2.0,,,,,,,,
3,366,Wirtz,MID,Liverpool,4.37,7.5,10.4,3.0,,,,,,,,
3,459,L.Miley,MID,Newcastle,1.68,5.5,0.1,2.0,,,,,,,,
3,71,Cook,MID,Bournemouth,1.04,5.0,0.2,1.0,,,,,,,,
3,70,Kluivert,MID,Bournemouth,1.81,6.0,1.2,1.0,,,,,,,,
3,320,Akpom,FWD,Ipswich Town,0.0,5.0,0.8,0.0,,,,,,,,
3,309,Núñez,MID,Ipswich Town,0.53,5.0,0.1,0.0,,,,,,,,
3,287,Millar,MID,Hull City,0.0,5.0,0.1,0.0,,,,,,,,
3,295,McBurnie,FWD,Hull City,0.59,5.5,2.1,2.0,,,,,,,,
3,267,Lukić,MID,Ipswich Town,1.31,5.0,0.1,2.0,,,,,,,,
3,566,Silva,DEF,Bournemouth,1.42,5.0,0.4,1.0,,,,,,,,
3,210,Wharton,MID,Crystal Palace,2.64,5.5,0.9,2.0,,,,,,,,
3,211,Yeremy,MID,Crystal Palace,2.5,5.5,0.2,5.0,,,,,,,,
3,109,Verbruggen,GKP,Brighton,4.06,4.5,21.6,3.0,,,,,,,,
3,504,Vuskovic,DEF,Brighton,1.96,5.0,2.4,12.0,,,,,,,,
3,138,Kostoulas,FWD,Brighton,1.07,5.5,0.3,2.0,,,,,,,,
3,7,Lewis-Skelly,MID,Arsenal,0.65,5.5,0.7,2.0,,,,,,,,
3,542,E.Le Fée,MID,Sunderland,3.24,5.9,7.0,8.0,,,,,,,,
3,545,Sadiki,MID,Sunderland,2.36,5.0,0.3,1.0,,,,,,,,
3,116,Dunk,DEF,Brighton,3.9,4.5,1.2,5.0,,,,,,,,
3,114,Boscagli,DEF,Brighton,2.03,4.5,0.3,2.0,,,,,,,,
3,502,Robertson,DEF,Spurs,1.78,4.5,3.5,1.0,,,,,,,,
3,558,Schlager,MID,Nott'm Forest,0.41,5.0,0.1,3.0,,,,,,,,
3,486,McAtee,MID,Nott'm Forest,0.89,5.5,0.1,2.0,,,,,,,,
3,453,Barnes,MID,Newcastle,2.53,6.0,1.1,12.0,,,,,,,,
3,473,Aina,DEF,Nott'm Forest,2.1,4.5,3.3,1.0,,,,,,,,
3,472,Murillo,DEF,Nott'm Forest,2.57,5.5,1.6,8.0,,,,,,,,
3,471,Milenković,DEF,Nott'm Forest,3.13,5.5,1.7,7.0,,,,,,,,
3,148,Hato,DEF,Chelsea,0.54,4.5,0.6,3.0,,,,,,,,
3,432,Mainoo,MID,Man Utd,1.24,5.5,1.0,9.0,,,,,,,,
3,60,Hill,DEF,Bournemouth,2.36,5.5,0.9,1.0,,,,,,,,
3,250,Leno,GKP,Fulham,2.88,4.5,3.1,1.0,,,,,,,,
3,481,Anderson,MID,Man City,4.04,6.4,5.4,3.0,,,,,,,,
3,246,Röhl,MID,Everton,0.71,5.0,0.1,1.0,,,,,,,,
3,242,George,MID,Everton,0.77,5.5,0.3,10.0,,,,,,,,
3,61,Truffert,DEF,Bournemouth,3.27,5.5,4.0,0.0,,,,,,,,
3,264,Bobb,MID,Fulham,1.68,5.5,0.3,2.0,,,,,,,,
3,57,Petrović,GKP,Bournemouth,2.82,4.5,3.4,1.0,,,,,,,,
3,214,Kamada,MID,Crystal Palace,2.14,5.0,0.3,5.0,,,,,,,,
3,418,Maguire,DEF,Man Utd,2.32,5.0,15.5,2.0,,,,,,,,
3,151,Acheampong,DEF,Chelsea,0.29,4.5,0.4,1.0,,,,,,,,
3,41,Buendía,MID,Aston Villa,2.99,6.0,1.1,3.0,,,,,,,,
3,46,Barkley,MID,Aston Villa,1.85,5.0,0.2,3.0,,,,,,,,
3,575,Yirenkyi,MID,Coventry City,0.28,5.0,0.2,1.0,,,,,,,,
3,184,Grimes,MID,Coventry City,0.27,5.0,0.2,2.0,,,,,,,,
3,393,Khusanov,DEF,Man City,2.73,5.5,1.7,5.0,,,,,,,,
3,95,O.Dango,MID,Brentford,3.44,6.5,1.0,1.0,,,,,,,,
3,247,Hackney,MID,Everton,0.26,5.5,0.2,4.0,,,,,,,,
3,387,O'Reilly,DEF,Man City,5.28,6.5,19.4,0.0,,,,,,,,
3,265,Berge,MID,Fulham,2.44,5.0,0.4,1.0,,,,,,,,
3,390,Rúben,DEF,Man City,3.76,5.5,1.8,6.0,,,,,,,,
3,47,Kamara,MID,Aston Villa,2.0,5.0,0.3,3.0,,,,,,,,
3,51,George Hemmings,MID,Aston Villa,1.07,4.5,0.9,3.0,,,,,,,,
3,463,Woltemade,FWD,Newcastle,1.55,5.9,1.4,0.0,,,,,,,,
3,183,Rudoni,MID,Coventry City,0.15,5.0,0.1,2.0,,,,,,,,
3,514,Tel,MID,Spurs,1.85,5.9,0.4,3.0,,,,,,,,
3,455,Tonali,MID,Spurs,2.43,5.4,3.2,5.0,,,,,,,,
3,552,Brobbey,FWD,Sunderland,2.22,6.0,10.7,2.0,,,,,,,,
3,564,Scherpen,GKP,Ipswich Town,0.87,4.5,0.6,2.0,,,,,,,,
3,261,Iwobi,MID,Fulham,2.54,5.5,0.9,2.0,,,,,,,,
3,562,Maeda,MID,Ipswich Town,0.57,5.5,0.3,2.0,,,,,,,,
3,522,Gray,MID,Spurs,1.74,5.0,0.2,0.0,,,,,,,,
3,304,O'Shea,DEF,Ipswich Town,0.88,4.0,3.3,3.0,,,,,,,,
3,259,Diop,DEF,Ipswich Town,0.95,4.0,16.1,3.0,,,,,,,,
3,96,Damsgaard,MID,Brentford,2.79,5.5,0.5,8.0,,,,,,,,
3,362,Jacquet,DEF,Liverpool,1.92,5.0,2.5,5.0,,,,,,,,
3,337,Aaronson,MID,Leeds,2.86,5.5,0.8,1.0,,,,,,,,
3,347,Nmecha,FWD,Leeds,0.9,5.5,0.5,1.0,,,,,,,,
3,260,Wilson,MID,Leeds,2.68,6.5,4.7,0.0,,,,,,,,
3,67,Rayan,MID,Bournemouth,1.95,6.5,2.5,2.0,,,,,,,,
3,412,Lammens,GKP,Man Utd,2.76,5.0,14.4,2.0,,,,,,,,
3,254,Robinson,DEF,Fulham,2.09,4.5,1.6,1.0,,,,,,,,
3,372,Mac Allister,MID,Liverpool,2.99,5.5,1.5,2.0,,,,,,,,
3,384,Donnarumma,GKP,Man City,4.19,5.5,8.0,7.0,,,,,,,,
3,110,Rushworth,GKP,Coventry City,0.5,4.5,1.1,2.0,,,,,,,,
3,194,Thomas-Asante,FWD,Coventry City,0.1,5.0,0.8,1.0,,,,,,,,
3,498,Senesi,DEF,Spurs,2.77,6.0,6.3,0.0,,,,,,,,
3,525,Fernandes,MID,Spurs,2.23,5.9,1.4,0.0,,,,,,,,
3,423,Shaw,DEF,Man Utd,3.49,4.5,17.5,4.0,,,,,,,,
3,429,Rashford,MID,Man Utd,0.44,7.0,1.6,3.0,,,,,,,,
3,162,Andrey Santos,MID,Man Utd,1.21,5.0,0.9,1.0,,,,,,,,
3,588,Khalaili,DEF,Crystal Palace,0.76,5.0,0.1,3.0,,,,,,,,
3,222,Strand Larsen,FWD,Crystal Palace,1.88,6.0,0.5,1.0,,,,,,,,
3,417,Dalot,DEF,Man Utd,2.68,5.0,2.3,1.0,,,,,,,,
3,105,Anthony,MID,Brentford,0.6,6.0,0.2,1.0,,,,,,,,
3,255,J.Cuenca,DEF,Fulham,1.07,4.5,0.0,0.0,,,,,,,,
3,369,Ngumoha,MID,Liverpool,1.33,5.9,0.9,0.0,,,,,,,,
3,523,Moore,MID,Spurs,0.42,5.0,0.2,0.0,,,,,,,,
3,336,Okafor,MID,Leeds,1.96,5.9,0.4,3.0,,,,,,,,
3,570,Palacios,MID,Fulham,0.8,5.5,0.2,8.0,,,,,,,,
3,356,Virgil,DEF,Liverpool,5.0,6.5,18.3,6.0,,,,,,,,
3,576,Stroud,MID,Hull City,0.81,5.0,0.1,3.0,,,,,,,,
3,467,Sels,GKP,Nott'm Forest,2.49,5.0,1.4,6.0,,,,,,,,
3,496,Kinsky,GKP,Spurs,1.42,4.5,20.7,6.0,,,,,,,,
3,202,Richards,DEF,Crystal Palace,3.09,5.0,0.7,1.0,,,,,,,,
3,492,Awoniyi,FWD,Coventry City,0.34,5.5,0.8,2.0,,,,,,,,
3,241,McNeil,MID,Crystal Palace,1.29,5.5,0.2,0.0,,,,,,,,
3,175,van Ewijk,DEF,Coventry City,0.5,4.0,12.3,3.0,,,,,,,,
3,190,Tchaouna,MID,Coventry City,0.28,5.5,0.1,1.0,,,,,,,,
3,176,Dasilva,DEF,Coventry City,0.51,4.0,0.8,2.0,,,,,,,,
3,198,Henderson,GKP,Crystal Palace,2.9,5.0,1.8,2.0,,,,,,,,
3,224,Nketiah,FWD,Crystal Palace,1.33,5.5,0.5,4.0,,,,,,,,
3,516,Bentancur,MID,Spurs,1.46,5.5,0.2,5.0,,,,,,,,
3,491,Igor Jesus,FWD,Nott'm Forest,2.67,6.0,3.3,1.0,,,,,,,,
3,478,Netz,DEF,Nott'm Forest,0.16,4.5,0.0,0.0,,,,,,,,
3,104,Onyeka,MID,Coventry City,0.15,5.0,0.1,2.0,,,,,,,,
3,474,Jair Cunha,DEF,Nott'm Forest,1.2,4.5,0.2,8.0,,,,,,,,
3,548,Rigg,MID,Sunderland,0.63,5.0,0.1,0.0,,,,,,,,
3,584,Hamer,MID,Coventry City,0.0,5.5,0.1,1.0,,,,,,,,
3,439,Šeško,FWD,Man Utd,1.29,7.0,1.7,5.0,,,,,,,,
3,42,Guessand,MID,Crystal Palace,0.54,5.5,0.0,0.0,,,,,,,,
3,405,N.Gonzalez,MID,Newcastle,1.26,5.5,0.2,2.0,,,,,,,,
3,583,Chavarria,DEF,Chelsea,0.0,5.0,0.2,1.0,,,,,,,,
3,45,McGinn,MID,Aston Villa,3.51,5.5,2.6,3.0,,,,,,,,
3,182,Amenda,DEF,Coventry City,0.5,4.0,0.8,2.0,,,,,,,,
3,462,Steur,MID,Newcastle,0.41,5.0,0.1,1.0,,,,,,,,
3,108,Wilson,FWD,Brentford,0.0,5.5,0.4,1.0,,,,,,,,
3,506,Udogie,DEF,Spurs,0.88,4.5,0.4,5.0,,,,,,,,
3,195,Simms,FWD,Coventry City,0.1,5.0,0.9,1.0,,,,,,,,
3,188,Torp,MID,Coventry City,0.0,5.5,0.1,0.0,,,,,,,,
3,140,Sánchez,GKP,Chelsea,0.79,4.9,1.7,0.0,,,,,,,,
3,401,Marmoush,FWD,Spurs,1.08,7.0,1.9,2.0,,,,,,,,
3,17,Merino,MID,Arsenal,0.55,5.9,0.5,0.0,,,,,,,,
3,34,Pau,DEF,Aston Villa,2.8,4.5,0.4,0.0,,,,,,,,
3,585,Herrington,DEF,Hull City,0.0,4.0,0.6,1.0,,,,,,,,
3,160,Garnacho,MID,Aston Villa,1.48,5.9,0.5,1.0,,,,,,,,
3,350,A.Becker,GKP,Liverpool,3.22,5.5,3.8,8.0,,,,,,,,
3,527,Richarlison,FWD,Spurs,1.91,5.9,2.2,0.0,,,,,,,,
3,64,Smith,DEF,Bournemouth,1.57,4.5,0.1,0.0,,,,,,,,
3,580,Charles,MID,Fulham,0.0,5.0,0.1,2.0,,,,,,,,
3,281,Drameh,DEF,Hull City,0.0,4.0,0.1,0.0,,,,,,,,
3,166,N.Jackson,FWD,Aston Villa,0.39,6.5,0.7,2.0,,,,,,,,
3,597,Suzuki,GKP,Aston Villa,1.07,5.0,1.0,10.0,,,,,,,,
3,144,Gusto,DEF,Chelsea,0.91,5.0,1.2,1.0,,,,,,,,
3,112,Van Hecke,DEF,Spurs,3.41,5.0,8.2,8.0,,,,,,,,
3,600,Osman,MID,Brighton,0.0,5.0,0.0,0.0,,,,,,,,
3,592,Ouattara,DEF,Ipswich Town,0.0,4.0,1.0,1.0,,,,,,,,
3,239,Garner,MID,Everton,1.69,6.0,0.1,2.0,,,,,,,,
3,248,Beto,FWD,Everton,0.87,5.4,2.0,0.0,,,,,,,,
3,263,Kevin,MID,Fulham,0.54,5.5,0.0,0.0,,,,,,,,
3,257,Bassey,DEF,Fulham,2.64,4.5,0.8,1.0,,,,,,,,
3,269,Sessegnon,DEF,Fulham,1.41,4.5,0.4,1.0,,,,,,,,
3,90,Hickey,DEF,Brentford,0.73,4.5,0.1,1.0,,,,,,,,
3,577,Tomiyasu,DEF,Crystal Palace,0.76,4.5,0.3,0.0,,,,,,,,
3,106,Thiago,FWD,Brentford,6.06,8.0,14.8,2.0,,,,,,,,
3,209,Johnson,MID,Everton,0.72,5.9,0.1,1.0,,,,,,,,
3,422,Mazraoui,DEF,Man Utd,1.21,4.5,0.7,1.0,,,,,,,,
3,19,Zubimendi,MID,Arsenal,1.32,5.4,0.9,1.0,,,,,,,,
3,526,Solanke,FWD,Spurs,0.67,5.9,1.1,1.0,,,,,,,,
3,323,McAteer,MID,Ipswich Town,0.0,4.5,1.3,1.0,,,,,,,,
3,73,Adams,MID,Bournemouth,0.98,5.0,0.2,4.0,,,,,,,,
3,406,Kovačić,MID,Man City,0.08,5.5,0.1,0.0,,,,,,,,
3,102,Yarmoliuk,MID,Brentford,1.95,5.0,1.0,0.0,,,,,,,,
3,14,Eze,MID,Arsenal,1.13,6.4,1.6,0.0,,,,,,,,
3,28,Martinez,GKP,Chelsea,0.75,5.0,4.4,3.0,,,,,,,,
3,547,Mundle,MID,Sunderland,0.13,5.0,0.0,0.0,,,,,,,,
3,32,Cash,DEF,Aston Villa,4.08,4.5,7.2,6.0,,,,,,,,
3,119,Costinha,DEF,Brighton,0.0,4.5,0.0,1.0,,,,,,,,
3,512,Kudus,MID,Spurs,1.16,6.5,0.1,1.0,,,,,,,,
3,29,M.Bizot,GKP,Aston Villa,0.89,4.5,0.1,0.0,,,,,,,,
3,452,Bruno G.,MID,Arsenal,1.3,6.9,2.3,0.0,,,,,,,,
3,549,Talbi,MID,Sunderland,0.92,5.4,0.2,0.0,,,,,,,,
3,9,Hincapie,DEF,Arsenal,1.0,5.4,1.3,1.0,,,,,,,,
3,31,Konsa,DEF,Arsenal,1.39,4.4,10.5,4.0,,,,,,,,
3,461,Touré,MID,Newcastle,0.0,5.9,0.2,0.0,,,,,,,,
3,446,Schär,DEF,Newcastle,0.79,5.0,0.2,0.0,,,,,,,,
3,457,J.Murphy,MID,Newcastle,1.27,5.9,0.1,1.0,,,,,,,,
3,456,J.Ramsey,MID,Newcastle,0.8,5.0,0.3,6.0,,,,,,,,
3,149,Colwill,DEF,Chelsea,0.34,5.0,1.4,0.0,,,,,,,,
3,568,Barco,MID,Chelsea,0.0,5.5,0.1,0.0,,,,,,,,
3,167,Delap,FWD,Nott'm Forest,0.8,5.5,0.7,2.0,,,,,,,,
3,482,Hudson-Odoi,MID,Nott'm Forest,1.33,5.9,0.2,0.0,,,,,,,,
3,155,Enzo,MID,Chelsea,0.99,6.9,3.5,3.0,,,,,,,,
3,157,Estêvão,MID,Chelsea,0.34,6.4,0.9,1.0,,,,,,,,
3,499,Pedro Porro,DEF,Spurs,2.97,5.5,12.4,7.0,,,,,,,,
3,535,Alderete,DEF,Sunderland,2.02,5.0,0.4,0.0,,,,,,,,
3,594,David,FWD,Brighton,0.0,6.0,0.3,0.0,,,,,,,,
3,142,James,DEF,Chelsea,0.66,5.5,8.9,1.0,,,,,,,,
3,490,Wood,FWD,Nott'm Forest,0.79,5.9,1.3,1.0,,,,,,,,
3,493,Kalimuendo,FWD,Nott'm Forest,0.0,5.5,0.0,0.0,,,,,,,,
3,487,Dominguez,MID,Nott'm Forest,0.92,5.0,0.1,0.0,,,,,,,,
3,164,Quenda,MID,Chelsea,0.0,5.4,0.0,0.0,,,,,,,,
3,91,Pinnock,DEF,Coventry City,0.09,4.5,0.1,3.0,,,,,,,,
3,203,Canvot,DEF,Crystal Palace,1.84,5.0,0.3,1.0,,,,,,,,
3,207,Mingueza,DEF,Crystal Palace,0.0,4.5,0.1,1.0,,,,,,,,
3,204,Mitchell,DEF,Crystal Palace,3.31,4.5,5.0,15.0,,,,,,,,
3,153,Disasi,DEF,Crystal Palace,0.0,4.5,0.1,3.0,,,,,,,,
3,36,Maatsen,DEF,Aston Villa,2.83,4.5,0.7,7.0,,,,,,,,
3,35,Bogarde,MID,Aston Villa,0.64,5.0,0.1,0.0,,,,,,,,
3,435,Lacey,MID,Man Utd,0.0,5.0,0.1,0.0,,,,,,,,
3,52,Alysson,MID,Aston Villa,0.0,5.0,0.0,1.0,,,,,,,,
3,186,Mason-Clark,MID,Coventry City,0.14,5.5,0.1,2.0,,,,,,,,
3,559,Bamba,MID,Newcastle,0.0,5.0,0.1,0.0,,,,,,,,
3,238,Grealish,MID,Man City,1.51,6.5,0.2,1.0,,,,,,,,
3,375,Nyoni,MID,Liverpool,0.0,5.0,0.0,1.0,,,,,,,,
3,262,Smith Rowe,MID,Fulham,1.44,5.5,0.3,1.0,,,,,,,,
3,419,Martinez,DEF,Man Utd,1.32,5.0,1.3,3.0,,,,,,,,
3,415,Dorgu,MID,Man Utd,1.54,5.9,0.9,1.0,,,,,,,,
3,89,Henry,DEF,Brentford,1.04,4.5,0.2,0.0,,,,,,,,
3,420,Yoro,DEF,Man Utd,1.16,4.9,0.6,1.0,,,,,,,,
3,421,Heaven,DEF,Man Utd,1.24,4.5,0.4,0.0,,,,,,,,
3,185,Sakamoto,MID,Coventry City,0.0,5.0,0.1,0.0,,,,,,,,
3,381,Koumas,MID,Liverpool,0.0,5.0,0.0,1.0,,,,,,,,
3,579,Araujo,DEF,Liverpool,0.0,5.5,2.3,8.0,,,,,,,,
3,240,Iroegbunam,MID,Everton,0.53,5.0,0.0,0.0,,,,,,,,
3,396,Vitor Reis,DEF,Man City,0.0,4.5,0.0,0.0,,,,,,,,
3,395,Lewis,DEF,Man City,1.19,4.5,0.2,0.0,,,,,,,,
3,595,Gozo,MID,Crystal Palace,0.0,5.0,0.0,0.0,,,,,,,,
3,622,Braithwaite,DEF,Man City,4.29,4.0,0.1,0.0,,,,,,,,
3,616,Bouaddi,MID,Man City,5.04,5.5,0.1,1.0,,,,,,,,
3,621,McAidoo,MID,Man City,6.14,4.5,0.1,1.0,,,,,,,,
3,243,Alcaraz,MID,Everton,0.24,5.0,0.1,0.0,,,,,,,,
3,608,Jebbison,FWD,Bournemouth,2.36,5.0,0.1,1.0,,,,,,,,
3,364,Tsimikas,DEF,Liverpool,0.0,5.0,0.1,0.0,,,,,,,,
3,619,Palacios,MID,Ipswich Town,0.75,5.0,0.0,4.0,,,,,,,,
3,285,McNair,DEF,Hull City,0.0,4.0,0.1,0.0,,,,,,,,
3,253,Andersen,DEF,Fulham,2.54,5.0,0.1,1.0,,,,,,,,
3,345,Tanaka,MID,Leeds,0.78,4.9,0.2,5.0,,,,,,,,
3,343,James,MID,Leeds,0.37,5.0,0.1,0.0,,,,,,,,
3,339,Longstaff,MID,Leeds,0.62,5.0,0.1,0.0,,,,,,,,
3,596,Ruggeri,DEF,Aston Villa,0.0,4.5,0.1,1.0,,,,,,,,
3,81,Rodríguez,FWD,Bournemouth,0.0,6.0,0.1,0.0,,,,,,,,
3,271,Muniz,FWD,Fulham,0.61,5.5,0.5,1.0,,,,,,,,
3,611,Wan-Bissaka,DEF,Aston Villa,4.29,4.5,0.1,1.0,,,,,,,,
3,357,Frimpong,DEF,Liverpool,2.53,5.5,3.2,0.0,,,,,,,,
3,358,Kerkez,DEF,Liverpool,3.65,5.5,3.2,5.0,,,,,,,,
3,56,Abraham,FWD,Aston Villa,0.25,5.5,0.1,1.0,,,,,,,,
3,598,Elvedi,DEF,Leeds,0.0,4.5,0.0,4.0,,,,,,,,
3,617,Cho,MID,Hull City,1.12,5.0,0.0,1.0,,,,,,,,
3,589,Gourna-Douath,MID,Hull City,0.0,5.0,0.0,2.0,,,,,,,,
3,75,Christie,MID,Bournemouth,0.55,5.0,0.0,1.0,,,,,,,,
3,76,Tóth.A,MID,Bournemouth,0.11,5.0,0.0,0.0,,,,,,,,
3,321,Walle Egeli,FWD,Ipswich Town,0.0,4.5,3.0,0.0,,,,,,,,
3,563,Morita,MID,Hull City,0.41,5.0,0.0,0.0,,,,,,,,
3,556,Targett,DEF,Hull City,0.0,4.0,2.2,0.0,,,,,,,,
3,74,Brooks,MID,Bournemouth,1.26,5.0,0.1,1.0,,,,,,,,
3,72,Gannon-Doak,MID,Bournemouth,0.0,5.0,0.1,1.0,,,,,,,,
3,135,Yohanna,MID,Brighton,0.0,5.0,0.1,0.0,,,,,,,,
3,306,Greaves,DEF,Ipswich Town,0.87,4.0,1.4,1.0,,,,,,,,
3,16,Madueke,MID,Arsenal,0.69,6.4,0.3,1.0,,,,,,,,
3,308,Furlong,DEF,Ipswich Town,0.0,4.0,0.6,0.0,,,,,,,,
3,520,Bergvall,MID,Spurs,1.03,5.5,0.2,0.0,,,,,,,,
3,33,Mings,DEF,Aston Villa,1.29,4.5,0.4,6.0,,,,,,,,
3,539,O'Nien,DEF,Sunderland,0.72,4.0,3.2,0.0,,,,,,,,
3,613,Ahoka,MID,Sunderland,1.61,4.5,0.2,0.0,,,,,,,,
3,18,Martinelli,MID,Arsenal,0.62,6.4,0.2,0.0,,,,,,,,
3,524,Olusesi,MID,Spurs,0.0,4.5,0.7,0.0,,,,,,,,
3,528,Scarlett,FWD,Spurs,0.0,4.5,1.9,0.0,,,,,,,,
3,601,Williams-Barnett,MID,Spurs,1.61,4.5,0.1,0.0,,,,,,,,
3,134,Oriola,MID,Brighton,0.0,4.5,0.3,0.0,,,,,,,,
3,519,Gallagher,MID,Spurs,1.14,5.4,0.2,3.0,,,,,,,,
3,20,Dowman,MID,Arsenal,0.08,5.4,0.1,0.0,,,,,,,,
3,111,Steele,GKP,Brighton,0.0,4.0,4.1,0.0,,,,,,,,
3,620,Diouf,DEF,Brentford,4.29,4.5,0.1,0.0,,,,,,,,
3,328,Struijk,DEF,Brighton,3.03,5.0,0.2,1.0,,,,,,,,
3,612,Methalie,DEF,Sunderland,3.21,4.5,0.0,0.0,,,,,,,,
3,2,Arrizabalaga,GKP,Arsenal,0.04,5.0,0.1,0.0,,,,,,,,
3,531,Ellborg,GKP,Sunderland,0.17,4.5,0.1,0.0,,,,,,,,
3,510,Rowswell,DEF,Spurs,0.0,4.0,0.1,0.0,,,,,,,,
3,509,Byfield,DEF,Spurs,0.0,4.0,0.1,0.0,,,,,,,,
3,508,Davies,DEF,Spurs,0.23,4.0,1.0,0.0,,,,,,,,
3,503,Van de Ven,DEF,Spurs,2.92,5.0,4.0,9.0,,,,,,,,
3,501,Danso,DEF,Spurs,1.11,5.0,0.2,2.0,,,,,,,,
3,497,Dubravka,GKP,Spurs,1.66,4.0,18.2,0.0,,,,,,,,
3,602,Humphreys,MID,Ipswich Town,1.07,4.5,0.0,0.0,,,,,,,,
3,303,Kipré,DEF,Ipswich Town,0.0,4.0,0.6,0.0,,,,,,,,
3,302,Button,GKP,Ipswich Town,0.0,4.0,0.5,0.0,,,,,,,,
3,301,Palmer,GKP,Ipswich Town,0.0,4.0,4.4,0.0,,,,,,,,
3,300,Walton,GKP,Ipswich Town,0.0,4.5,0.5,0.0,,,,,,,,
3,574,Hjertø-Dahl,MID,Hull City,0.0,5.0,0.1,1.0,,,,,,,,
3,324,Mehmeti,MID,Ipswich Town,0.0,5.0,0.0,0.0,,,,,,,,
3,296,Akintola,MID,Hull City,0.0,5.0,0.0,0.0,,,,,,,,
3,292,Ömür,MID,Hull City,0.0,5.0,0.0,0.0,,,,,,,,
3,288,Dowell,MID,Hull City,0.0,4.5,0.4,0.0,,,,,,,,
3,284,McCarthy,DEF,Hull City,0.0,4.0,0.1,0.0,,,,,,,,
3,83,Valdimarsson,GKP,Brentford,0.09,4.5,0.1,0.0,,,,,,,,
3,615,Di Gregorio,GKP,Bournemouth,3.21,4.5,0.0,0.0,,,,,,,,
3,341,Gnonto,MID,Leeds,0.21,5.0,0.0,0.0,,,,,,,,
3,331,Gudmundsson,DEF,Leeds,2.06,4.5,0.0,2.0,,,,,,,,
3,361,Lucky,DEF,Liverpool,0.0,4.0,0.1,0.0,,,,,,,,
3,355,Davies,GKP,Liverpool,0.0,4.0,0.1,0.0,,,,,,,,
3,352,Woodman,GKP,Liverpool,0.13,4.0,1.1,0.0,,,,,,,,
3,351,Mamardashvili,GKP,Liverpool,0.75,5.0,0.1,0.0,,,,,,,,
3,629,Zetterer,GKP,Leeds,3.21,4.0,0.0,0.0,,,,,,,,
3,604,Cresswell,MID,Leeds,1.61,4.5,0.1,0.0,,,,,,,,
3,603,Lienou,DEF,Leeds,3.21,4.0,0.1,0.0,,,,,,,,
3,573,Sanchez,DEF,Bournemouth,0.0,4.5,0.2,0.0,,,,,,,,
3,273,Phillips,GKP,Hull City,0.0,4.0,1.5,0.0,,,,,,,,
3,626,Zepa,MID,Fulham,1.61,4.5,0.2,0.0,,,,,,,,
3,228,King,GKP,Everton,0.0,4.5,0.0,0.0,,,,,,,,
3,272,Kusi-Asare,FWD,Fulham,0.0,4.5,6.8,0.0,,,,,,,,
3,270,Reed,MID,Fulham,0.08,4.5,1.3,0.0,,,,,,,,
3,618,Goretzka,MID,Aston Villa,2.14,6.0,0.0,0.0,,,,,,,,
3,607,Lynch,MID,Aston Villa,2.14,4.5,0.1,0.0,,,,,,,,
3,606,Rowe,DEF,Aston Villa,4.29,4.0,0.1,0.0,,,,,,,,
3,256,Tete,DEF,Fulham,1.42,4.5,0.2,0.0,,,,,,,,
3,251,Lecomte,GKP,Fulham,0.0,4.0,1.2,0.0,,,,,,,,
3,378,McConnell,MID,Liverpool,0.0,4.5,0.2,0.0,,,,,,,,
3,374,Endo,MID,Liverpool,0.06,5.0,0.1,0.0,,,,,,,,
3,625,Cairns,GKP,Leeds,3.21,4.0,0.1,0.0,,,,,,,,
3,58,Forster,GKP,Bournemouth,0.0,4.0,3.3,0.0,,,,,,,,
3,245,Dibling,MID,Everton,0.13,5.4,0.0,0.0,,,,,,,,
3,234,Patterson,DEF,Everton,0.12,4.5,0.0,0.0,,,,,,,,
3,232,O'Brien,DEF,Everton,1.42,4.9,0.4,0.0,,,,,,,,
3,231,Keane,DEF,Everton,1.23,4.9,1.2,0.0,,,,,,,,
3,215,Devenny,MID,Crystal Palace,0.48,5.0,0.0,0.0,,,,,,,,
3,107,Furo,FWD,Brentford,0.0,4.5,1.0,0.0,,,,,,,,
3,103,Dasilva,MID,Brentford,0.0,5.0,0.0,0.0,,,,,,,,
3,392,Aït-Nouri,DEF,Man City,1.25,5.4,0.6,0.0,,,,,,,,
3,386,Bettinelli,GKP,Man City,0.0,4.5,0.0,0.0,,,,,,,,
3,627,Barcola,MID,Liverpool,2.14,8.0,0.0,1.0,,,,,,,,
3,383,Elliott,MID,Liverpool,0.09,5.4,0.1,0.0,,,,,,,,
3,325,Darlow,GKP,Man Utd,1.28,4.5,0.0,0.0,,,,,,,,
3,100,Carvalho,MID,Brentford,0.13,5.0,0.0,0.0,,,,,,,,
3,93,Schuster,DEF,Brentford,0.0,4.5,0.2,4.0,,,,,,,,
3,92,Ji-soo,DEF,Brentford,0.0,4.5,0.0,0.0,,,,,,,,
3,227,Travers,GKP,Everton,0.0,5.0,0.0,0.0,,,,,,,,
3,599,Cherif,FWD,Coventry City,0.0,5.0,0.1,0.0,,,,,,,,
3,555,Matthews,GKP,Crystal Palace,0.0,4.0,1.8,0.0,,,,,,,,
3,628,Allan,MID,Man City,2.14,6.0,0.0,0.0,,,,,,,,
3,587,Rulli,GKP,Man City,0.0,5.0,0.0,0.0,,,,,,,,
3,410,Monga,MID,Man City,0.0,4.9,0.0,0.0,,,,,,,,
3,409,Mukasa,MID,Man City,0.0,4.5,0.2,0.0,,,,,,,,
3,407,Echeverri,MID,Man City,0.0,5.0,0.0,0.0,,,,,,,,
3,623,Bentley,GKP,Coventry City,1.07,4.0,0.1,0.0,,,,,,,,
3,221,Drakes-Thomas,MID,Crystal Palace,0.0,4.5,0.1,0.0,,,,,,,,
3,219,J.Rak-Sakyi,MID,Crystal Palace,0.0,5.0,0.0,0.0,,,,,,,,
3,218,Doucouré,MID,Crystal Palace,0.0,4.9,0.1,0.0,,,,,,,,
3,217,M.França,MID,Crystal Palace,0.0,4.9,0.0,0.0,,,,,,,,
3,216,Esse,MID,Crystal Palace,0.0,5.0,0.0,0.0,,,,,,,,
3,213,Lerma,MID,Crystal Palace,1.02,5.0,0.1,0.0,,,,,,,,
3,212,Hughes,MID,Crystal Palace,1.02,4.5,10.0,1.0,,,,,,,,
3,424,Amass,DEF,Man Utd,0.0,4.0,0.2,0.0,,,,,,,,
3,437,Bendito Mantato,MID,Man Utd,0.0,4.5,0.2,0.0,,,,,,,,
3,50,Burrowes,MID,Aston Villa,0.0,4.5,0.7,0.0,,,,,,,,
3,44,Bailey,MID,Aston Villa,0.27,5.5,0.1,0.0,,,,,,,,
3,38,A.García,DEF,Aston Villa,0.06,4.0,1.7,0.0,,,,,,,,
3,37,Lindelöf,DEF,Aston Villa,1.94,4.5,0.3,6.0,,,,,,,,
3,434,J.Fletcher,MID,Man Utd,0.0,5.0,0.0,0.0,,,,,,,,
3,205,Sosa,DEF,Crystal Palace,0.0,4.5,0.0,0.0,,,,,,,,
3,199,Benitez,GKP,Crystal Palace,0.06,4.5,0.1,0.0,,,,,,,,
3,191,Borges Rodrigues,MID,Coventry City,0.0,4.5,0.2,0.0,,,,,,,,
3,189,Shepherd,MID,Coventry City,0.0,4.5,0.3,0.0,,,,,,,,
3,187,Eccles,MID,Coventry City,0.0,4.9,0.0,0.0,,,,,,,,
3,444,Jaouen,GKP,Newcastle,0.0,4.5,0.0,0.0,,,,,,,,
3,443,Gillespie,GKP,Newcastle,0.0,4.5,0.0,0.0,,,,,,,,
3,442,Pope,GKP,Newcastle,1.66,5.0,1.2,0.0,,,,,,,,
3,441,Obi,FWD,Man Utd,0.0,4.5,1.2,0.0,,,,,,,,
3,440,Zirkzee,FWD,Man Utd,0.36,5.4,0.5,0.0,,,,,,,,
3,438,Fletcher,MID,Man Utd,0.0,4.5,0.3,0.0,,,,,,,,
3,470,Morato,DEF,Nott'm Forest,0.88,5.0,0.0,0.0,,,,,,,,
3,468,John,GKP,Nott'm Forest,0.3,4.5,0.1,0.0,,,,,,,,
3,201,Muñoz,DEF,Nott'm Forest,2.86,5.4,7.0,1.0,,,,,,,,
3,179,Latibeaudiere,DEF,Coventry City,0.0,4.0,0.0,0.0,,,,,,,,
3,178,Bidwell,DEF,Coventry City,0.0,4.0,0.1,0.0,,,,,,,,
3,174,Kitching,DEF,Coventry City,0.0,4.0,0.6,0.0,,,,,,,,
3,172,Wilson,GKP,Coventry City,0.0,4.5,0.4,0.0,,,,,,,,
3,171,Dovin,GKP,Coventry City,0.0,4.0,1.5,0.0,,,,,,,,
3,614,Hadjam,DEF,Brighton,4.29,4.5,0.0,0.0,,,,,,,,
3,578,Mudryk,MID,Chelsea,0.0,5.4,0.0,1.0,,,,,,,,
3,561,Anselmino,DEF,Chelsea,0.0,4.5,0.0,0.0,,,,,,,,
3,609,Shahar,DEF,Newcastle,3.21,4.0,0.2,0.0,,,,,,,,
3,466,Neave,FWD,Newcastle,0.0,4.5,0.8,0.0,,,,,,,,
3,560,Penders,GKP,Chelsea,0.0,4.5,0.1,0.0,,,,,,,,
3,170,Emegha,FWD,Chelsea,0.0,5.0,0.1,0.0,,,,,,,,
3,169,Mheuka,FWD,Chelsea,0.0,4.5,0.4,0.0,,,,,,,,
3,163,D.Essugo,MID,Chelsea,0.0,4.5,0.2,0.0,,,,,,,,
3,158,Gittens,MID,Chelsea,0.11,5.9,0.0,0.0,,,,,,,,
3,147,Tosin,DEF,Chelsea,0.16,4.5,0.2,0.0,,,,,,,,
3,477,Abbott,DEF,Nott'm Forest,0.1,4.0,0.2,0.0,,,,,,,,
3,476,O.Richards,DEF,Nott'm Forest,0.0,4.0,0.2,0.0,,,,,,,,
3,145,Fofana,DEF,Chelsea,0.57,5.0,0.1,3.0,,,,,,,,
3,136,Welbeck,FWD,Chelsea,0.67,5.9,0.9,1.0,,,,,,,,
3,624,Cozier-Duberry,MID,Brighton,2.14,5.0,0.0,0.0,,,,,,,,
3,518,P.M.Sarr,MID,Spurs,0.72,4.9,0.2,0.0,,,,,,,,
3,495,Austin,GKP,Spurs,0.0,4.0,0.9,0.0,,,,,,,,
3,590,Benda,GKP,Nott'm Forest,0.0,4.5,0.1,0.0,,,,,,,,
3,581,Diomande,DEF,Nott'm Forest,0.0,5.5,0.6,1.0,,,,,,,,
3,489,Yates,MID,Nott'm Forest,0.11,4.5,1.5,0.0,,,,,,,,
3,22,Nwaneri,MID,Arsenal,0.0,5.4,0.0,0.0,,,,,,,,
3,3,Meslier,GKP,Arsenal,0.0,5.0,0.0,0.0,,,,,,,,
3,126,O'Riley,MID,Brighton,0.27,5.5,0.1,0.0,,,,,,,,
3,550,Jocelin.T,MID,Sunderland,0.05,5.0,0.0,0.0,,,,,,,,
3,120,Svoboda,DEF,Brighton,0.0,5.0,0.1,0.0,,,,,,,,
3,118,Igor,DEF,Brighton,0.05,4.5,0.1,0.0,,,,,,,,
3,117,Coppola,DEF,Brighton,0.13,4.5,0.0,0.0,,,,,,,,
3,113,F.Kadıoğlu,DEF,Brighton,3.72,4.4,2.1,2.0,,,,,,,,
3,314,Ogbene,MID,Ipswich Town,0.0,5.0,0.0,0.0,,,,,,,,
3,66,Soler,DEF,Bournemouth,0.0,4.0,0.2,0.0,,,,,,,,
3,62,Diakité,DEF,Bournemouth,0.8,5.0,0.2,0.0,,,,,,,,
3,307,Johnson,DEF,Ipswich Town,0.0,4.0,0.1,0.0,,,,,,,,
3,27,G.Jesus,FWD,Arsenal,0.17,5.9,0.3,0.0,,,,,,,,
3,25,Gyökeres,FWD,Arsenal,1.38,7.4,5.6,1.0,,,,,,,,
3,23,Fábio Vieira,MID,Arsenal,0.0,5.5,0.0,0.0,,,,,,,,
4,367,Gakpo,MID,Liverpool,5.09,7.2,13.1,1.0,9.3,9.3,0.9,,,,,
4,426,B.Fernandes,MID,Man Utd,3.43,12.0,47.1,2.0,9.0,9.0,0.95,,,,,
4,572,Tzolakis,GKP,Hull City,2.65,4.6,8.9,2.0,8.7,8.7,0.84,,,,,
4,399,Cherki,MID,Man City,1.85,7.8,30.4,1.0,8.3,8.3,0.56,,,,,
4,279,Ajayi,DEF,Hull City,3.08,4.1,10.7,1.0,8.3,8.3,0.84,,,,,
4,15,Ødegaard,MID,Arsenal,2.56,6.6,12.6,3.0,8.0,8.0,0.64,,,,,
4,411,Haaland,FWD,Man City,3.4,15.5,71.2,9.0,8.0,8.0,0.93,,,,,
4,69,Scott,MID,Bournemouth,3.11,6.0,3.8,4.0,8.0,8.0,0.93,,,,,
4,586,Mendy,DEF,Hull City,3.37,4.0,6.6,1.0,8.0,8.0,0.84,,,,,
4,379,Isak,FWD,Liverpool,2.59,9.0,19.4,2.0,7.7,7.7,0.51,,,,,
4,277,Egan,DEF,Hull City,3.16,4.1,6.1,2.0,7.7,7.7,0.84,,,,,
4,391,Gvardiol,DEF,Man City,1.95,5.6,19.7,11.0,7.3,7.3,0.64,,,,,
4,12,Saka,MID,Arsenal,4.12,9.5,11.3,8.0,7.3,7.3,0.79,,,,,
4,8,Calafiori,DEF,Arsenal,4.38,5.7,47.1,6.0,7.3,7.3,0.74,,,,,
4,330,Bogle,DEF,Leeds,5.31,4.5,1.2,15.0,7.3,7.3,0.9,,,,,
4,229,Tarkowski,DEF,Everton,3.99,6.0,11.2,8.0,7.0,7.0,0.98,,,,,
4,154,Palmer,MID,Chelsea,5.07,9.6,21.2,5.0,7.0,7.0,0.77,,,,,
4,165,João Pedro,FWD,Chelsea,5.09,7.7,72.1,12.0,7.0,7.0,0.88,,,,,
4,98,Janelt,MID,Brentford,1.99,5.0,1.3,4.0,7.0,7.0,0.62,,,,,
4,427,Mbeumo,MID,Man Utd,3.12,7.9,25.9,2.0,7.0,7.0,0.88,,,,,
4,68,Tavernier,MID,Bournemouth,4.01,6.0,3.0,8.0,7.0,7.0,0.88,,,,,
4,115,De Cuyper,DEF,Brighton,4.17,4.7,19.0,11.0,7.0,7.0,0.65,,,,,
4,10,White,DEF,Arsenal,2.28,5.5,7.7,1.0,6.7,6.7,0.52,,,,,
4,282,Giles,DEF,Hull City,2.74,4.0,1.2,4.0,6.7,6.7,0.84,,,,,
4,388,Guéhi,DEF,Man City,2.96,6.0,18.7,6.0,6.7,6.7,0.95,,,,,
4,268,King,MID,Fulham,1.45,5.5,1.0,3.0,6.3,6.3,0.62,,,,,
4,40,Rogers,MID,Chelsea,5.27,7.6,27.5,8.0,6.3,6.3,0.98,,,,,
4,335,Stach,MID,Leeds,3.95,6.0,2.9,3.0,6.3,6.3,0.84,,,,,
4,480,Gibbs-White,MID,Nott'm Forest,2.68,7.9,9.3,8.0,6.0,6.0,0.95,,,,,
4,504,Vuskovic,DEF,Brighton,5.72,5.0,2.7,6.0,6.0,6.0,0.84,,,,,
4,565,M.Sangaré,MID,Brentford,2.83,5.7,14.5,4.0,6.0,6.0,0.84,,,,,
4,454,Elanga,MID,Newcastle,1.94,6.1,10.9,0.0,6.0,6.0,0.6,,,,,
4,449,Hall,DEF,Newcastle,3.05,5.1,11.3,0.0,6.0,6.0,0.77,,,,,
4,86,Lewis-Potter,MID,Brentford,2.74,5.5,2.2,1.0,6.0,6.0,0.74,,,,,
4,544,Xhaka,MID,Sunderland,1.81,5.5,4.5,1.0,6.0,6.0,0.9,,,,,
4,453,Barnes,MID,Newcastle,2.68,6.0,1.8,2.0,5.7,5.7,0.69,,,,,
4,26,Havertz,FWD,Arsenal,2.01,7.5,7.2,1.0,5.3,5.3,0.49,,,,,
4,88,Kayode,DEF,Brentford,3.87,4.6,9.2,1.0,5.3,5.3,0.98,,,,,
4,124,Groß,MID,Brighton,3.17,5.5,16.1,17.0,5.3,5.3,0.67,,,,,
4,204,Mitchell,DEF,Crystal Palace,4.9,4.5,5.4,1.0,5.3,5.3,0.97,,,,,
4,332,Justin,DEF,Leeds,3.89,4.5,1.5,2.0,5.3,5.3,0.72,,,,,
4,237,Ndiaye,MID,Man City,2.26,5.9,10.5,1.0,5.3,5.3,0.9,,,,,
4,242,George,MID,Everton,1.47,5.5,0.4,3.0,5.0,5.0,0.39,,,,,
4,4,Gabriel,DEF,Arsenal,4.57,8.0,25.0,9.0,5.0,5.0,0.87,,,,,
4,469,N.Williams,DEF,Nott'm Forest,2.61,5.0,8.3,2.0,5.0,5.0,0.97,,,,,
4,94,Schade,MID,Brentford,3.97,6.0,4.0,15.0,5.0,5.0,0.9,,,,,
4,385,Trafford,GKP,Leeds,1.72,5.0,5.3,3.0,5.0,5.0,0.44,,,,,
4,1,Raya,GKP,Arsenal,4.04,6.0,38.7,14.0,5.0,5.0,0.98,,,,,
4,368,Szoboszlai,MID,Liverpool,5.04,7.0,39.1,3.0,5.0,5.0,0.97,,,,,
4,173,Thomas,DEF,Coventry City,6.39,4.0,8.7,0.0,5.0,5.0,0.84,,,,,
4,236,Dewsbury-Hall,MID,Everton,3.16,6.5,4.4,2.0,5.0,5.0,0.87,,,,,
4,334,Muharemović,DEF,Leeds,6.43,5.0,3.3,7.0,4.7,4.7,0.84,,,,,
4,432,Mainoo,MID,Man Utd,1.05,5.5,1.2,4.0,4.7,4.7,0.51,,,,,
4,286,Belloumi,MID,Hull City,1.67,5.0,0.9,13.0,4.7,4.7,0.84,,,,,
4,428,Cunha,MID,Man Utd,2.2,7.9,7.3,2.0,4.7,4.7,0.85,,,,,
4,230,Branthwaite,DEF,Everton,1.96,5.5,1.8,6.0,4.3,4.3,0.49,,,,,
4,464,Wissa,FWD,Newcastle,1.91,6.2,16.7,2.0,4.3,4.3,0.44,,,,,
4,542,E.Le Fée,MID,Sunderland,2.35,5.9,5.3,0.0,4.3,4.3,0.92,,,,,
4,127,Gomez,MID,Brighton,4.2,5.0,4.9,3.0,4.3,4.3,0.8,,,,,
4,397,Semenyo,MID,Man City,2.62,8.4,18.4,3.0,4.3,4.3,0.98,,,,,
4,87,Ajer,DEF,Brentford,2.69,4.5,5.0,1.0,4.3,4.3,0.7,,,,,
4,483,Ndoye,MID,Nott'm Forest,1.34,5.5,0.7,1.0,4.3,4.3,0.6,,,,,
4,593,Dedić,DEF,Newcastle,4.16,4.5,3.6,0.0,4.3,4.3,0.84,,,,,
4,533,Mukiele,DEF,Sunderland,2.31,5.5,2.3,0.0,6.5,4.3,0.78,,,,,
4,553,Isidor,FWD,Sunderland,0.48,5.5,1.3,1.0,4.3,4.3,0.18,,,,,
4,377,Munoz,MID,Liverpool,2.87,6.5,1.3,1.0,4.3,4.3,0.72,,,,,
4,13,Rice,MID,Arsenal,3.44,7.4,13.8,6.0,4.3,4.3,0.95,,,,,
4,472,Murillo,DEF,Nott'm Forest,2.12,5.5,1.6,6.0,4.3,4.3,0.79,,,,,
4,258,Castagne,DEF,Fulham,1.82,4.5,0.9,6.0,4.3,4.3,0.7,,,,,
4,316,Emersonn,FWD,Ipswich Town,1.99,5.5,1.7,12.0,4.0,4.0,0.84,,,,,
4,327,Bijol,DEF,Leeds,3.04,5.0,0.9,0.0,4.0,4.0,0.6,,,,,
4,96,Damsgaard,MID,Brentford,2.31,5.5,0.5,1.0,4.0,4.0,0.64,,,,,
4,471,Milenković,DEF,Nott'm Forest,2.49,5.5,1.6,0.0,4.0,4.0,0.98,,,,,
4,597,Suzuki,GKP,Aston Villa,3.95,5.0,1.4,2.0,6.0,4.0,0.72,,,,,
4,249,Barry,FWD,Everton,2.91,5.6,5.4,2.0,4.0,4.0,0.72,,,,,
4,532,Ballard,DEF,Sunderland,2.13,4.9,3.7,0.0,4.0,4.0,0.77,,,,,
4,280,Coyle,DEF,Hull City,2.78,4.0,0.5,1.0,4.0,4.0,0.84,,,,,
4,244,Armstrong,MID,Everton,1.42,5.0,0.4,3.0,3.7,3.7,0.47,,,,,
4,233,Mykolenko,DEF,Everton,3.15,4.5,1.9,11.0,3.7,3.7,0.92,,,,,
4,226,Pickford,GKP,Everton,2.92,5.5,8.6,6.0,3.7,3.7,1.0,,,,,
4,460,Willock,MID,Newcastle,1.34,5.0,0.5,1.0,3.7,3.7,0.41,,,,,
4,557,Tzolis,MID,Arsenal,2.69,6.5,17.9,3.0,3.7,3.7,0.84,,,,,
4,398,Foden,MID,Man City,2.03,7.0,5.0,-2.0,3.7,3.7,0.63,,,,,
4,82,Kelleher,GKP,Brentford,2.96,5.0,6.8,3.0,3.7,3.7,0.98,,,,,
4,79,Evanilson,FWD,Bournemouth,3.17,6.0,3.3,5.0,3.7,3.7,0.9,,,,,
4,591,Enciso,MID,Ipswich Town,2.69,5.5,0.8,2.0,3.7,3.7,0.84,,,,,
4,570,Palacios,MID,Fulham,1.76,5.5,0.2,0.0,3.7,3.7,0.84,,,,,
4,211,Yeremy,MID,Crystal Palace,3.69,5.5,0.3,1.0,3.7,3.7,0.68,,,,,
4,290,Slater,MID,Hull City,1.6,4.5,5.0,2.0,3.7,3.7,0.84,,,,,
4,605,Yalcouyé,MID,Brighton,4.35,4.5,2.6,8.0,3.7,3.7,0.72,,,,,
4,112,Van Hecke,DEF,Spurs,3.75,4.9,7.1,8.0,3.3,3.3,0.97,,,,,
4,569,Gonzalo,FWD,Fulham,1.4,6.0,4.3,2.0,3.3,3.3,0.84,,,,,
4,214,Kamada,MID,Crystal Palace,3.05,5.0,0.3,8.0,3.3,3.3,0.74,,,,,
4,474,Jair Cunha,DEF,Nott'm Forest,1.12,4.5,0.2,0.0,3.3,3.3,0.47,,,,,
4,390,Rúben,DEF,Man City,2.01,5.5,1.8,6.0,3.3,3.3,0.77,,,,,
4,156,Neto,MID,Chelsea,3.88,6.5,1.3,2.0,3.3,3.3,0.74,,,,,
4,346,Calvert-Lewin,FWD,Leeds,4.88,6.0,24.6,10.0,3.3,3.3,0.87,,,,,
4,350,A.Becker,GKP,Liverpool,3.39,5.5,3.8,9.0,3.3,3.3,0.8,,,,,
4,551,N.Angulo,MID,Sunderland,0.97,5.0,0.1,2.0,3.3,3.3,0.46,,,,,
4,567,Horníček,GKP,Newcastle,3.91,5.0,1.2,1.0,3.3,3.3,0.84,,,,,
4,116,Dunk,DEF,Brighton,4.08,4.5,1.3,12.0,3.3,3.3,0.88,,,,,
4,384,Donnarumma,GKP,Man City,2.1,5.5,7.8,7.0,3.3,3.3,0.93,,,,,
4,447,Botman,DEF,Newcastle,2.75,5.0,0.7,2.0,3.0,3.0,0.72,,,,,
4,393,Khusanov,DEF,Man City,1.56,5.5,1.6,0.0,3.0,3.0,0.62,,,,,
4,305,Davis,DEF,Ipswich Town,4.26,4.0,5.1,14.0,3.0,3.0,0.84,,,,,
4,200,Lacroix,DEF,Chelsea,5.19,6.0,8.2,1.0,3.0,3.0,0.95,,,,,
4,362,Jacquet,DEF,Liverpool,6.04,5.0,2.7,9.0,3.0,3.0,0.84,,,,,
4,356,Virgil,DEF,Liverpool,5.54,6.5,17.3,8.0,3.0,3.0,1.0,,,,,
4,338,Ampadu,MID,Leeds,3.65,5.5,1.1,7.0,3.0,3.0,0.95,,,,,
4,161,Lavia,MID,Chelsea,1.84,5.0,0.2,2.0,3.0,3.0,0.44,,,,,
4,579,Araujo,DEF,Liverpool,4.81,5.4,2.2,6.0,3.0,3.0,0.59,,,,,
4,366,Wirtz,MID,Liverpool,4.54,7.4,8.7,3.0,3.0,3.0,0.82,,,,,
4,529,Roefs,GKP,Sunderland,1.89,5.0,3.2,2.0,3.0,3.0,0.95,,,,,
4,496,Kinsky,GKP,Spurs,1.68,4.5,18.9,7.0,3.0,3.0,0.49,,,,,
4,534,Hume,DEF,Sunderland,2.03,4.5,4.8,0.0,3.0,3.0,0.81,,,,,
4,536,Reinildo,DEF,Sunderland,1.84,4.5,0.4,-2.0,3.0,3.0,0.75,,,,,
4,503,Van de Ven,DEF,Spurs,3.56,5.0,3.8,6.0,4.5,3.0,0.83,,,,,
4,455,Tonali,MID,Spurs,2.5,5.4,2.7,3.0,3.0,3.0,0.88,,,,,
4,467,Sels,GKP,Nott'm Forest,1.72,5.0,1.4,3.0,3.0,3.0,0.87,,,,,
4,109,Verbruggen,GKP,Brighton,4.01,4.5,22.1,8.0,3.0,3.0,1.0,,,,,
4,541,Meunier,DEF,Sunderland,3.0,4.5,0.3,2.0,3.0,3.0,0.84,,,,,
4,558,Schlager,MID,Nott'm Forest,1.45,5.0,0.1,3.0,2.7,2.7,0.72,,,,,
4,36,Maatsen,DEF,Aston Villa,2.59,4.5,0.8,1.0,2.7,2.7,0.65,,,,,
4,43,Tielemans,MID,Man Utd,1.55,5.9,1.9,2.0,2.7,2.7,0.72,,,,,
4,295,McBurnie,FWD,Hull City,1.23,5.5,2.0,4.0,2.7,2.7,0.84,,,,,
4,148,Hato,DEF,Chelsea,2.56,4.5,0.8,0.0,2.7,2.7,0.57,,,,,
4,499,Pedro Porro,DEF,Spurs,3.19,5.5,11.5,0.0,4.0,2.7,0.78,,,,,
4,7,Lewis-Skelly,MID,Arsenal,1.21,5.5,0.7,1.0,2.7,2.7,0.46,,,,,
4,210,Wharton,MID,Crystal Palace,3.66,5.5,0.9,2.0,2.7,2.7,0.85,,,,,
4,516,Bentancur,MID,Spurs,1.75,5.5,0.2,3.0,2.7,2.7,0.63,,,,,
4,459,L.Miley,MID,Newcastle,1.91,5.5,0.1,0.0,2.7,2.7,0.62,,,,,
4,247,Hackney,MID,Everton,1.71,5.5,0.2,1.0,2.7,2.7,0.59,,,,,
4,481,Anderson,MID,Man City,2.15,6.3,4.7,5.0,2.7,2.7,0.98,,,,,
4,445,Thiaw,DEF,Newcastle,3.58,5.0,2.2,2.0,2.7,2.7,0.92,,,,,
4,138,Kostoulas,FWD,Brighton,1.66,5.5,0.5,10.0,2.7,2.7,0.28,,,,,
4,313,Clarke,MID,Ipswich Town,1.48,5.5,0.2,1.0,4.0,2.7,0.47,,,,,
4,267,Lukić,MID,Ipswich Town,2.13,5.0,0.1,1.0,2.7,2.7,0.7,,,,,
4,315,Fatawu,MID,Ipswich Town,2.43,5.5,0.2,1.0,2.7,2.7,0.84,,,,,
4,423,Shaw,DEF,Man Utd,2.57,4.4,14.4,0.0,2.3,2.3,1.0,,,,,
4,456,J.Ramsey,MID,Newcastle,0.75,4.9,0.3,0.0,2.3,2.3,0.25,,,,,
4,264,Bobb,MID,Fulham,1.36,5.5,0.3,3.0,2.3,2.3,0.56,,,,,
4,114,Boscagli,DEF,Brighton,2.39,4.5,0.3,6.0,2.3,2.3,0.52,,,,,
4,566,Silva,DEF,Bournemouth,4.63,5.0,0.4,3.0,2.3,2.3,0.84,,,,,
4,506,Udogie,DEF,Spurs,1.26,4.5,0.4,0.0,2.3,2.3,0.36,,,,,
4,51,George Hemmings,MID,Aston Villa,1.09,4.5,1.1,1.0,2.3,2.3,0.38,,,,,
4,643,Chilwell,DEF,Crystal Palace,4.65,4.5,0.2,1.0,7.0,1.8,0.47,,,,,
4,47,Kamara,MID,Aston Villa,1.69,5.0,0.3,2.0,2.3,2.3,0.65,,,,,
4,514,Tel,MID,Spurs,2.04,5.9,0.3,1.0,2.3,2.3,0.59,,,,,
4,46,Barkley,MID,Aston Villa,1.68,5.0,0.3,2.0,2.3,2.3,0.49,,,,,
4,486,McAtee,MID,Nott'm Forest,0.8,5.5,0.1,3.0,2.3,2.3,0.41,,,,,
4,439,Šeško,FWD,Man Utd,0.77,7.0,1.6,1.0,2.3,2.3,0.28,,,,,
4,418,Maguire,DEF,Man Utd,1.78,5.0,13.0,1.0,2.3,2.3,0.69,,,,,
4,32,Cash,DEF,Aston Villa,3.28,4.5,6.9,0.0,2.3,2.3,0.93,,,,,
4,33,Mings,DEF,Aston Villa,1.39,4.5,0.4,0.0,3.5,2.3,0.37,,,,,
4,70,Kluivert,MID,Bournemouth,2.06,6.0,1.0,8.0,2.3,2.3,0.54,,,,,
4,71,Cook,MID,Bournemouth,0.93,5.0,0.2,0.0,2.3,2.3,0.38,,,,,
4,41,Buendía,MID,Aston Villa,2.54,6.0,1.1,2.0,2.3,2.3,0.72,,,,,
4,371,Gravenberch,MID,Liverpool,2.68,5.9,1.5,1.0,2.3,2.3,0.68,,,,,
4,304,O'Shea,DEF,Ipswich Town,4.33,4.0,3.1,1.0,2.3,2.3,0.84,,,,,
4,259,Diop,DEF,Ipswich Town,1.93,4.0,15.1,1.0,2.3,2.3,0.51,,,,,
4,224,Nketiah,FWD,Crystal Palace,2.21,5.5,0.6,0.0,2.3,2.3,0.41,,,,,
4,649,Maitland-Niles,DEF,Everton,1.89,4.5,0.1,6.0,7.0,1.8,0.47,,,,,
4,576,Stroud,MID,Hull City,1.58,5.0,0.1,1.0,2.0,2.0,0.84,,,,,
4,358,Kerkez,DEF,Liverpool,4.13,5.4,2.8,1.0,2.0,2.0,0.82,,,,,
4,336,Okafor,MID,Leeds,2.9,5.9,0.3,9.0,2.0,2.0,0.56,,,,,
4,261,Iwobi,MID,Fulham,1.77,5.5,0.8,3.0,2.0,2.0,0.85,,,,,
4,588,Khalaili,DEF,Crystal Palace,5.63,5.0,0.2,7.0,2.0,2.0,0.72,,,,,
4,552,Brobbey,FWD,Sunderland,1.56,5.9,8.2,1.0,2.0,2.0,0.74,,,,,
4,250,Leno,GKP,Fulham,1.9,4.5,3.1,9.0,2.0,2.0,1.0,,,,,
4,545,Sadiki,MID,Sunderland,1.7,5.0,0.3,2.0,2.0,2.0,0.92,,,,,
4,246,Röhl,MID,Everton,1.33,5.0,0.1,0.0,2.0,2.0,0.47,,,,,
4,67,Rayan,MID,Bournemouth,2.13,6.4,2.1,2.0,2.0,2.0,0.59,,,,,
4,73,Adams,MID,Bournemouth,1.27,5.0,0.3,2.0,2.0,2.0,0.47,,,,,
4,429,Rashford,MID,Man Utd,1.47,7.0,1.6,2.0,2.0,2.0,0.72,,,,,
4,60,Hill,DEF,Bournemouth,2.78,5.5,0.8,2.0,2.0,2.0,0.74,,,,,
4,57,Petrović,GKP,Bournemouth,2.88,4.5,3.3,1.0,2.0,2.0,1.0,,,,,
4,37,Lindelöf,DEF,Aston Villa,1.75,4.5,0.3,1.0,2.0,2.0,0.56,,,,,
4,502,Robertson,DEF,Spurs,1.68,4.5,3.0,7.0,2.0,2.0,0.43,,,,,
4,564,Scherpen,GKP,Ipswich Town,3.8,4.5,0.6,1.0,2.0,2.0,0.84,,,,,
4,562,Maeda,MID,Ipswich Town,2.56,5.4,0.3,1.0,2.0,2.0,0.84,,,,,
4,184,Grimes,MID,Coventry City,3.19,5.0,0.2,2.0,2.0,2.0,0.84,,,,,
4,345,Tanaka,MID,Leeds,1.61,4.9,0.2,6.0,3.0,2.0,0.36,,,,,
4,309,Núñez,MID,Ipswich Town,2.14,5.0,0.1,0.0,3.0,2.0,0.72,,,,,
4,183,Rudoni,MID,Coventry City,3.13,5.0,0.1,2.0,2.0,2.0,0.72,,,,,
4,320,Akpom,FWD,Ipswich Town,1.11,5.0,1.1,0.0,3.0,2.0,0.47,,,,,
4,175,van Ewijk,DEF,Coventry City,5.75,4.0,11.3,0.0,2.0,2.0,0.84,,,,,
4,473,Aina,DEF,Nott'm Forest,1.6,4.5,2.9,2.0,2.0,2.0,0.67,,,,,
4,151,Acheampong,DEF,Chelsea,1.71,4.5,0.4,0.0,1.7,1.7,0.38,,,,,
4,176,Dasilva,DEF,Coventry City,5.71,4.0,0.7,0.0,1.7,1.7,0.84,,,,,
4,619,Palacios,MID,Ipswich Town,1.51,5.0,0.0,4.0,2.5,2.5,0.59,,,,,
4,28,Martinez,GKP,Chelsea,3.07,5.0,4.8,2.0,2.5,1.7,0.78,,,,,
4,337,Aaronson,MID,Leeds,3.33,5.4,0.6,1.0,1.7,1.7,0.74,,,,,
4,347,Nmecha,FWD,Leeds,1.07,5.4,0.5,1.0,2.5,1.7,0.16,,,,,
4,412,Lammens,GKP,Man Utd,1.88,5.0,12.7,2.0,1.7,1.7,0.9,,,,,
4,95,O.Dango,MID,Brentford,2.9,6.4,0.7,1.0,1.7,1.7,0.66,,,,,
4,31,Konsa,DEF,Arsenal,2.56,4.4,12.6,6.0,2.5,1.7,0.68,,,,,
4,61,Truffert,DEF,Bournemouth,3.62,5.5,3.6,3.0,1.7,1.7,1.0,,,,,
4,372,Mac Allister,MID,Liverpool,3.31,5.4,1.4,1.0,1.7,1.7,0.76,,,,,
4,575,Yirenkyi,MID,Coventry City,2.84,4.9,0.2,1.0,1.7,1.7,0.72,,,,,
4,598,Elvedi,DEF,Leeds,4.41,4.5,0.0,2.0,2.5,1.7,0.59,,,,,
4,198,Henderson,GKP,Crystal Palace,3.72,5.0,1.9,0.0,1.7,1.7,0.98,,,,,
4,492,Awoniyi,FWD,Coventry City,2.03,5.5,0.7,-2.0,1.7,1.7,0.3,,,,,
4,45,McGinn,MID,Aston Villa,2.91,5.4,2.3,6.0,1.7,1.7,0.84,,,,,
4,265,Berge,MID,Fulham,1.44,5.0,0.3,3.0,1.7,1.7,0.81,,,,,
4,110,Rushworth,GKP,Coventry City,5.38,4.5,1.0,0.0,1.7,1.7,0.84,,,,,
4,254,Robinson,DEF,Fulham,1.58,4.5,1.5,6.0,1.3,1.3,0.65,,,,,
4,155,Enzo,MID,Man City,2.09,6.9,3.2,2.0,2.0,1.3,0.7,,,,,
4,194,Thomas-Asante,FWD,Coventry City,1.6,5.0,0.8,1.0,1.3,1.3,0.59,,,,,
4,222,Strand Larsen,FWD,Crystal Palace,2.17,6.0,0.5,8.0,1.3,1.3,0.55,,,,,
4,580,Charles,MID,Fulham,1.17,5.0,0.1,5.0,1.3,1.3,0.59,,,,,
4,202,Richards,DEF,Crystal Palace,4.73,5.0,0.7,2.0,1.3,1.3,0.88,,,,,
4,401,Marmoush,FWD,Spurs,1.37,7.0,2.2,2.0,2.0,1.3,0.38,,,,,
4,190,Tchaouna,MID,Coventry City,2.89,5.5,0.1,0.0,1.3,1.3,0.72,,,,,
4,153,Disasi,DEF,Crystal Palace,4.37,4.5,0.1,-3.0,2.0,1.3,0.59,,,,,
4,419,Martinez,DEF,Man Utd,1.11,5.0,1.2,2.0,2.0,1.3,0.46,,,,,
4,105,Anthony,MID,Brentford,1.88,6.0,0.1,1.0,1.3,1.3,0.59,,,,,
4,162,Andrey Santos,MID,Man Utd,0.76,4.9,0.8,0.0,1.3,1.3,0.34,,,,,
4,491,Igor Jesus,FWD,Nott'm Forest,1.54,5.9,2.8,7.0,1.3,1.3,0.71,,,,,
4,522,Gray,MID,Spurs,1.56,5.0,0.2,3.0,2.0,1.3,0.55,,,,,
4,417,Dalot,DEF,Man Utd,1.99,4.9,2.0,2.0,1.3,1.3,0.73,,,,,
4,91,Pinnock,DEF,Coventry City,1.0,4.5,0.1,2.0,2.0,1.3,0.19,,,,,
4,106,Thiago,FWD,Brentford,4.51,7.9,12.3,1.0,1.3,1.3,0.98,,,,,
4,405,N.Gonzalez,MID,Newcastle,1.46,5.5,0.3,1.0,2.0,1.3,0.53,,,,,
4,93,Schuster,DEF,Brentford,2.81,4.5,0.1,3.0,4.0,1.3,0.47,,,,,
4,166,N.Jackson,FWD,Aston Villa,1.6,6.5,1.1,0.0,2.0,1.3,0.72,,,,,
4,129,Ayari,MID,Brighton,2.41,5.4,0.4,8.0,2.0,1.3,0.58,,,,,
4,260,Wilson,MID,Leeds,3.14,6.4,3.4,1.0,1.3,1.3,0.65,,,,,
4,182,Amenda,DEF,Coventry City,5.69,4.0,0.8,0.0,1.3,1.3,0.84,,,,,
4,104,Onyeka,MID,Coventry City,1.05,4.9,0.1,2.0,2.0,1.3,0.25,,,,,
4,90,Hickey,DEF,Brentford,0.51,4.5,0.1,1.0,1.0,1.0,0.13,,,,,
4,160,Garnacho,MID,Aston Villa,0.98,5.9,0.4,0.0,1.0,1.0,0.23,,,,,
4,519,Gallagher,MID,Spurs,1.4,5.4,0.2,0.0,1.5,1.0,0.48,,,,,
4,167,Delap,FWD,Nott'm Forest,0.74,5.5,0.8,5.0,1.5,1.0,0.32,,,,,
4,462,Steur,MID,Newcastle,1.73,4.9,0.1,2.0,1.0,1.0,0.59,,,,,
4,526,Solanke,FWD,Spurs,0.59,5.9,1.0,2.0,1.0,1.0,0.18,,,,,
4,525,Fernandes,MID,Spurs,1.99,5.9,1.1,3.0,1.0,1.0,0.7,,,,,
4,422,Mazraoui,DEF,Man Utd,0.75,4.5,0.6,0.0,1.0,1.0,0.31,,,,,
4,108,Wilson,FWD,Brentford,0.96,5.5,0.4,0.0,1.0,1.0,0.47,,,,,
4,145,Fofana,DEF,Chelsea,3.15,5.0,0.1,1.0,1.5,1.0,0.58,,,,,
4,369,Ngumoha,MID,Liverpool,1.17,5.8,0.6,1.0,1.5,1.0,0.21,,,,,
4,144,Gusto,DEF,Chelsea,3.37,5.0,1.1,1.0,1.0,1.0,0.68,,,,,
4,585,Herrington,DEF,Hull City,1.84,4.0,0.6,1.0,1.0,1.0,0.47,,,,,
4,589,Gourna-Douath,MID,Hull City,1.18,5.0,0.0,0.0,1.5,1.0,0.59,,,,,
4,186,Mason-Clark,MID,Coventry City,2.85,5.4,0.1,1.0,1.5,1.0,0.72,,,,,
4,323,McAteer,MID,Ipswich Town,1.46,4.5,1.3,0.0,1.0,1.0,0.47,,,,,
4,592,Ouattara,DEF,Ipswich Town,2.78,4.0,0.9,1.0,1.0,1.0,0.47,,,,,
4,583,Chavarria,DEF,Chelsea,3.83,4.9,0.2,1.0,1.0,1.0,0.47,,,,,
4,195,Simms,FWD,Coventry City,1.67,5.0,0.8,0.0,1.5,1.0,0.59,,,,,
4,584,Hamer,MID,Coventry City,1.88,5.4,0.1,0.0,1.0,1.0,0.47,,,,,
4,269,Sessegnon,DEF,Fulham,0.91,4.5,0.4,0.0,1.0,1.0,0.33,,,,,
4,209,Johnson,MID,Everton,1.38,5.9,0.1,3.0,1.0,1.0,0.44,,,,,
4,403,Sávio,MID,Spurs,1.02,6.5,0.7,3.0,3.0,1.0,0.24,,,,,
4,498,Senesi,DEF,Spurs,2.94,5.9,5.0,0.0,3.0,1.0,0.73,,,,,
4,241,McNeil,MID,Crystal Palace,1.54,5.4,0.1,0.0,1.5,1.0,0.36,,,,,
4,257,Bassey,DEF,Fulham,1.85,4.5,0.7,6.0,1.0,1.0,0.84,,,,,
4,255,J.Cuenca,DEF,Fulham,0.71,4.5,0.0,0.0,3.0,1.0,0.31,,,,,
4,19,Zubimendi,MID,Arsenal,1.84,5.4,0.7,1.0,1.0,1.0,0.56,,,,,
4,188,Torp,MID,Coventry City,1.88,5.4,0.1,1.0,1.0,0.7,0.47,,,,,
4,478,Netz,DEF,Nott'm Forest,0.1,4.5,0.0,0.0,1.0,0.7,0.05,,,,,
4,617,Cho,MID,Hull City,1.22,5.0,0.0,1.0,1.0,1.0,0.47,,,,,
4,611,Wan-Bissaka,DEF,Aston Villa,1.41,4.5,0.2,3.0,1.0,1.0,0.47,,,,,
4,306,Greaves,DEF,Ipswich Town,4.13,4.0,1.3,1.0,0.7,0.7,0.84,,,,,
4,596,Ruggeri,DEF,Aston Villa,2.89,4.5,0.1,0.0,1.0,0.7,0.47,,,,,
4,490,Wood,FWD,Nott'm Forest,0.45,5.9,1.1,1.0,1.0,0.7,0.18,,,,,
4,42,Guessand,MID,Crystal Palace,0.64,5.5,0.0,0.0,1.0,0.7,0.15,,,,,
4,203,Canvot,DEF,Crystal Palace,2.92,4.9,0.2,0.0,0.7,0.7,0.6,,,,,
4,577,Tomiyasu,DEF,Crystal Palace,4.49,4.5,0.3,0.0,1.0,0.7,0.59,,,,,
4,488,I.Sangaré,MID,Nott'm Forest,0.99,4.9,0.6,1.0,2.0,0.7,0.54,,,,,
4,512,Kudus,MID,Spurs,1.04,6.5,0.1,1.0,1.0,0.7,0.31,,,,,
4,56,Abraham,FWD,Aston Villa,0.16,5.5,0.2,1.0,1.0,0.7,0.03,,,,,
4,52,Alysson,MID,Aston Villa,0.0,5.0,0.0,6.0,0.7,0.7,0.0,,,,,
4,253,Andersen,DEF,Fulham,1.9,5.0,0.1,0.0,1.0,0.7,0.79,,,,,
4,207,Mingueza,DEF,Crystal Palace,3.88,4.4,0.1,0.0,1.0,0.7,0.47,,,,,
4,415,Dorgu,MID,Man Utd,0.91,5.9,0.7,4.0,0.7,0.7,0.37,,,,,
4,621,McAidoo,MID,Man City,2.22,4.5,0.1,0.0,1.0,1.0,0.47,,,,,
4,406,Kovačić,MID,Man City,0.04,5.4,0.1,0.0,1.0,0.7,0.02,,,,,
4,616,Bouaddi,MID,Man City,1.2,5.5,0.1,0.0,1.0,1.0,0.47,,,,,
4,375,Nyoni,MID,Liverpool,0.0,4.9,0.0,0.0,1.0,0.7,0.0,,,,,
4,420,Yoro,DEF,Man Utd,0.77,4.9,0.5,0.0,1.0,0.7,0.3,,,,,
4,381,Koumas,MID,Liverpool,1.9,5.0,0.0,0.0,1.0,0.7,0.47,,,,,
4,102,Yarmoliuk,MID,Brentford,1.34,4.9,0.8,4.0,0.7,0.7,0.49,,,,,
4,600,Osman,MID,Brighton,1.94,5.0,0.0,1.0,1.0,0.7,0.47,,,,,
4,64,Smith,DEF,Bournemouth,1.86,4.5,0.1,0.0,0.7,0.7,0.6,,,,,
4,113,F.Kadıoğlu,DEF,Brighton,3.83,4.4,1.9,6.0,1.0,0.7,0.81,,,,,
4,142,James,DEF,Chelsea,2.99,5.4,7.9,1.0,0.7,0.7,0.58,,,,,
4,157,Estêvão,MID,Chelsea,1.22,6.4,0.8,1.0,1.0,0.7,0.2,,,,,
4,331,Gudmundsson,DEF,Leeds,3.07,4.5,0.0,6.0,2.0,0.7,0.64,,,,,
4,457,J.Murphy,MID,Newcastle,1.15,5.9,0.1,0.0,0.7,0.7,0.31,,,,,
4,608,Jebbison,FWD,Bournemouth,1.99,5.0,0.1,0.0,1.0,0.7,0.47,,,,,
4,75,Christie,MID,Bournemouth,0.49,5.0,0.0,1.0,1.0,0.7,0.15,,,,,
4,74,Brooks,MID,Bournemouth,1.11,5.0,0.1,0.0,1.0,0.7,0.21,,,,,
4,72,Gannon-Doak,MID,Bournemouth,0.0,4.9,0.1,1.0,1.0,0.7,0.0,,,,,
4,119,Costinha,DEF,Brighton,3.98,4.5,0.0,1.0,0.7,0.7,0.47,,,,,
4,263,Kevin,MID,Fulham,0.33,5.4,0.0,1.0,1.0,0.7,0.15,,,,,
4,548,Rigg,MID,Sunderland,0.37,4.9,0.1,0.0,1.0,0.7,0.18,,,,,
4,34,Pau,DEF,Aston Villa,1.94,4.5,0.4,1.0,1.0,0.7,0.55,,,,,
4,262,Smith Rowe,MID,Fulham,0.86,5.4,0.3,1.0,1.0,0.7,0.36,,,,,
4,14,Eze,MID,Arsenal,1.51,6.4,1.3,1.0,1.0,0.7,0.36,,,,,
4,17,Merino,MID,Arsenal,0.74,5.9,0.5,1.0,0.7,0.7,0.16,,,,,
4,9,Hincapie,DEF,Arsenal,1.42,5.3,1.1,0.0,1.0,0.7,0.33,,,,,
4,271,Muniz,FWD,Fulham,0.37,5.4,0.5,1.0,1.0,0.7,0.16,,,,,
4,644,Timber,MID,Crystal Palace,1.76,5.0,0.0,4.0,2.0,1.5,0.59,,,,,
4,501,Danso,DEF,Sunderland,1.03,5.0,0.2,1.0,2.0,0.7,0.4,,,,,
4,238,Grealish,MID,Everton,1.02,6.5,0.3,1.0,1.0,0.7,0.3,,,,,
4,16,Madueke,MID,Arsenal,0.94,6.3,0.2,0.0,1.0,0.7,0.26,,,,,
4,450,Livramento,DEF,Newcastle,0.84,4.9,0.0,3.0,1.0,0.3,0.23,,,,,
4,89,Henry,DEF,Brentford,0.75,4.5,0.2,0.0,1.0,0.3,0.23,,,,,
4,29,M.Bizot,GKP,Aston Villa,0.58,4.5,0.1,0.0,1.0,0.3,0.22,,,,,
4,149,Colwill,DEF,Chelsea,1.31,4.9,1.2,1.0,0.5,0.3,0.28,,,,,
4,343,James,MID,Leeds,0.44,5.0,0.1,1.0,1.0,0.3,0.1,,,,,
4,321,Walle Egeli,FWD,Ipswich Town,0.94,4.5,3.4,0.0,1.0,0.3,0.47,,,,,
4,201,Muñoz,DEF,Nott'm Forest,1.76,5.4,6.1,2.0,0.5,0.3,0.6,,,,,
4,81,Rodríguez,FWD,Bournemouth,0.94,6.0,0.1,1.0,1.0,0.3,0.47,,,,,
4,634,Fernandez-Pardo,FWD,Newcastle,0.94,6.0,0.1,1.0,1.0,2.1,0.47,,,,,
4,568,Barco,MID,Chelsea,1.94,5.5,0.1,0.0,1.0,0.3,0.47,,,,,
4,559,Bamba,MID,Newcastle,1.4,4.9,0.1,1.0,1.0,0.3,0.47,,,,,
4,640,Flemming,FWD,Ipswich Town,1.14,5.5,0.0,5.0,1.0,1.8,0.47,,,,,
4,76,Tóth.A,MID,Bournemouth,0.1,5.0,0.0,0.0,1.0,0.3,0.03,,,,,
4,35,Bogarde,MID,Aston Villa,0.43,5.0,0.1,0.0,1.0,0.3,0.18,,,,,
4,520,Bergvall,MID,Spurs,0.94,5.4,0.2,1.0,1.0,0.3,0.31,,,,,
4,185,Sakamoto,MID,Coventry City,1.91,4.9,0.1,0.0,1.0,0.3,0.47,,,,,
4,482,Hudson-Odoi,MID,Nott'm Forest,0.79,5.9,0.2,0.0,1.0,0.3,0.35,,,,,
4,549,Talbi,MID,Sunderland,0.55,5.4,0.2,0.0,1.0,0.3,0.26,,,,,
4,574,Hjertø-Dahl,MID,Hull City,0.96,4.9,0.1,0.0,1.0,0.3,0.47,,,,,
4,638,Norton-Cuffy,DEF,Hull City,1.52,4.0,0.2,0.0,1.0,1.0,0.47,,,,,
4,646,Fofana,MID,Sunderland,0.68,5.5,0.0,1.0,1.0,2.0,0.47,,,,,
4,135,Yohanna,MID,Brighton,1.92,4.9,0.1,0.0,1.0,0.3,0.47,,,,,
4,328,Struijk,DEF,Brighton,2.86,5.0,0.2,1.0,1.0,0.3,0.54,,,,,
4,594,David,FWD,Brighton,1.35,6.0,0.2,0.0,0.5,0.3,0.47,,,,,
4,395,Lewis,DEF,Man City,0.55,4.5,0.2,0.0,1.0,0.3,0.19,,,,,
4,396,Vitor Reis,DEF,Man City,1.97,4.5,0.0,0.0,1.0,0.3,0.47,,,,,
4,622,Braithwaite,DEF,Man City,1.97,4.0,0.2,0.0,1.0,0.5,0.47,,,,,
4,421,Heaven,DEF,Man Utd,0.75,4.4,0.3,0.0,1.0,0.3,0.31,,,,,
4,535,Alderete,DEF,Sunderland,1.25,4.9,0.3,0.0,1.0,0.3,0.53,,,,,
4,627,Barcola,MID,Liverpool,2.08,8.0,1.7,3.0,1.0,2.8,0.47,,,,,
4,25,Gyökeres,FWD,Arsenal,1.8,7.3,4.2,0.0,1.0,0.3,0.43,,,,,
4,389,Matheus N.,DEF,Man City,1.36,5.9,1.0,9.0,1.0,0.3,0.53,,,,,
4,642,Thomas,MID,Hull City,0.98,5.5,0.0,1.0,1.0,2.0,0.47,,,,,
4,539,O'Nien,DEF,Sunderland,0.46,4.0,2.8,0.0,1.0,0.3,0.21,,,,,
4,547,Mundle,MID,Sunderland,0.08,4.9,0.0,0.0,1.0,0.3,0.03,,,,,
4,136,Welbeck,FWD,Chelsea,2.36,5.9,0.8,1.0,1.0,0.3,0.43,,,,,
4,446,Schär,DEF,Newcastle,0.74,5.0,0.2,0.0,1.0,0.3,0.18,,,,,
4,452,Bruno G.,MID,Arsenal,1.75,6.8,1.9,7.0,1.0,0.3,0.44,,,,,
4,164,Quenda,MID,Chelsea,1.92,5.4,0.0,0.0,1.0,0.3,0.47,,,,,
4,435,Lacey,MID,Man Utd,0.0,5.0,0.1,0.0,1.0,0.3,0.0,,,,,
4,357,Frimpong,DEF,Liverpool,2.31,5.4,2.6,1.0,0.5,0.3,0.45,,,,,
4,339,Longstaff,MID,Leeds,0.74,4.9,0.1,1.0,1.0,0.3,0.16,,,,,
4,461,Touré,MID,Newcastle,1.44,5.9,0.1,6.0,1.0,0.3,0.47,,,,,
4,364,Tsimikas,DEF,Liverpool,3.89,4.9,0.1,1.0,1.0,0.3,0.47,,,,,
4,487,Dominguez,MID,Nott'm Forest,0.55,4.9,0.1,0.0,1.0,0.3,0.28,,,,,
4,212,Hughes,MID,Crystal Palace,1.23,4.5,9.1,1.0,1.0,0.3,0.31,,,,,
4,635,Larsson,MID,Fulham,4.31,5.0,0.0,1.0,1.0,1.5,0.47,,,,,
4,240,Iroegbunam,MID,Hull City,0.48,5.0,0.0,0.0,1.0,0.3,0.28,,,,,
4,556,Targett,DEF,Hull City,1.95,4.0,2.0,0.0,1.0,0.3,0.47,,,,,
4,563,Morita,MID,Hull City,1.18,5.0,0.0,0.0,1.0,0.3,0.59,,,,,
4,581,Diomande,DEF,Nott'm Forest,1.97,5.4,0.6,4.0,1.0,0.3,0.47,,,,,
4,308,Furlong,DEF,Ipswich Town,2.84,4.0,0.5,0.0,1.0,0.3,0.47,,,,,
4,493,Kalimuendo,FWD,Nott'm Forest,0.0,5.4,0.1,0.0,1.0,0.3,0.0,,,,,
4,595,Gozo,MID,Crystal Palace,1.91,5.0,0.0,1.0,1.0,0.3,0.47,,,,,
4,243,Alcaraz,MID,Everton,0.33,5.0,0.1,0.0,0.5,0.3,0.1,,,,,
4,578,Mudryk,MID,Spurs,1.43,5.4,0.1,0.0,1.0,0.3,0.47,,,,,
4,285,McNair,DEF,Hull City,1.85,4.0,0.1,0.0,1.0,0.3,0.47,,,,,
4,647,Osorio,MID,Crystal Palace,1.31,5.5,0.0,0.0,1.0,2.0,0.47,,,,,
4,50,Burrowes,MID,Aston Villa,0.0,4.5,0.7,0.0,0.0,0.0,0.0,,,,,
4,120,Svoboda,DEF,Brighton,3.93,5.0,0.1,0.0,0.0,0.0,0.47,,,,,
4,117,Coppola,DEF,Brighton,0.12,4.5,0.0,0.0,0.0,0.0,0.03,,,,,
4,111,Steele,GKP,Brighton,3.75,4.0,4.3,0.0,0.0,0.0,0.47,,,,,
4,444,Jaouen,GKP,Newcastle,2.81,4.5,0.0,0.0,0.0,0.0,0.47,,,,,
4,443,Gillespie,GKP,Newcastle,2.81,4.5,0.0,0.0,0.0,0.0,0.47,,,,,
4,442,Pope,GKP,Newcastle,1.45,4.9,1.1,0.0,0.0,0.0,0.44,,,,,
4,441,Obi,FWD,Man Utd,0.63,4.5,1.2,0.0,0.0,0.0,0.47,,,,,
4,232,O'Brien,DEF,Everton,2.04,4.9,0.3,1.0,0.0,0.0,0.58,,,,,
4,440,Zirkzee,FWD,Man Utd,0.21,5.4,0.4,1.0,0.0,0.0,0.08,,,,,
4,508,Davies,DEF,Spurs,0.21,4.0,0.9,0.0,0.0,0.0,0.03,,,,,
4,438,Fletcher,MID,Man Utd,0.0,4.5,0.3,0.0,0.0,0.0,0.0,,,,,
4,325,Darlow,GKP,Man Utd,0.75,4.5,0.0,0.0,0.0,0.0,0.36,,,,,
4,245,Dibling,MID,Everton,0.17,5.4,0.0,0.0,0.0,0.0,0.07,,,,,
4,653,Samba,MID,Man City,0.96,4.5,0.0,0.0,0.0,1.0,0.47,,,,,
4,654,Graham,MID,Everton,1.44,4.5,0.0,0.0,0.0,1.0,0.47,,,,,
4,628,Allan,MID,Man City,0.96,6.0,0.0,0.0,0.0,2.2,0.47,,,,,
4,251,Lecomte,GKP,Fulham,1.88,4.0,1.2,0.0,0.0,0.0,0.47,,,,,
4,437,Bendito Mantato,MID,Man Utd,0.0,4.5,0.2,0.0,0.0,0.0,0.0,,,,,
4,107,Furo,FWD,Brentford,0.0,4.5,1.1,0.0,0.0,0.0,0.0,,,,,
4,100,Carvalho,MID,Brentford,0.09,5.0,0.0,0.0,0.0,0.0,0.02,,,,,
4,92,Ji-soo,DEF,Brentford,2.95,4.5,0.0,0.0,0.0,0.0,0.47,,,,,
4,587,Rulli,GKP,Man City,1.88,5.0,0.0,0.0,0.0,0.0,0.47,,,,,
4,147,Tosin,DEF,Spurs,0.45,4.4,0.2,1.0,0.0,0.0,0.13,,,,,
4,495,Austin,GKP,Spurs,2.81,4.0,1.0,0.0,0.0,0.0,0.47,,,,,
4,497,Dubravka,GKP,Spurs,1.45,4.0,17.9,0.0,0.0,0.0,0.58,,,,,
4,66,Soler,DEF,Bournemouth,0.0,4.0,0.3,0.0,0.0,0.0,0.0,,,,,
4,38,A.García,DEF,Aston Villa,0.04,4.0,1.7,0.0,0.0,0.0,0.02,,,,,
4,62,Diakité,DEF,Bournemouth,0.77,5.0,0.2,0.0,0.0,0.0,0.25,,,,,
4,430,Mount,MID,Man Utd,0.46,5.4,0.0,0.0,0.0,0.0,0.2,,,,,
4,476,O.Richards,DEF,Nott'm Forest,1.97,4.0,0.2,0.0,0.0,0.0,0.47,,,,,
4,524,Olusesi,MID,Spurs,0.0,4.5,0.7,0.0,0.0,0.0,0.0,,,,,
4,58,Forster,GKP,Bournemouth,2.81,4.0,3.4,0.0,0.0,0.0,0.47,,,,,
4,631,Mbaye,MID,Aston Villa,1.44,6.0,0.1,1.0,0.0,2.2,0.47,,,,,
4,630,Harwood-Bellis,DEF,Aston Villa,2.95,4.5,0.0,0.0,0.0,1.8,0.47,,,,,
4,618,Goretzka,MID,Aston Villa,1.44,6.0,0.1,0.0,0.0,0.0,0.47,,,,,
4,651,J.Angulo,FWD,Sunderland,0.63,4.5,0.3,0.0,0.0,1.0,0.47,,,,,
4,606,Rowe,DEF,Aston Villa,2.95,4.0,0.2,0.0,0.0,0.0,0.47,,,,,
4,509,Byfield,DEF,Spurs,0.0,4.0,0.1,0.0,0.0,0.0,0.0,,,,,
4,434,J.Fletcher,MID,Man Utd,0.0,5.0,0.0,0.0,0.0,0.0,0.0,,,,,
4,510,Rowswell,DEF,Spurs,0.0,4.0,0.1,0.0,0.0,0.0,0.0,,,,,
4,424,Amass,DEF,Man Utd,1.97,4.0,0.2,0.0,0.0,0.0,0.47,,,,,
4,228,King,GKP,Everton,2.81,4.5,0.0,0.0,0.0,0.0,0.47,,,,,
4,83,Valdimarsson,GKP,Brentford,0.06,4.5,0.1,0.0,0.0,0.0,0.02,,,,,
4,615,Di Gregorio,GKP,Bournemouth,2.81,4.5,0.0,0.0,0.0,0.0,0.47,,,,,
4,489,Yates,MID,Nott'm Forest,0.06,4.5,1.4,0.0,0.0,0.0,0.03,,,,,
4,573,Sanchez,DEF,Bournemouth,2.95,4.5,0.2,0.0,0.0,0.0,0.47,,,,,
4,227,Travers,GKP,Everton,2.81,5.0,0.0,0.0,0.0,0.0,0.47,,,,,
4,468,John,GKP,Nott'm Forest,0.17,4.5,0.1,0.0,0.0,0.0,0.08,,,,,
4,609,Shahar,DEF,Newcastle,2.95,4.0,0.3,0.0,0.0,0.0,0.47,,,,,
4,590,Benda,GKP,Nott'm Forest,1.88,4.5,0.1,0.0,0.0,0.0,0.47,,,,,
4,231,Keane,DEF,Everton,1.76,4.9,1.0,0.0,0.0,0.0,0.48,,,,,
4,340,Gelhardt,MID,Hull City,0.96,5.0,0.0,0.0,0.0,0.0,0.47,,,,,
4,599,Cherif,FWD,Coventry City,1.25,5.0,0.1,1.0,0.0,0.0,0.47,,,,,
4,623,Bentley,GKP,Coventry City,3.75,4.0,0.3,0.0,0.0,0.0,0.47,,,,,
4,199,Benitez,GKP,Crystal Palace,0.07,4.5,0.1,2.0,0.0,0.0,0.02,,,,,
4,213,Lerma,MID,Crystal Palace,1.22,4.9,0.1,1.0,0.0,0.0,0.3,,,,,
4,217,M.França,MID,Crystal Palace,1.93,4.9,0.0,0.0,0.0,0.0,0.47,,,,,
4,218,Doucouré,MID,Crystal Palace,1.93,4.9,0.1,0.0,0.0,0.0,0.47,,,,,
4,219,J.Rak-Sakyi,MID,Crystal Palace,1.93,5.0,0.0,0.0,0.0,0.0,0.47,,,,,
4,288,Dowell,MID,Hull City,0.96,4.5,0.4,0.0,0.0,0.0,0.47,,,,,
4,189,Shepherd,MID,Coventry City,1.93,4.5,0.3,0.0,0.0,0.0,0.47,,,,,
4,632,Ansah,FWD,Hull City,0.63,5.0,0.0,0.0,0.0,1.4,0.47,,,,,
4,637,Vaz,FWD,Hull City,0.63,5.0,0.0,1.0,0.0,1.4,0.47,,,,,
4,645,Mouzakitis,MID,Hull City,0.96,5.0,0.0,0.0,0.0,1.5,0.47,,,,,
4,301,Palmer,GKP,Ipswich Town,2.81,4.0,4.2,0.0,0.0,0.0,0.47,,,,,
4,302,Button,GKP,Ipswich Town,2.81,4.0,0.5,0.0,0.0,0.0,0.47,,,,,
4,303,Kipré,DEF,Ipswich Town,2.95,4.0,0.5,0.0,0.0,0.0,0.47,,,,,
4,296,Akintola,MID,Hull City,0.96,5.0,0.0,0.0,0.0,0.0,0.47,,,,,
4,300,Walton,GKP,Ipswich Town,2.81,4.5,0.4,0.0,0.0,0.0,0.47,,,,,
4,272,Kusi-Asare,FWD,Fulham,0.0,4.5,6.4,0.0,0.0,0.0,0.0,,,,,
4,601,Williams-Barnett,MID,Spurs,1.44,4.5,0.1,0.0,0.0,0.0,0.47,,,,,
4,531,Ellborg,GKP,Sunderland,0.1,4.5,0.1,0.0,0.0,0.0,0.05,,,,,
4,550,Jocelin.T,MID,Sunderland,0.03,5.0,0.0,0.0,0.0,0.0,0.02,,,,,
4,3,Meslier,GKP,Arsenal,2.81,4.9,0.0,0.0,0.0,0.0,0.47,,,,,
4,292,Ömür,MID,Hull City,0.96,4.9,0.0,0.0,0.0,0.0,0.47,,,,,
4,612,Methalie,DEF,Sunderland,1.97,4.5,0.0,0.0,0.0,0.0,0.47,,,,,
4,613,Ahoka,MID,Sunderland,0.96,4.5,0.2,0.0,0.0,0.0,0.47,,,,,
4,256,Tete,DEF,Fulham,0.9,4.5,0.2,0.0,0.0,0.0,0.35,,,,,
4,20,Dowman,MID,Arsenal,0.11,5.3,0.1,0.0,0.0,0.0,0.02,,,,,
4,2,Arrizabalaga,GKP,Arsenal,0.06,4.9,0.1,0.0,0.0,0.0,0.02,,,,,
4,626,Zepa,MID,Fulham,0.96,4.5,0.3,0.0,0.0,0.0,0.47,,,,,
4,636,Ángel,MID,Fulham,0.96,5.0,0.0,0.0,0.0,1.5,0.47,,,,,
4,650,Affengruber,DEF,Fulham,1.97,4.5,0.0,8.0,0.0,1.8,0.47,,,,,
4,273,Phillips,GKP,Hull City,1.88,4.0,1.5,0.0,0.0,0.0,0.47,,,,,
4,270,Reed,MID,Fulham,0.04,4.5,1.2,0.0,0.0,0.0,0.02,,,,,
4,284,McCarthy,DEF,Hull City,1.97,4.0,0.1,0.0,0.0,0.0,0.47,,,,,
4,221,Drakes-Thomas,MID,Crystal Palace,0.0,4.5,0.1,0.0,0.0,0.0,0.0,,,,,
4,555,Matthews,GKP,Crystal Palace,3.75,4.0,1.8,0.0,0.0,0.0,0.47,,,,,
4,633,Ahanor,DEF,Crystal Palace,3.93,4.5,0.0,3.0,0.0,1.8,0.47,,,,,
4,392,Aït-Nouri,DEF,Man City,0.58,5.4,0.5,0.0,0.0,0.0,0.2,,,,,
4,126,O'Riley,MID,Brighton,0.24,5.5,0.1,1.0,0.0,0.0,0.03,,,,,
4,361,Lucky,DEF,Liverpool,3.93,4.0,0.1,0.0,0.0,0.0,0.47,,,,,
4,614,Hadjam,DEF,Brighton,3.93,4.5,0.0,0.0,0.0,0.0,0.47,,,,,
4,187,Eccles,MID,Coventry City,1.93,4.9,0.0,0.0,0.0,0.0,0.47,,,,,
4,158,Gittens,MID,Chelsea,0.39,5.9,0.0,0.0,0.0,0.0,0.08,,,,,
4,639,Andrés,MID,Brighton,1.93,5.5,0.0,4.0,0.0,2.0,0.47,,,,,
4,620,Diouf,DEF,Brentford,2.95,4.5,0.1,1.0,0.0,0.0,0.47,,,,,
4,134,Oriola,MID,Brighton,0.0,4.5,0.3,0.0,0.0,0.0,0.0,,,,,
4,386,Bettinelli,GKP,Man City,1.88,4.5,0.0,0.0,0.0,0.0,0.47,,,,,
4,374,Endo,MID,Liverpool,0.05,5.0,0.1,0.0,0.0,0.0,0.02,,,,,
4,378,McConnell,MID,Liverpool,1.93,4.5,0.2,0.0,0.0,0.0,0.47,,,,,
4,382,Danns,FWD,Liverpool,1.25,4.5,0.1,0.0,0.0,0.0,0.47,,,,,
4,324,Mehmeti,MID,Ipswich Town,1.44,4.9,0.0,0.0,0.0,0.0,0.47,,,,,
4,571,Florentino,MID,Ipswich Town,1.44,4.9,0.1,1.0,0.0,0.0,0.47,,,,,
4,169,Mheuka,FWD,Chelsea,0.0,4.5,0.4,0.0,0.0,0.0,0.0,,,,,
4,170,Emegha,FWD,Chelsea,1.25,5.0,0.2,0.0,0.0,0.0,0.47,,,,,
4,560,Penders,GKP,Chelsea,3.75,4.5,0.1,0.0,0.0,0.0,0.47,,,,,
4,561,Anselmino,DEF,Chelsea,3.93,4.5,0.0,0.0,0.0,0.0,0.47,,,,,
4,178,Bidwell,DEF,Coventry City,3.93,4.0,0.1,0.0,0.0,0.0,0.47,,,,,
4,179,Latibeaudiere,DEF,Coventry City,3.93,4.0,0.0,0.0,0.0,0.0,0.47,,,,,
4,172,Wilson,GKP,Coventry City,3.75,4.5,0.4,0.0,0.0,0.0,0.47,,,,,
4,648,Bahoya,MID,Leeds,1.93,5.0,0.0,0.0,0.0,1.5,0.47,,,,,
4,351,Mamardashvili,GKP,Liverpool,0.66,4.9,0.1,0.0,0.0,0.0,0.16,,,,,
4,352,Woodman,GKP,Liverpool,0.11,4.0,1.1,0.0,0.0,0.0,0.03,,,,,
4,355,Davies,GKP,Liverpool,3.75,4.0,0.2,0.0,0.0,0.0,0.47,,,,,
4,603,Lienou,DEF,Leeds,3.93,4.0,0.1,0.0,0.0,0.0,0.47,,,,,
4,604,Cresswell,MID,Leeds,1.93,4.5,0.1,0.0,0.0,0.0,0.47,,,,,
4,625,Cairns,GKP,Leeds,3.75,4.0,0.2,0.0,0.0,0.0,0.47,,,,,
4,629,Zetterer,GKP,Leeds,3.75,4.0,0.4,0.0,0.0,1.0,0.47,,,,,
4,641,Bard,DEF,Leeds,3.93,4.5,0.0,1.0,0.0,1.8,0.47,,,,,
5,330,Bogle,DEF,Leeds,4.14,4.5,2.8,5.0,9.2,9.2,0.91,,,,,
5,124,Groß,MID,Brighton,1.79,5.6,18.4,14.0,8.2,8.2,0.71,,,,,
5,165,João Pedro,FWD,Chelsea,3.81,7.8,75.2,0.0,8.2,8.2,0.9,,,,,
5,411,Haaland,FWD,Man City,6.86,15.5,72.3,6.0,8.2,8.2,0.94,,,,,
5,391,Gvardiol,DEF,Man City,4.11,5.7,22.8,4.0,8.2,8.2,0.68,,,,,
5,115,De Cuyper,DEF,Brighton,2.14,4.8,23.5,6.0,8.0,8.0,0.69,,,,,
5,12,Saka,MID,Arsenal,4.48,9.5,12.1,2.0,7.5,7.5,0.81,,,,,
5,94,Schade,MID,Brentford,2.64,6.0,5.8,9.0,7.5,7.5,0.91,,,,,
5,367,Gakpo,MID,Liverpool,3.39,7.2,12.1,3.0,7.2,7.2,0.8,,,,,
5,68,Tavernier,MID,Bournemouth,2.75,6.1,5.3,2.0,7.2,7.2,0.9,,,,,
5,426,B.Fernandes,MID,Man Utd,5.05,12.0,41.8,2.0,7.2,7.2,0.96,,,,,
5,229,Tarkowski,DEF,Everton,5.29,6.1,13.1,14.0,7.2,7.2,0.99,,,,,
5,1,Raya,GKP,Arsenal,3.88,6.0,40.3,1.0,7.2,7.2,0.99,,,,,
5,572,Tzolakis,GKP,Hull City,3.97,4.6,10.8,6.0,7.0,7.0,0.86,,,,,
5,8,Calafiori,DEF,Arsenal,4.31,5.8,50.1,1.0,7.0,7.0,0.77,,,,,
5,69,Scott,MID,Bournemouth,2.15,6.1,5.9,2.0,7.0,7.0,0.94,,,,,
5,40,Rogers,MID,Chelsea,3.92,7.7,37.4,2.0,6.8,6.8,0.99,,,,,
5,286,Belloumi,MID,Hull City,2.58,5.0,2.9,4.0,6.8,6.8,0.86,,,,,
5,15,Ødegaard,MID,Arsenal,2.67,6.7,19.2,2.0,6.8,6.8,0.68,,,,,
5,480,Gibbs-White,MID,Nott'm Forest,5.55,7.9,11.6,2.0,6.5,6.5,0.96,,,,,
5,399,Cherki,MID,Man City,3.97,7.8,28.5,8.0,6.5,6.5,0.61,,,,,
5,279,Ajayi,DEF,Hull City,4.55,4.2,13.6,1.0,6.5,6.5,0.86,,,,,
5,388,Guéhi,DEF,Man City,5.85,6.0,18.5,4.0,6.5,6.5,0.96,,,,,
5,154,Palmer,MID,Chelsea,3.84,9.7,26.8,2.0,6.5,6.5,0.8,,,,,
5,277,Egan,DEF,Hull City,4.83,4.1,6.7,1.0,6.2,6.2,0.86,,,,,
5,379,Isak,FWD,Liverpool,2.16,9.1,22.1,8.0,6.2,6.2,0.56,,,,,
5,98,Janelt,MID,Brentford,1.45,5.0,2.4,3.0,6.2,6.2,0.66,,,,,
5,4,Gabriel,DEF,Arsenal,4.54,8.0,23.5,1.0,6.0,6.0,0.88,,,,,
5,504,Vuskovic,DEF,Brighton,2.9,5.0,3.2,8.0,6.0,6.0,0.86,,,,,
5,282,Giles,DEF,Hull City,4.16,4.0,2.4,0.0,6.0,6.0,0.86,,,,,
5,316,Emersonn,FWD,Ipswich Town,2.15,5.5,2.5,2.0,6.0,6.0,0.86,,,,,
5,427,Mbeumo,MID,Man Utd,4.73,7.9,22.9,2.0,5.8,5.8,0.9,,,,,
5,305,Davis,DEF,Ipswich Town,4.46,4.0,6.1,2.0,5.8,5.8,0.86,,,,,
5,268,King,MID,Fulham,1.55,5.5,1.5,2.0,5.5,5.5,0.66,,,,,
5,233,Mykolenko,DEF,Everton,4.42,4.5,2.9,5.0,5.5,5.5,0.93,,,,,
5,335,Stach,MID,Leeds,3.14,6.0,2.7,5.0,5.5,5.5,0.85,,,,,
5,565,M.Sangaré,MID,Brentford,1.92,5.7,12.2,0.0,5.5,5.5,0.86,,,,,
5,116,Dunk,DEF,Brighton,2.06,4.5,1.5,0.0,5.5,5.5,0.9,,,,,
5,334,Muharemović,DEF,Leeds,4.84,5.0,4.0,6.0,5.2,5.2,0.86,,,,,
5,10,White,DEF,Arsenal,2.51,5.5,6.8,0.0,5.2,5.2,0.58,,,,,
5,346,Calvert-Lewin,FWD,Leeds,3.82,6.0,22.4,2.0,5.0,5.0,0.88,,,,,
5,230,Branthwaite,DEF,Everton,2.92,5.5,2.1,8.0,4.8,4.8,0.55,,,,,
5,605,Yalcouyé,MID,Brighton,2.62,4.5,3.7,1.0,4.8,4.8,0.75,,,,,
5,350,A.Becker,GKP,Liverpool,2.65,5.5,3.9,8.0,4.8,4.8,0.82,,,,,
5,86,Lewis-Potter,MID,Brentford,1.87,5.5,1.9,3.0,4.8,4.8,0.77,,,,,
5,258,Castagne,DEF,Fulham,1.9,4.5,0.8,1.0,4.8,4.8,0.74,,,,,
5,472,Murillo,DEF,Nott'm Forest,4.47,5.5,1.9,4.0,4.8,4.8,0.81,,,,,
5,453,Barnes,MID,Newcastle,3.8,6.0,3.0,9.0,4.8,4.8,0.72,,,,,
5,544,Xhaka,MID,Sunderland,0.94,5.5,4.0,2.0,4.8,4.8,0.91,,,,,
5,13,Rice,MID,Arsenal,3.48,7.4,12.7,1.0,4.8,4.8,0.96,,,,,
5,242,George,MID,Everton,2.29,5.5,0.8,1.0,4.5,4.5,0.46,,,,,
5,368,Szoboszlai,MID,Liverpool,3.79,7.0,36.4,2.0,4.5,4.5,0.97,,,,,
5,432,Mainoo,MID,Man Utd,1.76,5.5,1.5,4.0,4.5,4.5,0.57,,,,,
5,332,Justin,DEF,Leeds,3.0,4.5,1.5,8.0,4.5,4.5,0.75,,,,,
5,385,Trafford,GKP,Leeds,1.49,5.0,5.4,10.0,4.5,4.5,0.5,,,,,
5,362,Jacquet,DEF,Liverpool,4.48,5.0,3.1,6.0,4.5,4.5,0.86,,,,,
5,449,Hall,DEF,Newcastle,4.07,5.2,14.4,13.0,4.5,4.5,0.8,,,,,
5,112,Van Hecke,DEF,Spurs,3.93,4.9,6.8,6.0,4.5,4.5,0.97,,,,,
5,138,Kostoulas,FWD,Brighton,1.05,5.5,0.7,10.0,4.5,4.5,0.36,,,,,
5,214,Kamada,MID,Crystal Palace,2.31,5.0,0.5,3.0,4.5,4.5,0.77,,,,,
5,356,Virgil,DEF,Liverpool,4.21,6.5,16.7,8.0,4.2,4.2,1.0,,,,,
5,88,Kayode,DEF,Brentford,2.29,4.6,8.2,6.0,4.2,4.2,0.87,,,,,
5,469,N.Williams,DEF,Nott'm Forest,5.24,5.0,8.5,2.0,4.2,4.2,0.97,,,,,
5,26,Havertz,FWD,Arsenal,2.21,7.6,7.9,2.0,4.2,4.2,0.55,,,,,
5,204,Mitchell,DEF,Crystal Palace,3.6,4.5,6.4,7.0,4.2,4.2,0.97,,,,,
5,109,Verbruggen,GKP,Brighton,2.0,4.5,22.0,6.0,4.2,4.2,1.0,,,,,
5,237,Ndiaye,MID,Man City,4.05,5.9,8.0,5.0,4.2,4.2,0.8,,,,,
5,384,Donnarumma,GKP,Man City,4.23,5.5,7.6,2.0,4.2,4.2,0.94,,,,,
5,236,Dewsbury-Hall,MID,Everton,4.28,6.5,5.0,3.0,4.2,4.2,0.88,,,,,
5,226,Pickford,GKP,Everton,3.94,5.5,8.8,8.0,4.2,4.2,1.0,,,,,
5,338,Ampadu,MID,Leeds,2.8,5.4,1.0,5.0,4.0,4.0,0.96,,,,,
5,397,Semenyo,MID,Man City,5.1,8.4,15.5,17.0,4.0,4.0,0.99,,,,,
5,79,Evanilson,FWD,Bournemouth,2.1,6.0,3.3,2.0,4.0,4.0,0.91,,,,,
5,390,Rúben,DEF,Man City,4.14,5.5,1.8,1.0,4.0,4.0,0.8,,,,,
5,127,Gomez,MID,Brighton,2.12,5.0,4.6,8.0,4.0,4.0,0.82,,,,,
5,496,Kinsky,GKP,Spurs,1.87,4.5,18.5,2.0,4.0,4.0,0.55,,,,,
5,428,Cunha,MID,Man Utd,3.29,7.9,6.1,10.0,4.0,4.0,0.87,,,,,
5,70,Kluivert,MID,Bournemouth,1.5,6.0,1.0,0.0,3.8,3.8,0.59,,,,,
5,464,Wissa,FWD,Newcastle,2.82,6.2,18.3,0.0,3.8,3.8,0.5,,,,,
5,503,Van de Ven,DEF,Spurs,3.56,5.0,3.9,1.0,5.0,3.8,0.85,,,,,
5,579,Araujo,DEF,Liverpool,3.72,5.4,2.8,7.0,3.8,3.8,0.64,,,,,
5,336,Okafor,MID,Leeds,2.34,5.8,0.3,3.0,3.8,3.8,0.61,,,,,
5,173,Thomas,DEF,Coventry City,4.53,4.0,9.0,9.0,3.8,3.8,0.86,,,,,
5,250,Leno,GKP,Fulham,1.91,4.5,3.0,3.0,3.8,3.8,1.0,,,,,
5,553,Isidor,FWD,Sunderland,0.21,5.5,1.4,1.0,3.5,3.5,0.16,,,,,
5,483,Ndoye,MID,Nott'm Forest,3.09,5.5,0.7,1.0,3.5,3.5,0.65,,,,,
5,87,Ajer,DEF,Brentford,1.85,4.5,4.4,7.0,3.5,3.5,0.74,,,,,
5,244,Armstrong,MID,Everton,2.09,5.0,0.4,2.0,3.5,3.5,0.53,,,,,
5,557,Tzolis,MID,Arsenal,2.67,6.4,14.8,2.0,3.5,3.5,0.86,,,,,
5,377,Munoz,MID,Liverpool,2.25,6.5,1.1,1.0,3.5,3.5,0.75,,,,,
5,249,Barry,FWD,Everton,4.1,5.6,6.5,6.0,3.5,3.5,0.75,,,,,
5,597,Suzuki,GKP,Aston Villa,3.72,5.0,1.8,2.0,4.7,3.5,0.75,,,,,
5,82,Kelleher,GKP,Brentford,1.96,5.0,6.3,6.0,3.5,3.5,0.99,,,,,
5,502,Robertson,DEF,Spurs,1.88,4.4,2.7,4.0,3.2,3.2,0.49,,,,,
5,542,E.Le Fée,MID,Sunderland,1.28,5.8,4.0,5.0,3.2,3.2,0.93,,,,,
5,96,Damsgaard,MID,Brentford,1.38,5.5,0.5,3.0,3.2,3.2,0.57,,,,,
5,593,Dedić,DEF,Newcastle,5.35,4.5,2.9,0.0,3.2,3.2,0.86,,,,,
5,114,Boscagli,DEF,Brighton,1.34,4.5,0.3,6.0,3.2,3.2,0.58,,,,,
5,280,Coyle,DEF,Hull City,4.21,4.0,0.6,1.0,3.2,3.2,0.86,,,,,
5,591,Enciso,MID,Ipswich Town,2.75,5.5,0.9,2.0,3.2,3.2,0.86,,,,,
5,481,Anderson,MID,Man City,4.34,6.3,4.2,2.0,3.2,3.2,0.99,,,,,
5,533,Mukiele,DEF,Sunderland,1.22,5.4,2.1,0.0,4.3,3.2,0.8,,,,,
5,290,Slater,MID,Hull City,2.49,4.5,5.6,2.0,3.2,3.2,0.86,,,,,
5,649,Maitland-Niles,DEF,Everton,3.45,4.5,0.7,8.0,6.5,6.5,0.53,,,,,
5,588,Khalaili,DEF,Crystal Palace,4.19,5.0,0.3,6.0,3.2,3.2,0.75,,,,,
5,532,Ballard,DEF,Sunderland,1.07,4.9,2.9,2.0,3.0,3.0,0.8,,,,,
5,345,Tanaka,MID,Leeds,1.43,4.9,0.3,2.0,4.0,3.0,0.43,,,,,
5,156,Neto,MID,Chelsea,2.97,6.5,1.4,2.0,3.0,3.0,0.77,,,,,
5,295,McBurnie,FWD,Hull City,1.96,5.5,1.9,1.0,3.0,3.0,0.86,,,,,
5,366,Wirtz,MID,Liverpool,3.44,7.4,7.0,6.0,3.0,3.0,0.84,,,,,
5,569,Gonzalo,FWD,Fulham,1.46,6.0,3.7,2.0,3.0,3.0,0.86,,,,,
5,211,Yeremy,MID,Crystal Palace,2.87,5.5,0.4,2.0,3.0,3.0,0.71,,,,,
5,222,Strand Larsen,FWD,Crystal Palace,1.75,6.0,0.6,2.0,3.0,3.0,0.6,,,,,
5,327,Bijol,DEF,Leeds,2.02,5.0,0.8,0.0,4.0,3.0,0.53,,,,,
5,551,N.Angulo,MID,Sunderland,0.54,5.0,0.1,4.0,3.0,3.0,0.52,,,,,
5,460,Willock,MID,Newcastle,1.62,5.0,0.5,10.0,3.0,3.0,0.37,,,,,
5,467,Sels,GKP,Nott'm Forest,3.54,5.0,1.5,2.0,3.0,3.0,0.88,,,,,
5,129,Ayari,MID,Brighton,1.33,5.4,0.4,3.0,4.0,3.0,0.63,,,,,
5,31,Konsa,DEF,Arsenal,2.65,4.5,18.0,1.0,3.7,2.8,0.72,,,,,
5,567,Horníček,GKP,Newcastle,4.97,5.0,1.4,3.0,2.8,2.8,0.86,,,,,
5,491,Igor Jesus,FWD,Nott'm Forest,2.77,5.8,2.6,1.0,2.8,2.8,0.63,,,,,
5,45,McGinn,MID,Aston Villa,2.92,5.4,2.3,6.0,2.8,2.8,0.85,,,,,
5,570,Palacios,MID,Fulham,1.56,5.4,0.2,1.0,3.7,2.8,0.75,,,,,
5,516,Bentancur,MID,Spurs,1.9,5.5,0.2,4.0,2.8,2.8,0.67,,,,,
5,529,Roefs,GKP,Sunderland,0.94,4.9,2.7,0.0,2.8,2.8,0.96,,,,,
5,541,Meunier,DEF,Sunderland,1.48,4.5,0.3,3.0,2.8,2.8,0.86,,,,,
5,161,Lavia,MID,Chelsea,1.58,5.0,0.2,0.0,2.8,2.8,0.5,,,,,
5,447,Botman,DEF,Newcastle,3.98,5.0,0.7,4.0,2.8,2.8,0.75,,,,,
5,558,Schlager,MID,Nott'm Forest,3.11,5.0,0.1,2.0,2.8,2.8,0.75,,,,,
5,264,Bobb,MID,Fulham,1.47,5.5,0.3,3.0,2.5,2.5,0.6,,,,,
5,200,Lacroix,DEF,Chelsea,3.49,6.0,7.4,3.0,2.5,2.5,0.85,,,,,
5,43,Tielemans,MID,Man Utd,2.41,5.8,1.6,4.0,2.5,2.5,0.75,,,,,
5,254,Robinson,DEF,Fulham,1.7,4.5,1.4,2.0,2.5,2.5,0.69,,,,,
5,210,Wharton,MID,Crystal Palace,2.77,5.5,0.8,2.0,2.5,2.5,0.87,,,,,
5,486,McAtee,MID,Nott'm Forest,1.91,5.5,0.1,2.0,2.5,2.5,0.47,,,,,
5,389,Matheus N.,DEF,Man City,3.09,5.9,1.0,1.0,5.0,2.5,0.58,,,,,
5,566,Silva,DEF,Bournemouth,3.32,5.0,0.4,3.0,2.5,2.5,0.86,,,,,
5,445,Thiaw,DEF,Newcastle,4.83,5.0,2.2,4.0,2.5,2.5,0.93,,,,,
5,534,Hume,DEF,Sunderland,0.9,4.4,3.5,1.0,3.0,2.2,0.72,,,,,
5,580,Charles,MID,Fulham,1.29,5.0,0.1,4.0,2.2,2.2,0.64,,,,,
5,393,Khusanov,DEF,Man City,2.76,5.5,1.5,0.0,3.0,2.2,0.55,,,,,
5,7,Lewis-Skelly,MID,Arsenal,1.36,5.5,0.6,0.0,2.2,2.2,0.52,,,,,
5,46,Barkley,MID,Aston Villa,1.85,5.0,0.3,1.0,2.2,2.2,0.55,,,,,
5,47,Kamara,MID,Aston Villa,1.77,5.0,0.3,6.0,2.2,2.2,0.69,,,,,
5,257,Bassey,DEF,Fulham,1.92,4.5,0.7,6.0,2.2,2.2,0.85,,,,,
5,247,Hackney,MID,Everton,2.02,5.5,0.2,1.0,2.2,2.2,0.53,,,,,
5,261,Iwobi,MID,Fulham,1.82,5.4,0.7,5.0,2.2,2.2,0.87,,,,,
5,315,Fatawu,MID,Ipswich Town,2.51,5.5,0.2,-1.0,2.2,2.2,0.86,,,,,
5,619,Palacios,MID,Ipswich Town,1.73,5.0,0.0,2.0,3.0,3.0,0.64,,,,,
5,267,Lukić,MID,Ipswich Town,2.25,5.0,0.1,2.0,2.2,2.2,0.74,,,,,
5,41,Buendía,MID,Aston Villa,2.61,5.9,1.0,12.0,2.2,2.2,0.75,,,,,
5,313,Clarke,MID,Ipswich Town,1.68,5.4,0.2,2.0,3.0,2.2,0.53,,,,,
5,265,Berge,MID,Fulham,1.47,4.9,0.3,3.0,2.0,2.0,0.83,,,,,
5,650,Affengruber,DEF,Fulham,1.27,4.5,0.0,4.0,8.0,4.0,0.53,,,,,
5,304,O'Shea,DEF,Ipswich Town,4.42,4.0,2.9,2.0,2.0,2.0,0.86,,,,,
5,61,Truffert,DEF,Bournemouth,2.63,5.5,3.3,2.0,2.0,2.0,1.0,,,,,
5,439,Šeško,FWD,Man Utd,1.01,7.0,1.7,0.0,2.0,2.0,0.25,,,,,
5,473,Aina,DEF,Nott'm Forest,3.41,4.5,2.6,0.0,2.0,2.0,0.71,,,,,
5,545,Sadiki,MID,Sunderland,0.86,4.9,0.2,2.0,2.0,2.0,0.93,,,,,
5,167,Delap,FWD,Nott'm Forest,1.89,5.5,1.4,1.0,2.7,2.0,0.4,,,,,
5,73,Adams,MID,Bournemouth,0.97,5.0,0.3,4.0,2.0,2.0,0.53,,,,,
5,418,Maguire,DEF,Man Utd,2.8,4.9,10.2,2.0,2.0,2.0,0.72,,,,,
5,239,Garner,MID,Everton,3.82,6.0,0.2,3.0,2.0,2.0,0.89,,,,,
5,184,Grimes,MID,Coventry City,2.35,4.9,0.1,3.0,2.0,2.0,0.86,,,,,
5,331,Gudmundsson,DEF,Leeds,2.46,4.5,0.1,6.0,4.0,2.0,0.68,,,,,
5,183,Rudoni,MID,Coventry City,2.56,5.0,0.1,5.0,2.0,2.0,0.75,,,,,
5,60,Hill,DEF,Bournemouth,1.99,5.5,0.8,4.0,2.0,2.0,0.77,,,,,
5,459,L.Miley,MID,Newcastle,2.7,5.5,0.1,4.0,2.0,2.0,0.66,,,,,
5,67,Rayan,MID,Bournemouth,1.56,6.4,1.7,2.0,2.0,2.0,0.63,,,,,
5,429,Rashford,MID,Man Utd,2.28,7.0,1.6,2.0,2.0,2.0,0.75,,,,,
5,643,Chilwell,DEF,Crystal Palace,3.11,4.5,0.5,0.0,4.0,4.0,0.42,,,,,
5,514,Tel,MID,Spurs,1.81,5.8,0.2,0.0,2.0,2.0,0.52,,,,,
5,51,George Hemmings,MID,Aston Villa,1.27,4.5,1.3,1.0,2.0,2.0,0.44,,,,,
5,52,Alysson,MID,Aston Villa,0.0,5.0,0.1,0.0,2.0,2.0,0.0,,,,,
5,113,F.Kadıoğlu,DEF,Brighton,1.94,4.4,1.7,5.0,2.7,2.0,0.83,,,,,
5,148,Hato,DEF,Chelsea,2.09,4.5,1.0,0.0,2.0,2.0,0.62,,,,,
5,259,Diop,DEF,Ipswich Town,2.15,4.0,13.8,4.0,2.0,2.0,0.56,,,,,
5,452,Bruno G.,MID,Arsenal,1.55,6.7,1.8,1.0,4.0,2.0,0.39,,,,,
5,371,Gravenberch,MID,Liverpool,2.17,5.9,1.2,1.0,2.0,2.0,0.72,,,,,
5,33,Mings,DEF,Aston Villa,1.21,4.5,0.4,3.0,2.3,1.8,0.33,,,,,
5,71,Cook,MID,Bournemouth,0.56,5.0,0.2,1.0,1.8,1.8,0.34,,,,,
5,93,Schuster,DEF,Brentford,2.01,4.5,0.1,14.0,3.5,1.8,0.53,,,,,
5,552,Brobbey,FWD,Sunderland,0.79,5.8,6.2,17.0,1.8,1.8,0.77,,,,,
5,412,Lammens,GKP,Man Utd,2.87,4.9,10.9,4.0,1.8,1.8,0.91,,,,,
5,461,Touré,MID,Newcastle,1.78,5.8,0.1,1.0,3.5,1.8,0.42,,,,,
5,57,Petrović,GKP,Bournemouth,1.96,4.5,3.1,2.0,1.8,1.8,1.0,,,,,
5,358,Kerkez,DEF,Liverpool,2.75,5.4,2.5,6.0,1.8,1.8,0.73,,,,,
5,598,Elvedi,DEF,Leeds,3.5,4.5,0.0,6.0,2.3,1.8,0.64,,,,,
5,28,Martinez,GKP,Chelsea,2.38,5.0,5.0,2.0,2.3,1.8,0.8,,,,,
5,576,Stroud,MID,Hull City,2.44,5.0,0.1,0.0,1.8,1.8,0.86,,,,,
5,564,Scherpen,GKP,Ipswich Town,3.85,4.5,0.6,0.0,1.8,1.8,0.86,,,,,
5,562,Maeda,MID,Ipswich Town,2.25,5.4,0.3,1.0,1.8,1.8,0.75,,,,,
5,37,Lindelöf,DEF,Aston Villa,1.95,4.5,0.3,1.0,1.8,1.8,0.6,,,,,
5,506,Udogie,DEF,Spurs,1.12,4.4,0.4,0.0,2.3,1.8,0.32,,,,,
5,522,Gray,MID,Spurs,1.73,4.9,0.2,2.0,2.3,1.8,0.6,,,,,
5,525,Fernandes,MID,Spurs,2.1,5.8,0.9,1.0,1.5,1.5,0.73,,,,,
5,401,Marmoush,FWD,Spurs,1.58,7.0,2.1,2.0,2.0,1.5,0.45,,,,,
5,403,Sávio,MID,Spurs,1.36,6.5,0.7,2.0,3.0,1.5,0.32,,,,,
5,644,Timber,MID,Crystal Palace,1.73,5.0,0.0,3.0,3.0,3.0,0.64,,,,,
5,91,Pinnock,DEF,Coventry City,1.07,4.5,0.1,8.0,2.0,1.5,0.28,,,,,
5,415,Dorgu,MID,Man Utd,1.61,5.8,0.6,4.0,1.5,1.5,0.44,,,,,
5,417,Dalot,DEF,Man Utd,3.01,4.9,1.8,2.0,1.5,1.5,0.76,,,,,
5,102,Yarmoliuk,MID,Brentford,1.01,4.8,0.7,3.0,1.5,1.5,0.55,,,,,
5,419,Martinez,DEF,Man Utd,1.88,5.0,1.3,0.0,2.0,1.5,0.52,,,,,
5,209,Johnson,MID,Everton,2.15,5.9,0.1,3.0,1.5,1.5,0.5,,,,,
5,95,O.Dango,MID,Brentford,1.72,6.4,0.6,1.0,1.5,1.5,0.59,,,,,
5,246,Röhl,MID,Everton,1.58,4.9,0.0,0.0,2.0,1.5,0.42,,,,,
5,575,Yirenkyi,MID,Coventry City,1.87,4.9,0.2,3.0,1.5,1.5,0.64,,,,,
5,337,Aaronson,MID,Leeds,2.21,5.4,0.6,1.0,1.5,1.5,0.66,,,,,
5,347,Nmecha,FWD,Leeds,0.71,5.4,0.5,1.0,2.0,1.5,0.15,,,,,
5,155,Enzo,MID,Man City,4.38,6.9,3.3,7.0,2.0,1.5,0.73,,,,,
5,372,Mac Allister,MID,Liverpool,2.22,5.4,1.3,5.0,1.5,1.5,0.68,,,,,
5,175,van Ewijk,DEF,Coventry City,4.02,4.0,10.1,0.0,1.5,1.5,0.86,,,,,
5,309,Núñez,MID,Ipswich Town,1.91,4.9,0.1,0.0,3.0,1.5,0.64,,,,,
5,640,Flemming,FWD,Ipswich Town,2.44,5.5,0.1,0.0,3.0,3.0,0.42,,,,,
5,320,Akpom,FWD,Ipswich Town,0.98,5.0,1.2,1.0,3.0,1.5,0.42,,,,,
5,202,Richards,DEF,Crystal Palace,3.66,5.0,0.6,8.0,1.5,1.5,0.9,,,,,
5,526,Solanke,FWD,Spurs,0.87,5.8,0.9,2.0,1.2,1.2,0.27,,,,,
5,110,Rushworth,GKP,Coventry City,3.74,4.5,0.9,11.0,1.2,1.2,0.86,,,,,
5,194,Thomas-Asante,FWD,Coventry City,1.1,5.0,0.8,4.0,1.2,1.2,0.53,,,,,
5,462,Steur,MID,Newcastle,2.0,4.9,0.1,3.0,1.2,1.2,0.53,,,,,
5,581,Diomande,DEF,Nott'm Forest,4.48,5.4,0.5,2.0,2.5,1.2,0.53,,,,,
5,105,Anthony,MID,Brentford,1.36,5.9,0.1,10.0,1.2,1.2,0.64,,,,,
5,387,O'Reilly,DEF,Man City,4.11,6.4,12.5,1.0,1.7,1.2,0.65,,,,,
5,106,Thiago,FWD,Brentford,2.92,7.9,9.7,5.0,1.2,1.2,0.99,,,,,
5,260,Wilson,MID,Leeds,2.1,6.3,2.5,0.0,1.2,1.2,0.58,,,,,
5,151,Acheampong,DEF,Chelsea,1.14,4.5,0.4,0.0,1.7,1.2,0.34,,,,,
5,176,Dasilva,DEF,Coventry City,3.99,4.0,0.7,15.0,1.2,1.2,0.86,,,,,
5,611,Wan-Bissaka,DEF,Aston Villa,1.66,4.5,0.2,1.0,1.7,1.7,0.53,,,,,
5,190,Tchaouna,MID,Coventry City,1.93,5.4,0.1,1.0,1.3,1.0,0.64,,,,,
5,592,Ouattara,DEF,Ipswich Town,2.48,4.0,0.9,2.0,1.0,1.0,0.42,,,,,
5,585,Herrington,DEF,Hull City,2.35,4.0,0.6,1.0,1.0,1.0,0.42,,,,,
5,583,Chavarria,DEF,Chelsea,2.39,4.9,0.2,1.0,1.0,1.0,0.42,,,,,
5,144,Gusto,DEF,Chelsea,2.67,5.0,1.0,0.0,1.0,1.0,0.71,,,,,
5,145,Fofana,DEF,Chelsea,2.49,5.0,0.2,4.0,1.3,1.0,0.63,,,,,
5,627,Barcola,MID,Liverpool,1.99,8.0,2.0,3.0,2.0,2.0,0.53,,,,,
5,186,Mason-Clark,MID,Coventry City,2.32,5.4,0.1,1.0,1.3,1.0,0.75,,,,,
5,369,Ngumoha,MID,Liverpool,0.79,5.8,0.5,0.0,1.3,1.0,0.18,,,,,
5,162,Andrey Santos,MID,Man Utd,1.02,4.8,0.6,0.0,1.3,1.0,0.3,,,,,
5,19,Zubimendi,MID,Arsenal,1.65,5.3,0.6,1.0,1.0,1.0,0.5,,,,,
5,166,N.Jackson,FWD,Aston Villa,1.67,6.5,1.2,6.0,1.3,1.0,0.75,,,,,
5,450,Livramento,DEF,Newcastle,1.01,4.9,0.1,0.0,2.0,1.0,0.2,,,,,
5,90,Hickey,DEF,Brentford,0.59,4.5,0.1,1.0,1.0,1.0,0.23,,,,,
5,639,Andrés,MID,Brighton,1.95,5.5,0.0,8.0,4.0,2.0,0.42,,,,,
5,182,Amenda,DEF,Coventry City,3.98,4.0,0.7,0.0,1.0,1.0,0.86,,,,,
5,17,Merino,MID,Arsenal,0.66,5.8,0.4,1.0,0.8,0.8,0.15,,,,,
5,490,Wood,FWD,Nott'm Forest,0.81,5.8,1.0,1.0,1.0,0.8,0.16,,,,,
5,488,I.Sangaré,MID,Nott'm Forest,1.8,4.9,0.5,1.0,1.5,0.8,0.48,,,,,
5,14,Eze,MID,Arsenal,1.33,6.3,1.1,1.0,1.0,0.8,0.32,,,,,
5,600,Osman,MID,Brighton,0.87,5.0,0.0,0.0,1.0,0.8,0.42,,,,,
5,323,McAteer,MID,Ipswich Town,1.3,4.5,1.1,0.0,1.0,0.8,0.42,,,,,
5,589,Gourna-Douath,MID,Hull City,1.58,5.0,0.0,1.0,1.5,0.8,0.53,,,,,
5,75,Christie,MID,Bournemouth,0.3,5.0,0.0,2.0,1.0,0.8,0.13,,,,,
5,119,Costinha,DEF,Brighton,1.77,4.5,0.0,1.0,0.8,0.8,0.42,,,,,
5,617,Cho,MID,Hull City,3.51,5.0,0.0,6.0,1.0,1.0,0.42,,,,,
5,72,Gannon-Doak,MID,Bournemouth,0.0,4.9,0.1,1.0,1.0,0.8,0.0,,,,,
5,501,Danso,DEF,Sunderland,0.57,5.0,0.2,0.0,1.5,0.8,0.47,,,,,
5,519,Gallagher,MID,Spurs,1.25,5.4,0.2,6.0,1.5,0.8,0.43,,,,,
5,584,Hamer,MID,Coventry City,1.26,5.4,0.1,0.0,1.0,0.8,0.42,,,,,
5,512,Kudus,MID,Spurs,0.93,6.5,0.1,4.0,1.0,0.8,0.28,,,,,
5,498,Senesi,DEF,Spurs,2.6,5.8,4.1,0.0,3.0,0.8,0.65,,,,,
5,108,Wilson,FWD,Brentford,0.57,5.5,0.3,0.0,1.0,0.8,0.42,,,,,
5,157,Estêvão,MID,Chelsea,0.82,6.3,0.7,1.0,1.0,0.8,0.18,,,,,
5,188,Torp,MID,Coventry City,1.25,5.4,0.1,0.0,1.0,0.8,0.42,,,,,
5,306,Greaves,DEF,Ipswich Town,4.15,4.0,1.2,0.0,0.8,0.8,0.86,,,,,
5,142,James,DEF,Chelsea,2.43,5.4,7.2,0.0,0.8,0.8,0.63,,,,,
5,422,Mazraoui,DEF,Man Utd,1.0,4.4,0.5,0.0,1.0,0.8,0.27,,,,,
5,241,McNeil,MID,Crystal Palace,1.03,5.4,0.1,0.0,1.5,0.8,0.32,,,,,
5,263,Kevin,MID,Fulham,0.3,5.3,0.0,1.0,1.0,0.8,0.13,,,,,
5,255,J.Cuenca,DEF,Fulham,0.63,4.5,0.0,0.0,3.0,0.8,0.27,,,,,
5,289,Crooks,MID,Hull City,1.91,4.5,0.5,0.0,1.5,0.8,0.64,,,,,
5,262,Smith Rowe,MID,Fulham,0.76,5.4,0.3,0.0,1.0,0.8,0.32,,,,,
5,633,Ahanor,DEF,Crystal Palace,1.7,4.5,0.0,0.0,3.0,1.5,0.53,,,,,
5,160,Garnacho,MID,Aston Villa,0.88,5.8,0.3,0.0,1.0,0.8,0.2,,,,,
5,201,Muñoz,DEF,Nott'm Forest,3.88,5.4,5.5,2.0,1.0,0.8,0.65,,,,,
5,56,Abraham,FWD,Aston Villa,0.14,5.5,0.2,1.0,1.0,0.8,0.03,,,,,
5,195,Simms,FWD,Coventry City,1.12,5.0,0.7,1.0,1.5,0.8,0.53,,,,,
5,271,Muniz,FWD,Fulham,0.33,5.4,0.4,0.0,1.0,0.8,0.15,,,,,
5,238,Grealish,MID,Everton,1.22,6.5,0.4,3.0,1.0,0.8,0.26,,,,,
5,520,Bergvall,MID,Spurs,0.87,5.4,0.1,1.0,1.0,0.5,0.27,,,,,
5,74,Brooks,MID,Bournemouth,0.66,5.0,0.1,1.0,0.7,0.5,0.19,,,,,
5,64,Smith,DEF,Bournemouth,1.35,4.5,0.1,2.0,0.5,0.5,0.65,,,,,
5,343,James,MID,Leeds,0.3,4.9,0.1,1.0,1.0,0.5,0.09,,,,,
5,357,Frimpong,DEF,Liverpool,1.58,5.4,2.0,0.0,0.7,0.5,0.4,,,,,
5,642,Thomas,MID,Hull City,1.2,5.5,0.0,2.0,1.0,1.0,0.42,,,,,
5,328,Struijk,DEF,Brighton,1.32,4.9,0.2,5.0,1.0,0.5,0.48,,,,,
5,136,Welbeck,FWD,Chelsea,1.57,5.9,0.7,2.0,1.0,0.5,0.38,,,,,
5,515,Maddison,MID,Spurs,0.0,6.3,0.4,1.0,1.0,0.5,0.0,,,,,
5,646,Fofana,MID,Sunderland,0.29,5.5,0.0,1.0,1.0,1.0,0.42,,,,,
5,364,Tsimikas,DEF,Liverpool,3.2,4.9,0.1,0.0,1.0,0.5,0.53,,,,,
5,81,Rodríguez,FWD,Bournemouth,0.56,6.0,0.1,0.0,1.0,0.5,0.42,,,,,
5,634,Fernandez-Pardo,FWD,Newcastle,1.43,6.0,0.1,2.0,1.0,1.0,0.53,,,,,
5,9,Hincapie,DEF,Arsenal,1.26,5.3,1.0,0.0,1.0,0.5,0.29,,,,,
5,457,J.Murphy,MID,Newcastle,1.88,5.9,0.1,1.0,0.5,0.5,0.39,,,,,
5,478,Netz,DEF,Nott'm Forest,0.18,4.4,0.0,1.0,1.0,0.5,0.04,,,,,
5,548,Rigg,MID,Sunderland,0.17,4.9,0.0,0.0,1.0,0.5,0.16,,,,,
5,16,Madueke,MID,Arsenal,0.84,6.2,0.2,0.0,1.0,0.5,0.23,,,,,
5,596,Ruggeri,DEF,Aston Villa,2.56,4.5,0.1,3.0,1.0,0.5,0.42,,,,,
5,559,Bamba,MID,Newcastle,1.68,4.9,0.1,1.0,1.0,0.5,0.42,,,,,
5,207,Mingueza,DEF,Crystal Palace,2.58,4.4,0.1,0.0,1.0,0.5,0.42,,,,,
5,608,Jebbison,FWD,Bournemouth,1.18,5.0,0.1,1.0,1.0,0.5,0.42,,,,,
5,375,Nyoni,MID,Liverpool,0.0,4.9,0.0,1.0,1.0,0.5,0.0,,,,,
5,381,Koumas,MID,Liverpool,1.27,5.0,0.0,1.0,1.0,0.5,0.42,,,,,
5,420,Yoro,DEF,Man Utd,1.02,4.9,0.5,0.0,1.0,0.5,0.26,,,,,
5,595,Gozo,MID,Crystal Palace,1.26,5.0,0.0,0.0,1.0,0.5,0.42,,,,,
5,253,Andersen,DEF,Fulham,1.68,5.0,0.1,1.0,1.0,0.5,0.7,,,,,
5,616,Bouaddi,MID,Man City,2.15,5.5,0.2,0.0,1.0,0.7,0.42,,,,,
5,42,Guessand,MID,Crystal Palace,0.43,5.5,0.0,0.0,1.0,0.5,0.13,,,,,
5,212,Hughes,MID,Crystal Palace,0.84,4.4,8.0,0.0,1.0,0.5,0.28,,,,,
5,577,Tomiyasu,DEF,Crystal Palace,2.83,4.5,0.3,1.0,0.7,0.5,0.53,,,,,
5,203,Canvot,DEF,Crystal Palace,1.94,4.9,0.2,8.0,0.7,0.5,0.54,,,,,
5,635,Larsson,MID,Fulham,2.03,5.0,0.0,1.0,1.0,1.0,0.42,,,,,
5,199,Benitez,GKP,Crystal Palace,0.41,4.5,0.1,6.0,2.0,0.5,0.13,,,,,
5,149,Colwill,DEF,Chelsea,1.24,4.9,1.0,1.0,0.7,0.5,0.36,,,,,
5,339,Longstaff,MID,Leeds,0.49,4.9,0.1,0.0,1.0,0.5,0.15,,,,,
5,406,Kovačić,MID,Man City,0.07,5.4,0.1,0.0,1.0,0.5,0.01,,,,,
5,621,McAidoo,MID,Man City,3.95,4.5,0.1,0.0,1.0,0.7,0.42,,,,,
5,487,Dominguez,MID,Nott'm Forest,0.99,4.9,0.1,0.0,1.0,0.2,0.25,,,,,
5,446,Schär,DEF,Newcastle,0.87,5.0,0.2,1.0,1.0,0.2,0.16,,,,,
5,89,Henry,DEF,Brentford,0.44,4.4,0.2,0.0,1.0,0.2,0.2,,,,,
5,631,Mbaye,MID,Aston Villa,1.58,6.0,0.1,1.0,1.0,0.5,0.42,,,,,
5,647,Osorio,MID,Crystal Palace,0.88,5.5,0.0,0.0,1.0,0.5,0.42,,,,,
5,232,O'Brien,DEF,Everton,2.39,4.9,0.3,1.0,1.0,0.2,0.51,,,,,
5,164,Quenda,MID,Chelsea,1.29,5.3,0.0,1.0,1.0,0.2,0.42,,,,,
5,147,Tosin,DEF,Spurs,0.42,4.4,0.2,0.0,1.0,0.2,0.12,,,,,
5,35,Bogarde,MID,Aston Villa,0.39,5.0,0.1,0.0,1.0,0.2,0.16,,,,,
5,25,Gyökeres,FWD,Arsenal,1.6,7.2,3.4,1.0,1.0,0.2,0.38,,,,,
5,549,Talbi,MID,Sunderland,0.25,5.3,0.1,0.0,1.0,0.2,0.23,,,,,
5,535,Alderete,DEF,Sunderland,0.55,4.9,0.3,0.0,1.0,0.2,0.47,,,,,
5,5,J.Timber,DEF,Arsenal,2.16,6.5,0.2,0.0,1.0,0.2,0.41,,,,,
5,493,Kalimuendo,FWD,Nott'm Forest,0.0,5.4,0.1,0.0,1.0,0.2,0.0,,,,,
5,435,Lacey,MID,Man Utd,0.0,4.9,0.1,0.0,1.0,0.2,0.0,,,,,
5,243,Alcaraz,MID,Everton,0.39,4.9,0.1,0.0,0.5,0.2,0.09,,,,,
5,421,Heaven,DEF,Man Utd,1.0,4.4,0.3,0.0,1.0,0.2,0.27,,,,,
5,240,Iroegbunam,MID,Hull City,0.64,5.0,0.0,1.0,0.5,0.2,0.25,,,,,
5,395,Lewis,DEF,Man City,0.97,4.4,0.2,0.0,1.0,0.2,0.17,,,,,
5,440,Zirkzee,FWD,Man Utd,0.28,5.4,0.4,1.0,1.0,0.2,0.07,,,,,
5,126,O'Riley,MID,Brighton,0.11,5.5,0.1,1.0,1.0,0.2,0.03,,,,,
5,396,Vitor Reis,DEF,Man City,3.48,4.5,0.0,0.0,1.0,0.2,0.42,,,,,
5,76,Tóth.A,MID,Bournemouth,0.06,5.0,0.0,1.0,1.0,0.2,0.03,,,,,
5,622,Braithwaite,DEF,Man City,3.48,4.0,0.2,0.0,1.0,0.3,0.42,,,,,
5,285,McNair,DEF,Hull City,2.47,4.0,0.1,0.0,1.0,0.2,0.42,,,,,
5,213,Lerma,MID,Crystal Palace,0.82,4.9,0.1,0.0,1.0,0.2,0.26,,,,,
5,594,David,FWD,Brighton,0.6,6.0,0.2,0.0,0.5,0.2,0.42,,,,,
5,185,Sakamoto,MID,Coventry City,1.28,4.9,0.1,0.0,1.0,0.2,0.42,,,,,
5,574,Hjertø-Dahl,MID,Hull City,1.29,4.9,0.1,0.0,1.0,0.2,0.42,,,,,
5,308,Furlong,DEF,Ipswich Town,2.52,4.0,0.5,0.0,1.0,0.2,0.42,,,,,
5,637,Vaz,FWD,Hull City,0.83,5.0,0.1,1.0,1.0,0.5,0.42,,,,,
5,568,Barco,MID,Chelsea,1.29,5.4,0.1,2.0,0.5,0.2,0.42,,,,,
5,318,Philogene,MID,Ipswich Town,1.28,5.4,0.1,1.0,1.0,0.2,0.42,,,,,
5,556,Targett,DEF,Hull City,2.59,4.0,1.8,0.0,1.0,0.2,0.42,,,,,
5,321,Walle Egeli,FWD,Ipswich Town,0.83,4.5,3.6,0.0,1.0,0.2,0.42,,,,,
5,638,Norton-Cuffy,DEF,Hull City,2.0,4.0,0.3,0.0,0.5,0.5,0.42,,,,,
5,571,Florentino,MID,Ipswich Town,1.29,4.9,0.1,1.0,1.0,0.2,0.42,,,,,
5,620,Diouf,DEF,Brentford,0.89,4.5,0.1,1.0,1.0,0.3,0.42,,,,,
5,482,Hudson-Odoi,MID,Nott'm Forest,1.42,5.8,0.2,0.0,1.0,0.2,0.31,,,,,
5,641,Bard,DEF,Leeds,1.33,4.5,0.0,0.0,1.0,0.5,0.42,,,,,
5,599,Cherif,FWD,Coventry City,0.83,5.0,0.1,0.0,1.0,0.2,0.42,,,,,
5,539,O'Nien,DEF,Sunderland,0.2,4.0,2.5,0.0,1.0,0.2,0.18,,,,,
5,29,M.Bizot,GKP,Aston Villa,0.52,4.5,0.1,0.0,1.0,0.2,0.2,,,,,
5,53,Manzambi,MID,Aston Villa,1.27,5.9,0.1,13.0,1.0,0.2,0.42,,,,,
5,601,Williams-Barnett,MID,Spurs,1.29,4.5,0.1,0.0,0.0,0.0,0.42,,,,,
5,531,Ellborg,GKP,Sunderland,0.04,4.5,0.1,0.0,0.0,0.0,0.04,,,,,
5,50,Burrowes,MID,Aston Villa,0.0,4.5,0.6,0.0,0.0,0.0,0.0,,,,,
5,38,A.García,DEF,Aston Villa,0.04,4.0,1.6,0.0,0.0,0.0,0.01,,,,,
5,623,Bentley,GKP,Coventry City,2.5,4.0,0.5,0.0,0.0,0.0,0.42,,,,,
5,655,Gboho,MID,Coventry City,1.29,5.5,0.0,0.0,0.0,2.0,0.42,,,,,
5,656,Mfuni,DEF,Coventry City,2.61,4.0,0.1,6.0,0.0,1.1,0.42,,,,,
5,189,Shepherd,MID,Coventry City,1.29,4.5,0.2,0.0,0.0,0.0,0.42,,,,,
5,495,Austin,GKP,Spurs,2.5,4.0,1.0,0.0,0.0,0.0,0.42,,,,,
5,497,Dubravka,GKP,Spurs,1.29,4.0,17.7,0.0,0.0,0.0,0.51,,,,,
5,62,Diakité,DEF,Bournemouth,0.46,5.0,0.2,0.0,0.0,0.0,0.22,,,,,
5,66,Soler,DEF,Bournemouth,0.0,4.0,0.3,0.0,0.0,0.0,0.0,,,,,
5,476,O.Richards,DEF,Nott'm Forest,3.48,4.0,0.2,0.0,0.0,0.0,0.42,,,,,
5,550,Jocelin.T,MID,Sunderland,0.01,5.0,0.0,0.0,0.0,0.0,0.01,,,,,
5,612,Methalie,DEF,Sunderland,0.87,4.5,0.0,-1.0,0.0,0.0,0.42,,,,,
5,613,Ahoka,MID,Sunderland,0.43,4.5,0.2,0.0,0.0,0.0,0.42,,,,,
5,351,Mamardashvili,GKP,Liverpool,0.44,4.9,0.1,0.0,0.0,0.0,0.15,,,,,
5,352,Woodman,GKP,Liverpool,0.07,4.0,1.0,0.0,0.0,0.0,0.03,,,,,
5,355,Davies,GKP,Liverpool,2.5,4.0,0.2,0.0,0.0,0.0,0.42,,,,,
5,603,Lienou,DEF,Leeds,2.61,4.0,0.1,0.0,0.0,0.0,0.42,,,,,
5,604,Cresswell,MID,Leeds,1.29,4.5,0.1,0.0,0.0,0.0,0.42,,,,,
5,625,Cairns,GKP,Leeds,2.5,4.0,0.2,0.0,0.0,0.0,0.42,,,,,
5,629,Zetterer,GKP,Leeds,2.5,4.0,0.6,0.0,0.0,0.0,0.42,,,,,
5,648,Bahoya,MID,Leeds,1.29,5.0,0.0,1.0,0.0,0.0,0.42,,,,,
5,117,Coppola,DEF,Brighton,0.05,4.5,0.0,0.0,0.0,0.0,0.03,,,,,
5,120,Svoboda,DEF,Brighton,1.74,5.0,0.1,1.0,0.0,0.0,0.42,,,,,
5,657,Nunes,MID,Brentford,0.86,4.5,0.0,0.0,0.0,1.1,0.42,,,,,
5,111,Steele,GKP,Brighton,1.67,4.0,4.2,0.0,0.0,0.0,0.42,,,,,
5,158,Gittens,MID,Chelsea,0.26,5.9,0.0,0.0,0.0,0.0,0.07,,,,,
5,179,Latibeaudiere,DEF,Coventry City,2.61,4.0,0.0,1.0,0.0,0.0,0.42,,,,,
5,561,Anselmino,DEF,Chelsea,2.61,4.5,0.0,0.0,0.0,0.0,0.42,,,,,
5,340,Gelhardt,MID,Hull City,1.29,5.0,0.0,1.0,0.0,0.0,0.42,,,,,
5,324,Mehmeti,MID,Ipswich Town,1.29,4.9,0.0,0.0,0.0,0.0,0.42,,,,,
5,310,Matusiwa,MID,Ipswich Town,1.29,4.9,0.0,0.0,0.0,0.0,0.42,,,,,
5,645,Mouzakitis,MID,Hull City,1.29,5.0,0.0,0.0,0.0,0.0,0.42,,,,,
5,300,Walton,GKP,Ipswich Town,2.5,4.4,0.4,2.0,0.0,0.0,0.42,,,,,
5,301,Palmer,GKP,Ipswich Town,2.5,4.0,4.1,0.0,0.0,0.0,0.42,,,,,
5,614,Hadjam,DEF,Brighton,1.74,4.5,0.0,0.0,0.0,0.0,0.42,,,,,
5,178,Bidwell,DEF,Coventry City,2.61,4.0,0.1,0.0,0.0,0.0,0.42,,,,,
5,658,Ibrahim,MID,Brighton,0.86,4.5,0.0,0.0,0.0,1.1,0.42,,,,,
5,386,Bettinelli,GKP,Man City,3.33,4.5,0.0,0.0,0.0,0.0,0.42,,,,,
5,378,McConnell,MID,Liverpool,1.29,4.4,0.2,0.0,0.0,0.0,0.42,,,,,
5,382,Danns,FWD,Liverpool,0.83,4.5,0.2,0.0,0.0,0.0,0.42,,,,,
5,374,Endo,MID,Liverpool,0.03,4.9,0.1,0.0,0.0,0.0,0.01,,,,,
5,361,Lucky,DEF,Liverpool,2.61,4.0,0.1,0.0,0.0,0.0,0.42,,,,,
5,628,Allan,MID,Man City,1.72,6.0,0.0,0.0,0.0,0.0,0.42,,,,,
5,653,Samba,MID,Man City,1.72,4.5,0.0,0.0,0.0,0.0,0.42,,,,,
5,325,Darlow,GKP,Man Utd,1.0,4.5,0.0,0.0,0.0,0.0,0.32,,,,,
5,587,Rulli,GKP,Man City,3.33,5.0,0.0,0.0,0.0,0.0,0.42,,,,,
5,83,Valdimarsson,GKP,Brentford,0.03,4.5,0.1,0.0,0.0,0.0,0.01,,,,,
5,573,Sanchez,DEF,Bournemouth,1.74,4.4,0.2,0.0,0.0,0.0,0.42,,,,,
5,134,Oriola,MID,Brighton,0.0,4.5,0.3,0.0,0.0,0.0,0.0,,,,,
5,392,Aït-Nouri,DEF,Man City,1.03,5.3,0.4,0.0,0.0,0.0,0.18,,,,,
5,437,Bendito Mantato,MID,Man Utd,0.0,4.5,0.2,0.0,0.0,0.0,0.0,,,,,
5,438,Fletcher,MID,Man Utd,0.0,4.5,0.3,0.0,0.0,0.0,0.0,,,,,
5,442,Pope,GKP,Newcastle,1.72,4.9,1.0,0.0,0.0,0.0,0.39,,,,,
5,430,Mount,MID,Man Utd,0.62,5.4,0.0,1.0,0.0,0.0,0.18,,,,,
5,434,J.Fletcher,MID,Man Utd,0.0,4.9,0.0,0.0,0.0,0.0,0.0,,,,,
5,424,Amass,DEF,Man Utd,2.61,4.0,0.2,0.0,0.0,0.0,0.42,,,,,
5,654,Graham,MID,Everton,1.72,4.5,0.1,0.0,0.0,0.0,0.42,,,,,
5,251,Lecomte,GKP,Fulham,1.67,4.0,1.1,0.0,0.0,0.0,0.42,,,,,
5,245,Dibling,MID,Everton,0.21,5.4,0.0,1.0,0.0,0.0,0.06,,,,,
5,288,Dowell,MID,Hull City,1.29,4.5,0.3,0.0,0.0,0.0,0.42,,,,,
5,292,Ömür,MID,Hull City,1.29,4.9,0.0,0.0,0.0,0.0,0.42,,,,,
5,294,Zambrano,MID,Hull City,1.29,4.5,0.1,0.0,0.0,0.0,0.42,,,,,
5,284,McCarthy,DEF,Hull City,2.61,4.0,0.1,0.0,0.0,0.0,0.42,,,,,
5,273,Phillips,GKP,Hull City,2.5,4.0,1.4,0.0,0.0,0.0,0.42,,,,,
5,272,Kusi-Asare,FWD,Fulham,0.0,4.5,5.9,0.0,0.0,0.0,0.0,,,,,
5,626,Zepa,MID,Fulham,0.86,4.5,0.3,0.0,0.0,0.0,0.42,,,,,
5,636,Ángel,MID,Fulham,0.86,5.0,0.0,0.0,0.0,0.0,0.42,,,,,
5,302,Button,GKP,Ipswich Town,2.5,4.0,0.6,0.0,0.0,0.0,0.42,,,,,
5,303,Kipré,DEF,Ipswich Town,2.61,3.9,0.7,0.0,0.0,0.0,0.42,,,,,
5,555,Matthews,GKP,Crystal Palace,2.5,4.0,1.7,0.0,0.0,0.0,0.42,,,,,
5,218,Doucouré,MID,Crystal Palace,1.29,4.9,0.1,0.0,0.0,0.0,0.42,,,,,
5,221,Drakes-Thomas,MID,Crystal Palace,0.0,4.5,0.1,0.0,0.0,0.0,0.0,,,,,
5,270,Reed,MID,Fulham,0.04,4.4,1.2,0.0,0.0,0.0,0.01,,,,,
5,256,Tete,DEF,Fulham,0.79,4.4,0.2,0.0,0.0,0.0,0.31,,,,,
5,659,Miley,MID,Newcastle,1.72,4.5,0.0,0.0,0.0,1.1,0.42,,,,,
5,468,John,GKP,Nott'm Forest,0.31,4.5,0.1,0.0,0.0,0.0,0.07,,,,,
5,630,Harwood-Bellis,DEF,Aston Villa,2.61,4.5,0.0,0.0,0.0,0.0,0.42,,,,,
5,58,Forster,GKP,Bournemouth,1.67,4.0,3.5,0.0,0.0,0.0,0.42,,,,,
5,606,Rowe,DEF,Aston Villa,2.61,4.0,0.2,0.0,0.0,0.0,0.42,,,,,
5,100,Carvalho,MID,Brentford,0.05,5.0,0.0,6.0,0.0,0.0,0.01,,,,,
5,228,King,GKP,Everton,3.33,4.5,0.0,0.0,0.0,0.0,0.42,,,,,
5,231,Keane,DEF,Everton,2.07,4.8,0.8,0.0,0.0,0.0,0.42,,,,,
5,227,Travers,GKP,Everton,3.33,5.0,0.0,0.0,0.0,0.0,0.42,,,,,
5,172,Wilson,GKP,Coventry City,2.5,4.5,0.4,0.0,0.0,0.0,0.42,,,,,
5,169,Mheuka,FWD,Chelsea,0.0,4.5,0.4,0.0,0.0,0.0,0.0,,,,,
5,560,Penders,GKP,Chelsea,2.5,4.4,0.1,0.0,0.0,0.0,0.42,,,,,
5,92,Ji-soo,DEF,Brentford,1.74,4.5,0.0,0.0,0.0,0.0,0.42,,,,,
5,615,Di Gregorio,GKP,Bournemouth,1.67,4.5,0.0,0.0,0.0,0.0,0.42,,,,,
5,443,Gillespie,GKP,Newcastle,3.33,4.5,0.0,0.0,0.0,0.0,0.42,,,,,
5,590,Benda,GKP,Nott'm Forest,3.33,4.5,0.1,0.0,0.0,0.0,0.42,,,,,
5,489,Yates,MID,Nott'm Forest,0.11,4.5,1.3,0.0,0.0,0.0,0.03,,,,,
5,508,Davies,DEF,Spurs,0.18,4.0,0.9,0.0,0.0,0.0,0.03,,,,,
5,509,Byfield,DEF,Spurs,0.0,4.0,0.1,0.0,0.0,0.0,0.0,,,,,
5,510,Rowswell,DEF,Spurs,0.0,4.0,0.1,0.0,0.0,0.0,0.0,,,,,
5,524,Olusesi,MID,Spurs,0.0,4.4,1.0,0.0,0.0,0.0,0.0,,,,,
5,3,Meslier,GKP,Arsenal,2.5,4.9,0.0,0.0,0.0,0.0,0.42,,,,,
5,20,Dowman,MID,Arsenal,0.1,5.3,0.1,1.0,0.0,0.0,0.01,,,,,
5,2,Arrizabalaga,GKP,Arsenal,0.05,4.9,0.1,0.0,0.0,0.0,0.01,,,,,
5,651,J.Angulo,FWD,Sunderland,0.28,4.5,0.6,0.0,0.0,0.0,0.42,,,,,
5,54,Gomes,MID,Aston Villa,1.27,5.5,0.0,4.0,-2.0,-0.5,0.48,,,,,
6,124,Groß,MID,Brighton,11.2,5.8,28.0,,9.4,11.2,0.74,2.99,8.3,2.77,8.29,8.25
6,229,Tarkowski,DEF,Everton,9.2,6.1,16.0,,8.6,9.2,0.99,5.33,13.59,5.43,9.11,9.08
6,330,Bogle,DEF,Leeds,9.0,4.6,6.9,,8.4,9.0,0.92,1.58,12.46,1.38,8.28,8.29
6,94,Schade,MID,Brentford,9.0,6.2,10.9,,7.8,9.0,0.92,2.61,14.81,2.69,8.28,8.29
6,411,Haaland,FWD,Man City,9.2,15.6,73.7,,7.8,9.2,0.95,3.58,20.94,3.49,8.74,8.72
6,115,De Cuyper,DEF,Brighton,5.2,4.9,27.3,,7.6,5.2,0.72,3.47,9.95,3.32,3.74,3.76
6,391,Gvardiol,DEF,Man City,7.0,5.7,26.6,,7.4,7.0,0.71,1.98,12.56,2.09,4.97,4.97
6,572,Tzolakis,GKP,Hull City,6.0,4.6,12.5,,6.8,6.0,0.88,3.14,16.84,3.89,5.28,5.25
6,399,Cherki,MID,Man City,6.5,7.8,28.3,,6.8,6.5,0.65,2.04,12.28,2.05,4.23,4.23
6,397,Semenyo,MID,Man City,7.8,8.4,15.5,,6.6,7.8,0.99,2.36,15.11,2.52,7.72,7.7
6,379,Isak,FWD,Liverpool,7.8,9.1,22.4,,6.6,7.8,0.61,1.8,8.75,1.59,4.76,4.72
6,504,Vuskovic,DEF,Brighton,6.5,5.0,3.6,,6.4,6.5,0.88,3.71,13.05,4.35,5.72,5.69
6,367,Gakpo,MID,Liverpool,5.0,7.2,12.6,,6.4,5.0,0.82,2.37,12.84,2.33,4.1,4.11
6,12,Saka,MID,Arsenal,5.8,9.5,13.5,,6.4,5.8,0.83,6.64,18.33,6.11,4.81,4.81
6,426,B.Fernandes,MID,Man Utd,7.2,11.9,38.6,,6.2,7.2,0.96,5.18,18.32,5.0,6.91,6.92
6,286,Belloumi,MID,Hull City,7.0,5.1,4.9,,6.2,7.0,0.88,2.84,11.93,2.75,6.16,6.12
6,68,Tavernier,MID,Bournemouth,5.2,6.1,6.7,,6.2,5.2,0.91,2.79,16.27,2.71,4.73,4.72
6,449,Hall,DEF,Newcastle,7.0,5.3,17.0,,6.2,7.0,0.82,4.33,14.05,4.32,5.74,5.71
6,388,Guéhi,DEF,Man City,5.0,6.0,18.3,,6.0,5.0,0.96,2.83,16.66,2.78,4.8,4.8
6,1,Raya,GKP,Arsenal,6.0,6.1,42.2,,6.0,6.0,0.99,5.04,15.26,5.09,5.94,5.92
6,69,Scott,MID,Bournemouth,7.0,6.1,5.7,,6.0,7.0,0.95,2.15,12.83,2.14,6.65,6.63
6,15,Ødegaard,MID,Arsenal,4.5,6.8,19.8,,5.8,4.5,0.71,4.01,10.98,3.66,3.2,3.2
6,40,Rogers,MID,Chelsea,5.2,7.7,40.4,,5.8,5.2,0.99,4.23,14.34,3.91,5.15,5.13
6,8,Calafiori,DEF,Arsenal,5.0,5.8,50.6,,5.8,5.0,0.79,5.57,17.23,5.74,3.95,3.95
6,480,Gibbs-White,MID,Nott'm Forest,6.5,8.0,15.7,,5.6,6.5,0.96,4.32,16.45,4.11,6.24,6.24
6,98,Janelt,MID,Brentford,4.8,5.0,2.5,,5.6,4.8,0.7,1.54,8.3,1.51,3.36,3.35
6,453,Barnes,MID,Newcastle,6.5,6.1,5.5,,5.6,6.5,0.75,3.56,12.66,3.9,4.88,4.88
6,138,Kostoulas,FWD,Brighton,6.8,5.6,3.6,,5.6,6.8,0.43,1.68,5.46,1.82,2.92,2.9
6,385,Trafford,GKP,Leeds,4.8,5.0,5.5,,5.6,4.8,0.55,0.56,4.97,0.55,2.64,2.65
6,233,Mykolenko,DEF,Everton,5.2,4.6,4.2,,5.4,5.2,0.93,4.44,11.13,4.45,4.84,4.86
6,335,Stach,MID,Leeds,3.5,6.0,2.5,,5.4,3.5,0.87,1.07,9.54,1.06,3.04,3.04
6,334,Muharemović,DEF,Leeds,5.2,5.0,4.3,,5.4,5.2,0.88,1.47,14.85,1.65,4.58,4.55
6,350,A.Becker,GKP,Liverpool,6.2,5.5,4.0,,5.4,6.2,0.84,1.81,10.02,1.82,5.21,5.22
6,279,Ajayi,DEF,Hull City,3.2,4.2,14.0,,5.4,3.2,0.88,3.89,19.14,4.42,2.82,2.8
6,230,Branthwaite,DEF,Everton,5.2,5.5,2.4,,5.4,5.2,0.59,3.19,8.14,3.26,3.07,3.08
6,277,Egan,DEF,Hull City,4.5,4.1,7.1,,5.2,4.5,0.88,3.95,20.35,4.7,3.96,3.94
6,428,Cunha,MID,Man Utd,6.0,7.9,5.7,,5.2,6.0,0.88,3.25,12.23,3.33,5.28,5.29
6,332,Justin,DEF,Leeds,4.0,4.5,1.5,,5.2,4.0,0.78,1.06,9.48,1.05,3.12,3.11
6,316,Emersonn,FWD,Ipswich Town,4.2,5.5,3.5,,5.2,4.2,0.88,3.55,8.76,2.92,3.7,3.68
6,356,Virgil,DEF,Liverpool,5.8,6.5,16.2,,5.0,5.8,1.0,2.85,16.02,2.91,5.8,5.8
6,586,Mendy,DEF,Hull City,2.5,4.1,6.3,,6.2,2.5,0.78,4.1,20.22,4.67,1.95,1.94
6,226,Pickford,GKP,Everton,4.5,5.5,9.1,,5.0,4.5,1.0,3.97,9.86,3.94,4.5,4.5
6,305,Davis,DEF,Ipswich Town,5.8,4.0,6.9,,5.0,5.8,0.88,5.59,17.67,5.89,5.1,5.08
6,427,Mbeumo,MID,Man Utd,5.8,7.9,20.7,,5.0,5.8,0.91,4.96,17.27,4.71,5.28,5.27
6,4,Gabriel,DEF,Arsenal,5.0,8.0,22.8,,5.0,5.0,0.89,6.0,18.23,6.08,4.45,4.47
6,127,Gomez,MID,Brighton,4.5,5.0,4.0,,4.8,4.5,0.84,3.1,9.58,3.19,3.78,3.79
6,112,Van Hecke,DEF,Spurs,5.8,4.9,6.6,,4.8,5.8,0.97,2.82,15.32,2.79,5.63,5.65
6,552,Brobbey,FWD,Sunderland,5.5,5.7,7.0,,4.8,5.5,0.79,4.31,14.48,3.86,4.35,4.34
6,362,Jacquet,DEF,Liverpool,5.8,5.0,3.4,,4.8,5.8,0.88,2.57,16.61,3.02,5.1,5.08
6,268,King,MID,Fulham,4.2,5.5,2.5,,4.8,4.2,0.7,3.56,11.64,3.33,2.94,2.93
6,282,Giles,DEF,Hull City,4.5,4.0,2.9,,4.8,4.5,0.88,3.4,17.68,4.08,3.96,3.94
6,204,Mitchell,DEF,Crystal Palace,5.8,4.5,6.0,,4.8,5.8,0.97,3.76,15.78,3.64,5.63,5.65
6,173,Thomas,DEF,Coventry City,5.2,4.0,8.6,,4.8,5.2,0.88,5.42,23.23,6.2,4.58,4.55
6,109,Verbruggen,GKP,Brighton,4.2,4.5,21.7,,4.6,4.2,1.0,2.91,8.97,2.99,4.2,4.2
6,472,Murillo,DEF,Nott'm Forest,4.8,5.5,2.1,,4.6,4.8,0.83,3.78,14.16,3.54,3.98,3.98
6,88,Kayode,DEF,Brentford,2.5,4.6,7.6,,4.6,2.5,0.89,2.55,12.75,2.32,2.22,2.22
6,346,Calvert-Lewin,FWD,Leeds,5.2,6.0,24.9,,4.4,5.2,0.89,1.32,11.56,1.28,4.63,4.65
6,565,M.Sangaré,MID,Brentford,2.0,5.6,10.1,,4.4,2.0,0.78,1.77,9.43,1.71,1.56,1.55
6,237,Ndiaye,MID,Man City,3.2,5.8,6.8,,4.4,3.2,0.82,1.91,12.17,2.03,2.62,2.63
6,86,Lewis-Potter,MID,Brentford,3.0,5.5,1.7,,4.4,3.0,0.79,2.07,10.6,1.93,2.37,2.37
6,460,Willock,MID,Newcastle,4.0,5.0,0.5,,4.4,4.0,0.43,2.01,6.18,1.9,1.72,1.73
6,579,Araujo,DEF,Liverpool,5.2,5.4,3.0,,4.4,5.2,0.68,2.24,13.95,2.54,3.54,3.51
6,214,Kamada,MID,Crystal Palace,4.5,5.0,0.5,,4.2,4.5,0.79,2.43,10.76,2.48,3.56,3.55
6,338,Ampadu,MID,Leeds,4.0,5.4,0.9,,4.2,4.0,0.96,0.93,8.54,0.95,3.84,3.84
6,93,Schuster,DEF,Brentford,5.2,4.5,0.3,,7.0,5.2,0.57,2.01,12.57,2.29,2.96,2.99
6,544,Xhaka,MID,Sunderland,3.0,5.5,3.6,,4.2,3.0,0.92,3.84,14.03,3.74,2.76,2.76
6,41,Buendía,MID,Aston Villa,4.8,5.9,1.0,,4.2,4.8,0.78,2.7,10.83,2.71,3.74,3.73
6,87,Ajer,DEF,Brentford,3.2,4.5,3.9,,4.2,3.2,0.76,2.0,10.8,1.96,2.43,2.44
6,649,Maitland-Niles,DEF,Everton,7.0,4.5,1.3,,7.0,7.0,0.57,3.31,8.27,3.31,3.99,4.02
6,236,Dewsbury-Hall,MID,Everton,2.2,6.6,6.0,,4.0,2.2,0.89,4.53,11.12,4.45,1.96,1.97
6,176,Dasilva,DEF,Coventry City,4.8,4.0,0.7,,4.0,4.8,0.88,4.72,20.42,5.44,4.22,4.2
6,249,Barry,FWD,Everton,3.0,5.6,8.2,,4.0,3.0,0.78,4.7,10.61,4.24,2.34,2.33
6,605,Yalcouyé,MID,Brighton,4.8,4.5,4.0,,4.0,4.8,0.68,3.69,11.07,3.69,3.26,3.24
6,258,Castagne,DEF,Fulham,3.5,4.5,0.9,,4.0,3.5,0.76,4.14,13.85,3.96,2.66,2.67
6,368,Szoboszlai,MID,Liverpool,3.0,7.0,33.1,,4.0,3.0,0.97,2.65,13.77,2.5,2.91,2.92
6,82,Kelleher,GKP,Brentford,3.2,5.0,6.1,,4.0,3.2,0.99,2.02,10.93,1.99,3.17,3.16
6,384,Donnarumma,GKP,Man City,4.0,5.5,7.6,,3.8,4.0,0.95,1.93,11.98,2.0,3.8,3.79
6,242,George,MID,Everton,4.0,5.5,0.9,,3.8,4.0,0.41,1.93,5.15,2.06,1.64,1.65
6,26,Havertz,FWD,Arsenal,3.2,7.6,8.5,,3.8,3.2,0.59,3.08,9.77,3.26,1.89,1.89
6,469,N.Williams,DEF,Nott'm Forest,4.2,5.0,8.8,,3.8,4.2,0.97,4.16,15.79,3.95,4.07,4.09
6,114,Boscagli,DEF,Brighton,3.2,4.5,0.3,,3.8,3.2,0.62,2.1,6.46,2.15,1.98,1.98
6,588,Khalaili,DEF,Crystal Palace,4.5,5.0,0.3,,3.8,4.5,0.78,3.78,18.07,4.17,3.51,3.49
6,366,Wirtz,MID,Liverpool,4.0,7.3,5.8,,3.6,4.0,0.86,2.27,12.89,2.34,3.44,3.42
6,336,Okafor,MID,Leeds,4.2,5.8,0.4,,3.6,4.2,0.65,0.75,7.32,0.81,2.73,2.73
6,496,Kinsky,GKP,Spurs,4.0,4.5,17.4,,3.6,4.0,0.59,1.23,7.39,1.34,2.36,2.37
6,79,Evanilson,FWD,Bournemouth,3.5,6.0,3.2,,3.6,3.5,0.92,2.0,12.51,2.09,3.22,3.22
6,542,E.Le Fée,MID,Sunderland,4.0,5.7,3.4,,3.6,4.0,0.93,5.66,19.12,5.1,3.72,3.74
6,250,Leno,GKP,Fulham,4.0,4.5,3.3,,3.6,4.0,1.0,3.68,13.36,3.82,4.0,4.0
6,502,Robertson,DEF,Spurs,3.5,4.4,2.6,,3.4,3.5,0.54,1.31,7.58,1.38,1.89,1.91
6,45,McGinn,MID,Aston Villa,4.0,5.4,2.2,,3.4,4.0,0.87,2.85,11.68,2.92,3.48,3.47
6,390,Rúben,DEF,Man City,3.8,5.5,1.9,,3.4,3.8,0.82,2.07,12.23,2.04,3.12,3.1
6,244,Armstrong,MID,Everton,2.0,5.0,0.4,,3.2,2.0,0.58,2.26,5.77,2.31,1.16,1.16
6,551,N.Angulo,MID,Sunderland,2.8,5.0,0.1,,3.2,2.8,0.57,2.46,9.13,2.44,1.6,1.58
6,110,Rushworth,GKP,Coventry City,3.8,4.5,0.8,,3.2,3.8,0.88,3.92,18.58,4.95,3.34,3.32
6,597,Suzuki,GKP,Aston Villa,4.0,5.0,1.9,,4.0,4.0,0.78,2.98,14.61,3.65,3.12,3.1
6,96,Damsgaard,MID,Brentford,3.8,5.4,0.4,,3.2,3.8,0.62,1.47,8.18,1.49,2.36,2.34
6,503,Van de Ven,DEF,Spurs,4.0,5.0,3.8,,4.0,4.0,0.86,2.54,13.22,2.4,3.44,3.44
6,557,Tzolis,MID,Arsenal,2.5,6.3,12.3,,3.2,2.5,0.88,3.62,10.69,3.56,2.2,2.19
6,553,Isidor,FWD,Sunderland,3.5,5.5,1.3,,3.0,3.5,0.14,0.87,2.83,0.76,0.49,0.51
6,129,Ayari,MID,Brighton,3.2,5.4,0.4,,3.8,3.2,0.66,2.16,6.33,2.11,2.11,2.12
6,483,Ndoye,MID,Nott'm Forest,3.0,5.5,0.7,,3.0,3.0,0.68,2.8,9.79,2.45,2.04,2.05
6,257,Bassey,DEF,Fulham,3.8,4.5,0.7,,3.0,3.8,0.87,3.79,13.89,3.97,3.31,3.3
6,516,Bentancur,MID,Spurs,3.5,5.5,0.2,,3.0,3.5,0.7,1.32,7.45,1.35,2.45,2.46
6,290,Slater,MID,Hull City,2.2,4.5,5.3,,3.0,2.2,0.88,2.45,10.83,2.5,1.94,1.93
6,591,Enciso,MID,Ipswich Town,2.5,5.5,0.8,,3.0,2.5,0.88,4.14,11.28,3.76,2.2,2.19
6,47,Kamara,MID,Aston Villa,3.2,5.0,0.3,,3.0,3.2,0.72,1.82,7.44,1.86,2.3,2.32
6,447,Botman,DEF,Newcastle,3.0,5.0,0.7,,3.0,3.0,0.78,4.09,14.13,4.35,2.34,2.33
6,105,Anthony,MID,Brentford,3.5,5.9,0.1,,3.0,3.5,0.68,1.76,8.54,1.55,2.38,2.36
6,464,Wissa,FWD,Newcastle,2.8,6.2,18.7,,3.0,2.8,0.55,3.05,10.24,3.15,1.54,1.55
6,377,Munoz,MID,Liverpool,2.8,6.5,0.9,,3.0,2.8,0.68,1.39,7.46,1.36,1.9,1.89
6,481,Anderson,MID,Man City,3.2,6.3,4.0,,3.0,3.2,0.99,2.05,12.61,2.1,3.17,3.16
6,222,Strand Larsen,FWD,Crystal Palace,3.2,6.0,0.6,,2.8,3.2,0.64,1.81,8.06,1.86,2.05,2.05
6,211,Yeremy,MID,Crystal Palace,3.2,5.5,0.3,,2.8,3.2,0.74,2.8,12.78,2.95,2.37,2.37
6,541,Meunier,DEF,Sunderland,3.2,4.5,0.3,,2.8,3.2,0.88,5.17,22.01,5.87,2.82,2.8
6,455,Tonali,MID,Spurs,3.0,5.3,1.9,,2.8,3.0,0.91,1.8,9.94,1.81,2.73,2.72
6,53,Manzambi,MID,Aston Villa,3.5,5.9,0.4,,7.0,3.5,0.48,1.66,6.13,1.53,1.68,1.66
6,567,Horníček,GKP,Newcastle,3.2,5.0,1.5,,2.8,3.2,0.88,3.82,15.82,4.87,2.82,2.8
6,91,Pinnock,DEF,Coventry City,3.5,4.5,0.1,,3.5,3.5,0.35,1.85,7.34,1.96,1.22,1.23
6,569,Gonzalo,FWD,Fulham,2.0,6.0,3.8,,2.8,2.0,0.88,3.99,11.21,3.2,1.76,1.75
6,445,Thiaw,DEF,Newcastle,2.8,5.0,2.2,,2.8,2.8,0.93,4.58,16.29,5.01,2.6,2.62
6,532,Ballard,DEF,Sunderland,3.5,4.9,2.5,,2.8,3.5,0.82,4.33,16.87,4.5,2.87,2.86
6,202,Richards,DEF,Crystal Palace,2.8,5.0,0.6,,2.8,2.8,0.91,3.48,16.18,3.73,2.55,2.54
6,156,Neto,MID,Chelsea,3.2,6.5,1.4,,2.8,3.2,0.79,2.96,11.02,3.01,2.53,2.54
6,43,Tielemans,MID,Man Utd,3.0,5.8,1.5,,2.8,3.0,0.78,2.62,9.3,2.54,2.34,2.33
6,280,Coyle,DEF,Hull City,2.0,4.0,0.7,,2.8,2.0,0.88,3.32,17.7,4.08,1.76,1.75
6,331,Gudmundsson,DEF,Leeds,3.5,4.5,0.1,,4.7,3.5,0.71,0.84,7.74,0.86,2.48,2.48
6,261,Iwobi,MID,Fulham,3.0,5.4,0.7,,2.8,3.0,0.88,3.94,13.43,3.84,2.64,2.64
6,345,Tanaka,MID,Leeds,3.5,4.9,0.3,,3.5,3.5,0.48,0.57,4.84,0.54,1.68,1.69
6,467,Sels,GKP,Nott'm Forest,3.0,5.0,1.6,,2.8,3.0,0.89,2.91,10.94,2.74,2.67,2.68
6,580,Charles,MID,Fulham,3.0,5.0,0.1,,2.6,3.0,0.68,2.54,9.42,2.69,2.04,2.03
6,183,Rudoni,MID,Coventry City,3.0,4.9,0.1,,2.6,3.0,0.78,4.07,13.51,3.6,2.34,2.33
6,155,Enzo,MID,Man City,3.0,6.9,3.6,,3.2,3.0,0.76,2.03,13.17,2.19,2.28,2.28
6,598,Elvedi,DEF,Leeds,3.2,4.5,0.1,,3.2,3.2,0.68,1.02,10.68,1.19,2.18,2.16
6,566,Silva,DEF,Bournemouth,2.8,5.0,0.4,,2.6,2.8,0.88,3.05,20.0,3.33,2.46,2.45
6,264,Bobb,MID,Fulham,2.8,5.5,0.3,,2.6,2.8,0.64,3.22,11.03,3.15,1.79,1.8
6,558,Schlager,MID,Nott'm Forest,3.0,5.0,0.1,,2.6,3.0,0.78,2.33,9.56,2.39,2.34,2.33
6,113,F.Kadıoğlu,DEF,Brighton,3.2,4.4,1.6,,3.2,3.2,0.85,2.74,8.93,2.98,2.72,2.71
6,533,Mukiele,DEF,Sunderland,3.2,5.4,1.9,,3.2,3.2,0.82,5.11,18.49,4.93,2.62,2.63
6,200,Lacroix,DEF,Chelsea,1.8,5.9,6.8,,2.6,1.8,0.86,3.43,13.17,3.59,1.55,1.55
6,295,McBurnie,FWD,Hull City,2.0,5.5,1.9,,2.6,2.0,0.88,2.34,8.95,2.07,1.76,1.75
6,358,Kerkez,DEF,Liverpool,3.2,5.4,2.2,,2.6,3.2,0.76,1.88,10.66,1.94,2.43,2.42
6,254,Robinson,DEF,Fulham,2.8,4.5,1.4,,2.4,2.8,0.72,3.4,12.4,3.54,2.02,2.03
6,486,McAtee,MID,Nott'm Forest,2.2,5.5,0.1,,2.4,2.2,0.53,1.7,6.41,1.6,1.17,1.16
6,210,Wharton,MID,Crystal Palace,2.0,5.4,0.7,,2.4,2.0,0.88,2.66,12.18,2.81,1.76,1.76
6,491,Igor Jesus,FWD,Nott'm Forest,2.5,5.8,2.6,,2.4,2.5,0.57,1.99,7.52,1.88,1.42,1.42
6,31,Konsa,DEF,Arsenal,3.0,4.6,19.4,,3.0,3.0,0.75,3.83,11.07,3.69,2.25,2.24
6,639,Andrés,MID,Brighton,4.0,5.5,0.0,,6.0,4.0,0.48,2.3,6.89,2.3,1.92,1.9
6,11,Mosquera,DEF,Arsenal,1.5,5.3,1.6,,6.0,1.5,0.32,1.93,5.53,1.84,0.48,0.48
6,60,Hill,DEF,Bournemouth,2.8,5.5,0.8,,2.4,2.8,0.79,2.15,12.79,2.13,2.21,2.21
6,259,Diop,DEF,Ipswich Town,2.5,4.0,12.8,,2.4,2.5,0.61,2.93,9.31,3.1,1.52,1.51
6,459,L.Miley,MID,Newcastle,2.2,5.5,0.1,,2.4,2.2,0.7,2.66,9.31,2.86,1.54,1.53
6,650,Affengruber,DEF,Fulham,4.0,4.5,0.0,,6.0,4.0,0.57,2.79,9.76,2.79,2.28,2.3
6,570,Palacios,MID,Fulham,2.5,5.4,0.2,,3.0,2.5,0.68,3.01,9.8,2.8,1.7,1.69
6,327,Bijol,DEF,Leeds,0.5,5.0,0.7,,4.0,0.5,0.48,0.61,5.52,0.61,0.24,0.24
6,73,Adams,MID,Bournemouth,2.8,5.0,0.3,,2.4,2.8,0.58,1.07,6.39,1.07,1.62,1.61
6,313,Clarke,MID,Ipswich Town,1.0,5.4,0.2,,2.8,1.0,0.57,2.5,7.17,2.39,0.57,0.57
6,265,Berge,MID,Fulham,2.2,4.9,0.3,,2.2,2.2,0.85,2.94,10.45,2.98,1.87,1.86
6,372,Mac Allister,MID,Liverpool,2.5,5.4,1.3,,2.2,2.5,0.71,1.51,8.51,1.55,1.78,1.77
6,161,Lavia,MID,Chelsea,2.5,5.0,0.2,,2.8,2.5,0.45,1.52,5.2,1.42,1.12,1.13
6,412,Lammens,GKP,Man Utd,2.5,4.9,10.0,,2.2,2.5,0.92,2.83,10.53,2.87,2.3,2.3
6,239,Garner,MID,Everton,2.5,6.0,0.2,,2.2,2.5,0.9,3.77,9.6,3.84,2.25,2.25
6,267,Lukić,MID,Ipswich Town,1.5,4.9,0.1,,2.2,1.5,0.76,2.89,9.26,3.09,1.14,1.14
6,184,Grimes,MID,Coventry City,2.2,4.9,0.1,,2.2,2.2,0.88,2.98,11.9,3.17,1.94,1.93
6,529,Roefs,GKP,Sunderland,2.5,4.9,2.5,,2.2,2.5,0.96,3.58,13.76,3.67,2.4,2.4
6,619,Palacios,MID,Ipswich Town,2.8,5.0,0.1,,2.8,2.8,0.68,2.34,7.0,2.33,1.9,1.89
6,389,Matheus N.,DEF,Man City,2.5,5.9,1.0,,3.7,2.5,0.62,1.48,9.53,1.59,1.55,1.55
6,474,Jair Cunha,DEF,Nott'm Forest,2.5,4.5,0.2,,2.8,2.5,0.48,1.79,6.9,1.73,1.2,1.2
6,304,O'Shea,DEF,Ipswich Town,1.5,4.0,2.7,,2.0,1.5,0.88,4.72,17.07,5.69,1.32,1.31
6,247,Hackney,MID,Everton,1.8,5.4,0.2,,2.0,1.8,0.48,1.68,4.53,1.81,0.86,0.86
6,33,Mings,DEF,Aston Villa,2.2,4.5,0.4,,2.5,2.2,0.4,1.52,6.12,1.53,0.88,0.87
6,534,Hume,DEF,Sunderland,2.0,4.3,2.8,,2.5,2.0,0.65,3.16,12.12,3.23,1.3,1.3
6,203,Canvot,DEF,Crystal Palace,2.2,4.8,0.2,,2.5,2.2,0.58,2.05,9.39,2.17,1.28,1.28
6,415,Dorgu,MID,Man Utd,2.5,5.8,0.5,,2.0,2.5,0.4,1.56,5.4,1.47,1.0,0.99
6,67,Rayan,MID,Bournemouth,2.0,6.3,1.6,,2.0,2.0,0.67,1.6,9.83,1.64,1.34,1.34
6,166,N.Jackson,FWD,Aston Villa,2.5,6.5,1.4,,2.5,2.5,0.78,2.11,7.25,1.81,1.95,1.94
6,418,Maguire,DEF,Man Utd,2.2,4.8,8.7,,2.0,2.2,0.75,2.85,10.48,2.86,1.65,1.65
6,46,Barkley,MID,Aston Villa,2.0,5.0,0.3,,2.0,2.0,0.49,1.58,6.69,1.67,0.98,0.98
6,106,Thiago,FWD,Brentford,2.5,7.8,9.0,,2.0,2.5,0.99,3.0,16.2,2.95,2.48,2.47
6,545,Sadiki,MID,Sunderland,2.0,4.9,0.2,,2.0,2.0,0.93,3.54,12.88,3.44,1.86,1.87
6,61,Truffert,DEF,Bournemouth,2.2,5.4,3.0,,2.0,2.2,1.0,2.59,15.67,2.61,2.2,2.2
6,7,Lewis-Skelly,MID,Arsenal,1.5,5.4,0.6,,2.2,1.5,0.47,1.75,4.9,1.63,0.7,0.7
6,644,Timber,MID,Crystal Palace,3.0,5.0,0.0,,3.0,3.0,0.68,1.89,8.16,1.88,2.04,2.03
6,393,Khusanov,DEF,Man City,1.8,5.4,1.4,,3.0,1.8,0.5,1.26,7.52,1.25,0.9,0.9
6,167,Delap,FWD,Nott'm Forest,2.2,5.6,2.7,,2.2,2.2,0.46,1.61,6.47,1.62,1.01,1.01
6,28,Martinez,GKP,Chelsea,2.2,5.0,4.8,,2.2,2.2,0.82,2.27,8.69,2.37,1.8,1.81
6,423,Shaw,DEF,Man Utd,2.0,4.3,7.8,,2.2,2.0,0.9,3.45,12.41,3.38,1.8,1.8
6,617,Cho,MID,Hull City,2.2,5.0,0.0,,2.2,2.2,0.38,3.24,14.03,3.24,0.84,0.82
6,104,Onyeka,MID,Coventry City,1.8,4.9,0.1,,2.2,1.8,0.4,1.49,6.15,1.64,0.72,0.72
6,371,Gravenberch,MID,Liverpool,1.0,5.8,1.1,,1.8,1.0,0.65,1.29,7.14,1.3,0.65,0.65
6,194,Thomas-Asante,FWD,Coventry City,1.8,5.0,0.8,,1.8,1.8,0.57,1.78,6.24,1.66,1.03,1.03
6,209,Johnson,MID,Everton,2.0,5.9,0.1,,1.8,2.0,0.55,2.84,6.44,2.58,1.1,1.1
6,522,Gray,MID,Spurs,1.8,4.9,0.2,,2.2,1.8,0.54,1.01,5.73,1.04,0.97,0.97
6,575,Yirenkyi,MID,Coventry City,2.0,4.8,0.1,,1.8,2.0,0.68,2.4,9.58,2.56,1.36,1.35
6,519,Gallagher,MID,Spurs,2.2,5.3,0.2,,3.0,2.2,0.38,0.84,4.39,0.8,0.84,0.84
6,452,Bruno G.,MID,Arsenal,2.2,6.7,1.8,,3.0,2.2,0.46,2.23,7.0,2.33,1.01,1.0
6,51,George Hemmings,MID,Aston Villa,1.8,4.5,1.2,,1.8,1.8,0.4,1.08,4.54,1.14,0.72,0.72
6,57,Petrović,GKP,Bournemouth,1.8,4.5,3.0,,1.8,1.8,1.0,1.97,11.73,1.95,1.8,1.8
6,102,Yarmoliuk,MID,Brentford,2.0,4.8,0.7,,1.8,2.0,0.59,1.12,6.09,1.11,1.18,1.19
6,37,Lindelöf,DEF,Aston Villa,2.5,4.5,0.3,,1.6,2.5,0.64,2.12,8.34,2.09,1.6,1.61
6,403,Sávio,MID,Spurs,2.0,6.5,0.7,,2.7,2.0,0.39,1.07,6.01,1.09,0.78,0.78
6,401,Marmoush,FWD,Spurs,2.0,7.0,2.1,,2.0,2.0,0.51,1.03,6.31,1.15,1.02,1.01
6,514,Tel,MID,Spurs,1.5,5.7,0.2,,2.0,1.5,0.47,1.01,5.97,1.08,0.7,0.71
6,199,Benitez,GKP,Crystal Palace,2.0,4.5,0.1,,4.0,2.0,0.21,0.66,2.98,0.69,0.42,0.43
6,224,Nketiah,FWD,Crystal Palace,1.8,5.5,0.5,,2.0,1.8,0.33,1.43,5.73,1.32,0.59,0.59
6,148,Hato,DEF,Chelsea,1.8,4.5,0.8,,2.0,1.8,0.56,1.86,6.97,1.9,1.01,1.0
6,145,Fofana,DEF,Chelsea,2.0,5.0,0.2,,2.0,2.0,0.66,2.68,10.17,2.77,1.32,1.33
6,473,Aina,DEF,Nott'm Forest,0.8,4.4,2.4,,2.0,0.8,0.64,2.44,9.29,2.32,0.51,0.51
6,71,Cook,MID,Bournemouth,1.2,5.0,0.2,,1.6,1.2,0.31,0.48,3.0,0.5,0.37,0.37
6,417,Dalot,DEF,Man Utd,1.8,4.9,1.6,,1.6,1.8,0.78,3.03,11.17,3.05,1.4,1.41
6,461,Touré,MID,Newcastle,2.0,5.8,0.1,,2.7,2.0,0.38,1.65,5.12,1.57,0.76,0.75
6,462,Steur,MID,Newcastle,1.8,4.9,0.1,,1.6,1.8,0.57,1.99,7.05,2.17,1.03,1.03
6,643,Chilwell,DEF,Crystal Palace,2.7,4.5,0.4,,4.0,2.7,0.38,2.83,12.24,2.83,1.03,1.01
6,562,Maeda,MID,Ipswich Town,1.5,5.3,0.2,,1.6,1.5,0.68,2.75,8.05,2.68,1.02,1.01
6,576,Stroud,MID,Hull City,1.0,5.0,0.1,,1.8,1.0,0.78,2.04,9.48,2.19,0.78,0.78
6,95,O.Dango,MID,Brentford,1.0,6.3,0.5,,1.4,1.0,0.53,1.44,8.43,1.53,0.53,0.53
6,347,Nmecha,FWD,Leeds,1.8,5.4,0.5,,1.8,1.8,0.13,0.21,1.89,0.21,0.23,0.24
6,525,Fernandes,MID,Spurs,1.5,5.7,0.8,,1.4,1.5,0.76,1.48,8.09,1.47,1.14,1.14
6,506,Udogie,DEF,Spurs,1.5,4.4,0.3,,2.3,1.5,0.28,0.7,3.74,0.68,0.42,0.43
6,627,Barcola,MID,Liverpool,2.3,8.0,1.8,,2.3,2.3,0.57,1.31,7.18,1.31,1.31,1.32
6,512,Kudus,MID,Spurs,1.8,6.5,0.1,,1.8,1.8,0.25,0.59,3.13,0.57,0.45,0.45
6,581,Diomande,DEF,Nott'm Forest,1.8,5.4,0.5,,2.3,1.8,0.57,3.3,14.25,3.56,1.03,1.03
6,337,Aaronson,MID,Leeds,1.0,5.3,0.5,,1.4,1.0,0.59,0.6,5.95,0.66,0.59,0.59
6,526,Solanke,FWD,Spurs,1.5,5.8,0.8,,1.4,1.5,0.34,0.73,4.02,0.73,0.51,0.52
6,320,Akpom,FWD,Ipswich Town,1.5,5.0,1.2,,2.3,1.5,0.38,1.59,3.63,1.21,0.57,0.56
6,536,Reinildo,DEF,Sunderland,1.5,4.4,0.3,,1.8,1.5,0.7,3.46,12.94,3.45,1.05,1.05
6,564,Scherpen,GKP,Ipswich Town,1.2,4.5,0.6,,1.8,1.2,0.78,3.65,13.87,4.62,0.94,0.93
6,309,Núñez,MID,Ipswich Town,0.5,4.9,0.1,,3.0,0.5,0.57,2.11,6.86,2.29,0.28,0.29
6,125,Georginio,FWD,Brighton,0.2,5.3,0.5,,3.0,0.2,0.36,1.18,3.41,1.14,0.07,0.07
6,419,Martinez,DEF,Man Utd,1.5,5.0,1.3,,1.5,1.5,0.57,2.03,7.53,2.05,0.86,0.86
6,387,O'Reilly,DEF,Man City,1.0,6.3,11.0,,1.5,1.0,0.58,2.19,12.05,2.01,0.58,0.58
6,592,Ouattara,DEF,Ipswich Town,1.2,4.0,0.9,,1.2,1.2,0.48,2.78,10.3,3.43,0.58,0.57
6,100,Carvalho,MID,Brentford,1.5,5.0,0.0,,6.0,1.5,0.01,0.05,0.27,0.05,0.02,0.02
6,640,Flemming,FWD,Ipswich Town,2.0,5.5,0.1,,2.0,2.0,0.38,2.95,8.86,2.95,0.76,0.75
6,611,Wan-Bissaka,DEF,Aston Villa,1.5,4.5,0.2,,1.5,1.5,0.57,1.95,7.79,1.95,0.86,0.86
6,656,Mfuni,DEF,Coventry City,3.0,4.0,0.1,,6.0,3.0,0.48,2.37,8.88,2.37,1.44,1.42
6,238,Grealish,MID,Everton,1.2,6.5,0.5,,1.5,1.2,0.34,1.54,3.87,1.55,0.41,0.4
6,32,Cash,DEF,Aston Villa,1.8,4.4,4.9,,1.5,1.8,0.75,2.52,10.51,2.63,1.35,1.35
6,186,Mason-Clark,MID,Coventry City,1.2,5.3,0.1,,1.2,1.2,0.78,3.26,11.86,3.16,0.94,0.93
6,90,Hickey,DEF,Brentford,1.0,4.5,0.1,,1.0,1.0,0.21,0.53,3.03,0.55,0.21,0.21
6,596,Ruggeri,DEF,Aston Villa,1.0,4.5,0.1,,1.7,1.0,0.48,2.46,11.4,2.85,0.48,0.48
6,190,Tchaouna,MID,Coventry City,0.8,5.4,0.1,,1.2,0.8,0.57,2.27,8.62,2.3,0.46,0.46
6,405,N.Gonzalez,MID,Newcastle,1.2,5.5,0.2,,1.7,1.2,0.52,1.91,6.24,1.92,0.62,0.63
6,585,Herrington,DEF,Hull City,1.0,4.0,0.6,,1.0,1.0,0.48,2.13,11.12,2.57,0.48,0.48
6,583,Chavarria,DEF,Chelsea,1.0,4.9,0.1,,1.0,1.0,0.48,2.03,9.1,2.48,0.48,0.48
6,151,Acheampong,DEF,Chelsea,0.5,4.5,0.3,,1.2,0.5,0.31,0.99,3.74,1.02,0.16,0.15
6,201,Muñoz,DEF,Nott'm Forest,1.2,5.4,5.8,,1.2,1.2,0.68,3.23,12.23,3.06,0.82,0.82
6,75,Christie,MID,Bournemouth,1.2,5.0,0.0,,1.2,1.2,0.22,0.56,3.11,0.52,0.26,0.26
6,19,Zubimendi,MID,Arsenal,1.0,5.3,0.6,,1.0,1.0,0.45,1.99,5.89,1.96,0.45,0.45
6,14,Eze,MID,Arsenal,0.8,6.3,1.0,,1.0,0.8,0.29,1.49,4.72,1.57,0.23,0.23
6,17,Merino,MID,Arsenal,0.8,5.8,0.4,,0.8,0.8,0.13,0.77,2.36,0.79,0.1,0.11
6,589,Gourna-Douath,MID,Hull City,1.0,5.0,0.0,,1.3,1.0,0.48,1.34,6.18,1.43,0.48,0.48
6,642,Thomas,MID,Hull City,1.3,5.5,0.0,,1.3,1.3,0.48,1.58,6.83,1.58,0.62,0.62
6,119,Costinha,DEF,Brighton,0.8,4.5,0.0,,0.8,0.8,0.38,2.21,6.98,2.33,0.3,0.3
6,56,Abraham,FWD,Aston Villa,1.0,5.5,0.2,,1.0,1.0,0.03,0.12,0.51,0.13,0.03,0.03
6,72,Gannon-Doak,MID,Bournemouth,0.8,4.9,0.1,,1.0,0.8,0.0,0.0,0.0,0.0,0.0,0.0
6,488,I.Sangaré,MID,Nott'm Forest,0.5,4.9,0.4,,1.3,0.5,0.43,1.23,4.85,1.21,0.22,0.21
6,490,Wood,FWD,Nott'm Forest,0.8,5.8,0.9,,1.0,0.8,0.14,0.52,2.16,0.54,0.11,0.12
6,369,Ngumoha,MID,Liverpool,0.5,5.7,0.5,,1.3,0.5,0.17,0.45,2.59,0.47,0.08,0.08
6,195,Simms,FWD,Coventry City,0.5,4.9,0.6,,1.3,0.5,0.48,1.46,5.01,1.34,0.24,0.24
6,263,Kevin,MID,Fulham,0.8,5.3,0.0,,1.0,0.8,0.12,0.53,1.85,0.53,0.1,0.09
6,157,Estêvão,MID,Chelsea,0.8,6.3,0.7,,1.0,0.8,0.16,0.73,2.69,0.73,0.13,0.13
6,136,Welbeck,FWD,Chelsea,1.0,5.9,1.0,,1.3,1.0,0.44,1.65,6.48,1.77,0.44,0.44
6,144,Gusto,DEF,Chelsea,0.8,4.9,1.0,,1.0,0.8,0.64,2.41,8.88,2.42,0.51,0.51
6,162,Andrey Santos,MID,Man Utd,0.5,4.8,0.6,,1.3,0.5,0.27,0.91,3.37,0.92,0.14,0.14
6,634,Fernandez-Pardo,FWD,Newcastle,1.3,6.0,0.1,,1.3,1.3,0.57,1.65,5.36,1.65,0.74,0.75
6,64,Smith,DEF,Bournemouth,0.8,4.5,0.1,,0.8,0.8,0.68,1.42,8.4,1.4,0.54,0.55
6,515,Maddison,MID,Spurs,0.5,6.3,0.4,,1.0,0.5,0.0,0.0,0.0,0.0,0.0,0.0
6,498,Senesi,DEF,Spurs,0.0,5.8,3.6,,3.0,0.0,0.59,1.46,8.72,1.59,0.0,0.0
6,520,Bergvall,MID,Spurs,0.5,5.3,0.1,,1.0,0.5,0.24,0.53,2.87,0.52,0.12,0.12
6,600,Osman,MID,Brighton,0.5,5.0,0.0,,1.0,0.5,0.38,1.18,3.5,1.17,0.19,0.19
6,457,J.Murphy,MID,Newcastle,0.8,5.9,0.1,,0.6,0.8,0.45,2.0,6.86,2.11,0.36,0.36
6,559,Bamba,MID,Newcastle,0.5,4.9,0.1,,1.0,0.5,0.38,1.44,5.0,1.54,0.19,0.19
6,501,Danso,DEF,Sunderland,0.8,5.0,0.2,,1.0,0.8,0.52,2.38,9.39,2.5,0.42,0.42
6,568,Barco,MID,Chelsea,0.8,5.4,0.1,,1.0,0.8,0.48,1.33,5.14,1.4,0.38,0.38
6,646,Fofana,MID,Sunderland,1.0,5.5,0.0,,1.0,1.0,0.38,2.52,9.43,2.51,0.38,0.38
6,343,James,MID,Leeds,0.8,4.9,0.1,,1.0,0.8,0.08,0.1,0.81,0.09,0.06,0.06
6,108,Wilson,FWD,Brentford,0.5,5.4,0.3,,1.0,0.5,0.38,0.53,2.81,0.51,0.19,0.19
6,253,Andersen,DEF,Fulham,0.8,5.0,0.1,,1.0,0.8,0.63,3.02,11.13,3.18,0.5,0.51
6,262,Smith Rowe,MID,Fulham,0.8,5.4,0.2,,1.0,0.8,0.29,1.35,4.79,1.37,0.23,0.23
6,241,McNeil,MID,Crystal Palace,0.2,5.4,0.1,,1.5,0.2,0.28,0.9,4.01,0.93,0.06,0.06
6,269,Sessegnon,DEF,Fulham,0.5,4.3,0.3,,1.0,0.5,0.26,1.52,5.14,1.47,0.13,0.13
6,633,Ahanor,DEF,Crystal Palace,1.0,4.5,0.0,,3.0,1.0,0.48,1.57,6.78,1.56,0.48,0.48
6,635,Larsson,MID,Fulham,1.0,5.0,0.0,,1.0,1.0,0.38,2.77,9.68,2.77,0.38,0.38
6,584,Hamer,MID,Coventry City,0.5,5.4,0.1,,1.0,0.5,0.38,1.45,5.67,1.51,0.19,0.19
6,255,J.Cuenca,DEF,Fulham,0.0,4.5,0.0,,3.0,0.0,0.24,1.11,4.02,1.15,0.0,0.0
6,375,Nyoni,MID,Liverpool,0.8,4.9,0.0,,1.0,0.8,0.0,0.0,0.0,0.0,0.0,0.0
6,422,Mazraoui,DEF,Man Utd,0.5,4.4,0.5,,1.0,0.5,0.24,0.93,3.33,0.91,0.12,0.12
6,188,Torp,MID,Coventry City,0.5,5.3,0.1,,1.0,0.5,0.38,1.44,5.61,1.5,0.19,0.19
6,271,Muniz,FWD,Fulham,0.5,5.4,0.4,,0.8,0.5,0.13,0.62,2.05,0.58,0.06,0.07
6,381,Koumas,MID,Liverpool,0.5,5.0,0.0,,1.0,0.5,0.38,0.83,4.32,0.79,0.19,0.19
6,74,Brooks,MID,Bournemouth,0.8,5.0,0.1,,0.8,0.8,0.17,0.56,3.54,0.59,0.14,0.14
6,608,Jebbison,FWD,Bournemouth,0.5,5.0,0.1,,1.0,0.5,0.38,0.79,4.74,0.79,0.19,0.19
6,149,Colwill,DEF,Chelsea,0.8,4.8,0.9,,0.8,0.8,0.43,1.37,5.25,1.43,0.34,0.34
6,478,Netz,DEF,Nott'm Forest,0.5,4.4,0.0,,1.0,0.5,0.04,0.13,0.5,0.12,0.02,0.02
6,306,Greaves,DEF,Ipswich Town,0.2,4.0,1.1,,0.8,0.2,0.78,4.06,15.06,5.02,0.16,0.16
6,323,McAteer,MID,Ipswich Town,0.5,4.4,1.0,,1.0,0.5,0.38,1.57,4.67,1.56,0.19,0.19
6,160,Garnacho,MID,Aston Villa,0.5,5.8,0.3,,1.0,0.5,0.18,0.76,3.14,0.79,0.09,0.09
6,289,Crooks,MID,Hull City,0.2,4.4,0.5,,1.0,0.2,0.68,1.83,8.49,1.96,0.14,0.14
6,9,Hincapie,DEF,Arsenal,0.2,5.2,0.9,,1.0,0.2,0.26,1.53,4.61,1.54,0.05,0.05
6,16,Madueke,MID,Arsenal,0.2,6.2,0.2,,1.0,0.2,0.21,1.0,3.0,1.0,0.04,0.04
6,101,Henderson,MID,Chelsea,0.5,4.9,0.0,,2.0,0.5,0.39,1.05,3.95,1.08,0.2,0.19
6,571,Florentino,MID,Ipswich Town,0.5,4.8,0.1,,1.0,0.5,0.38,1.45,4.52,1.51,0.19,0.19
6,548,Rigg,MID,Sunderland,0.2,4.9,0.0,,1.0,0.2,0.14,0.59,2.25,0.6,0.03,0.03
6,81,Rodríguez,FWD,Bournemouth,0.5,6.0,0.1,,1.0,0.5,0.38,0.5,3.0,0.5,0.19,0.19
6,300,Walton,GKP,Ipswich Town,0.5,4.4,0.4,,2.0,0.5,0.48,2.72,10.0,3.33,0.24,0.24
6,207,Mingueza,DEF,Crystal Palace,0.5,4.4,0.1,,1.0,0.5,0.38,2.25,10.17,2.35,0.19,0.19
6,621,McAidoo,MID,Man City,0.5,4.5,0.1,,1.0,0.5,0.38,1.78,10.65,1.77,0.19,0.19
6,616,Bouaddi,MID,Man City,0.5,5.5,0.2,,1.0,0.5,0.38,0.97,5.78,0.96,0.19,0.19
6,406,Kovačić,MID,Man City,0.2,5.4,0.1,,1.0,0.2,0.01,0.03,0.18,0.03,0.0,0.0
6,54,Gomes,MID,Aston Villa,1.0,5.5,0.0,,1.0,1.0,0.53,1.39,5.71,1.43,0.53,0.53
6,25,Gyökeres,FWD,Arsenal,0.5,7.1,3.1,,1.0,0.5,0.34,1.93,5.8,1.93,0.17,0.17
6,212,Hughes,MID,Crystal Palace,0.5,4.4,7.4,,1.0,0.5,0.25,0.74,3.26,0.75,0.12,0.12
6,595,Gozo,MID,Crystal Palace,0.5,5.0,0.0,,1.0,0.5,0.38,1.08,4.88,1.13,0.19,0.19
6,357,Frimpong,DEF,Liverpool,0.5,5.3,1.8,,0.7,0.5,0.36,0.9,5.26,0.96,0.18,0.18
6,240,Iroegbunam,MID,Hull City,0.5,5.0,0.0,,0.7,0.5,0.22,0.62,2.59,0.6,0.11,0.11
6,364,Tsimikas,DEF,Liverpool,0.5,4.9,0.1,,1.0,0.5,0.48,1.86,10.64,1.94,0.24,0.24
6,76,Tóth.A,MID,Bournemouth,0.2,4.9,0.0,,1.0,0.2,0.03,0.05,0.33,0.06,0.01,0.01
6,318,Philogene,MID,Ipswich Town,0.5,5.4,0.1,,1.0,0.5,0.38,1.49,4.55,1.52,0.19,0.19
6,631,Mbaye,MID,Aston Villa,0.7,6.0,0.1,,1.0,0.7,0.38,1.27,5.08,1.27,0.27,0.26
6,637,Vaz,FWD,Hull City,0.7,5.0,0.1,,1.0,0.7,0.38,0.8,3.45,0.8,0.27,0.26
6,440,Zirkzee,FWD,Man Utd,0.5,5.3,0.4,,1.0,0.5,0.07,0.24,0.91,0.25,0.04,0.03
6,620,Diouf,DEF,Brentford,0.5,4.5,0.1,,1.0,0.5,0.38,0.82,4.52,0.82,0.19,0.19
6,126,O'Riley,MID,Brighton,0.5,5.4,0.1,,1.0,0.5,0.03,0.15,0.44,0.15,0.02,0.01
6,339,Longstaff,MID,Leeds,0.2,4.9,0.1,,1.0,0.2,0.13,0.15,1.33,0.15,0.03,0.03
6,420,Yoro,DEF,Man Utd,0.5,4.8,0.5,,1.0,0.5,0.24,0.9,3.43,0.94,0.12,0.12
6,164,Quenda,MID,Chelsea,0.2,5.3,0.0,,1.0,0.2,0.38,1.05,4.08,1.11,0.08,0.08
6,446,Schär,DEF,Newcastle,0.2,4.9,0.2,,1.0,0.2,0.14,0.77,2.72,0.84,0.03,0.03
6,232,O'Brien,DEF,Everton,0.5,4.8,0.3,,1.0,0.5,0.46,2.2,5.55,2.22,0.23,0.23
6,42,Guessand,MID,Crystal Palace,0.2,5.4,0.0,,1.0,0.2,0.12,0.38,1.67,0.39,0.02,0.02
6,549,Talbi,MID,Sunderland,0.0,5.3,0.1,,1.0,0.0,0.21,0.87,3.31,0.88,0.0,0.0
6,5,J.Timber,DEF,Arsenal,0.2,6.5,0.4,,0.5,0.2,0.47,2.87,9.66,3.22,0.09,0.09
6,539,O'Nien,DEF,Sunderland,0.0,3.9,2.5,,1.0,0.0,0.17,0.73,2.8,0.75,0.0,0.0
6,147,Tosin,DEF,Spurs,0.2,4.4,0.1,,1.0,0.2,0.11,0.26,1.42,0.26,0.02,0.02
6,20,Dowman,MID,Arsenal,0.2,5.3,0.1,,1.0,0.2,0.01,0.11,0.35,0.12,0.0,0.0
6,622,Braithwaite,DEF,Man City,0.2,4.0,0.2,,1.0,0.2,0.38,1.59,9.52,1.59,0.08,0.08
6,647,Osorio,MID,Crystal Palace,0.3,5.5,0.0,,1.0,0.3,0.38,0.79,3.42,0.79,0.11,0.11
6,213,Lerma,MID,Crystal Palace,0.2,4.8,0.1,,0.5,0.2,0.24,0.82,3.4,0.78,0.05,0.05
6,35,Bogarde,MID,Aston Villa,0.0,4.9,0.1,,1.0,0.0,0.14,0.35,1.39,0.35,0.0,0.0
6,245,Dibling,MID,Everton,0.2,5.4,0.0,,1.0,0.2,0.05,0.21,0.48,0.19,0.01,0.01
6,285,McNair,DEF,Hull City,0.0,4.0,0.1,,1.0,0.0,0.38,2.0,9.73,2.25,0.0,0.0
6,421,Heaven,DEF,Man Utd,0.0,4.4,0.3,,1.0,0.0,0.24,0.94,3.32,0.91,0.0,0.0
6,430,Mount,MID,Man Utd,0.2,5.4,0.0,,1.0,0.2,0.16,0.58,2.07,0.57,0.03,0.03
6,435,Lacey,MID,Man Utd,0.0,4.9,0.1,,1.0,0.0,0.0,0.0,0.0,0.0,0.0,0.0
6,662,Nicoll-Jazuli,MID,Chelsea,1.1,4.5,0.0,,1.0,1.1,0.38,0.8,2.92,0.8,0.42,0.41
6,208,Sarr,MID,Crystal Palace,0.2,6.2,0.6,,1.0,0.2,0.32,1.49,6.48,1.5,0.06,0.06
6,599,Cherif,FWD,Coventry City,0.2,5.0,0.1,,1.0,0.2,0.38,1.0,3.75,1.0,0.08,0.08
6,185,Sakamoto,MID,Coventry City,0.2,4.8,0.1,,1.0,0.2,0.38,1.49,5.74,1.53,0.08,0.08
6,395,Lewis,DEF,Man City,0.0,4.4,0.2,,1.0,0.0,0.15,0.45,2.65,0.44,0.0,0.0
6,396,Vitor Reis,DEF,Man City,0.2,4.5,0.0,,1.0,0.2,0.38,1.59,9.52,1.59,0.08,0.08
6,400,Doku,MID,Man City,0.2,7.4,0.7,,1.0,0.2,0.25,0.77,4.23,0.71,0.05,0.05
6,243,Alcaraz,MID,Everton,0.0,4.9,0.1,,0.5,0.0,0.08,0.36,0.88,0.35,0.0,0.0
6,594,David,FWD,Brighton,0.2,5.9,0.2,,0.5,0.2,0.38,0.94,2.43,0.81,0.08,0.08
6,179,Latibeaudiere,DEF,Coventry City,0.2,4.0,0.0,,1.0,0.2,0.38,3.22,12.11,3.23,0.08,0.08
6,120,Svoboda,DEF,Brighton,0.2,5.0,0.1,,1.0,0.2,0.38,2.33,7.13,2.38,0.08,0.08
6,340,Gelhardt,MID,Hull City,0.2,5.0,0.0,,1.0,0.2,0.38,1.22,5.1,1.18,0.08,0.08
6,574,Hjertø-Dahl,MID,Hull City,0.2,4.9,0.1,,1.0,0.2,0.38,1.16,5.03,1.16,0.08,0.08
6,641,Bard,DEF,Leeds,0.3,4.5,0.0,,1.0,0.3,0.38,0.41,3.68,0.41,0.11,0.11
6,648,Bahoya,MID,Leeds,0.3,5.0,0.0,,1.0,0.3,0.38,0.39,3.47,0.39,0.11,0.11
6,482,Hudson-Odoi,MID,Nott'm Forest,0.2,5.8,0.1,,1.0,0.2,0.28,0.96,3.82,0.96,0.06,0.06
6,493,Kalimuendo,FWD,Nott'm Forest,0.0,5.4,0.1,,1.0,0.0,0.0,0.0,0.0,0.0,0.0,0.0
6,487,Dominguez,MID,Nott'm Forest,0.2,4.9,0.1,,1.0,0.2,0.22,0.67,2.67,0.67,0.04,0.04
6,89,Henry,DEF,Brentford,0.2,4.4,0.2,,1.0,0.2,0.18,0.41,2.23,0.41,0.04,0.04
6,308,Furlong,DEF,Ipswich Town,0.2,3.9,0.6,,1.0,0.2,0.38,2.75,9.18,3.06,0.08,0.08
6,321,Walle Egeli,FWD,Ipswich Town,0.0,4.5,3.5,,1.0,0.0,0.38,1.0,3.0,1.0,0.0,0.0
6,535,Alderete,DEF,Sunderland,0.0,4.8,0.2,,1.0,0.0,0.42,2.06,7.62,2.03,0.0,0.0
6,38,A.García,DEF,Aston Villa,0.0,4.0,1.5,,0.0,0.0,0.01,0.03,0.13,0.03,0.0,0.0
6,50,Burrowes,MID,Aston Villa,0.0,4.5,0.6,,0.0,0.0,0.0,0.0,0.0,0.0,0.0,0.0
6,524,Olusesi,MID,Spurs,0.0,4.4,1.0,,0.0,0.0,0.0,0.0,0.0,0.0,0.0,0.0
6,601,Williams-Barnett,MID,Spurs,0.0,4.5,0.1,,0.0,0.0,0.38,0.77,4.25,0.77,0.0,0.0
6,531,Ellborg,GKP,Sunderland,0.0,4.5,0.1,,0.0,0.0,0.04,0.16,0.6,0.16,0.0,0.0
6,310,Matusiwa,MID,Ipswich Town,0.0,4.9,0.0,,0.0,0.0,0.38,1.55,4.63,1.54,0.0,0.0
6,324,Mehmeti,MID,Ipswich Town,0.0,4.8,0.0,,0.0,0.0,0.38,1.55,4.63,1.54,0.0,0.0
6,344,Gruev,MID,Leeds,0.0,5.0,0.0,,0.0,0.0,0.2,0.17,1.54,0.17,0.0,0.0
6,603,Lienou,DEF,Leeds,0.0,4.0,0.1,,0.0,0.0,0.38,0.79,7.14,0.79,0.0,0.0
6,604,Cresswell,MID,Leeds,0.0,4.5,0.1,,0.0,0.0,0.38,0.39,3.47,0.39,0.0,0.0
6,625,Cairns,GKP,Leeds,0.0,4.0,0.2,,0.0,0.0,0.38,0.75,6.75,0.75,0.0,0.0
6,629,Zetterer,GKP,Leeds,0.0,4.0,0.7,,0.0,0.0,0.38,0.75,6.75,0.75,0.0,0.0
6,351,Mamardashvili,GKP,Liverpool,0.0,4.9,0.1,,0.0,0.0,0.13,0.26,1.45,0.26,0.0,0.0
6,352,Woodman,GKP,Liverpool,0.0,4.0,1.0,,0.0,0.0,0.03,0.04,0.25,0.04,0.0,0.0
6,292,Ömür,MID,Hull City,0.0,4.9,0.0,,0.0,0.0,0.38,1.16,5.02,1.16,0.0,0.0
6,294,Zambrano,MID,Hull City,0.0,4.5,0.1,,0.0,0.0,0.38,1.16,5.02,1.16,0.0,0.0
6,645,Mouzakitis,MID,Hull City,0.0,5.0,0.0,,0.0,0.0,0.38,1.16,5.02,1.16,0.0,0.0
6,301,Palmer,GKP,Ipswich Town,0.0,4.0,3.9,,0.0,0.0,0.38,3.0,9.0,3.0,0.0,0.0
6,302,Button,GKP,Ipswich Town,0.0,4.0,0.6,,0.0,0.0,0.38,3.0,9.0,3.0,0.0,0.0
6,303,Kipré,DEF,Ipswich Town,0.0,3.9,0.9,,0.0,0.0,0.38,3.18,9.52,3.17,0.0,0.0
6,355,Davies,GKP,Liverpool,0.0,4.0,0.2,,0.0,0.0,0.38,1.5,8.25,1.5,0.0,0.0
6,359,Gomez,DEF,Liverpool,0.0,4.9,0.0,,0.0,0.0,0.09,0.24,1.3,0.24,0.0,0.0
6,361,Lucky,DEF,Liverpool,0.0,4.0,0.1,,0.0,0.0,0.38,1.59,8.73,1.59,0.0,0.0
6,374,Endo,MID,Liverpool,0.0,4.9,0.1,,0.0,0.0,0.01,0.02,0.11,0.02,0.0,0.0
6,378,McConnell,MID,Liverpool,0.0,4.4,0.2,,0.0,0.0,0.38,0.77,4.25,0.77,0.0,0.0
6,382,Danns,FWD,Liverpool,0.0,4.5,0.2,,0.0,0.0,0.38,0.5,2.75,0.5,0.0,0.0
6,270,Reed,MID,Fulham,0.0,4.4,1.1,,0.0,0.0,0.01,0.07,0.25,0.07,0.0,0.0
6,272,Kusi-Asare,FWD,Fulham,0.0,4.5,5.4,,0.0,0.0,0.0,0.0,0.0,0.0,0.0,0.0
6,626,Zepa,MID,Fulham,0.0,4.5,0.3,,0.0,0.0,0.38,1.55,5.4,1.54,0.0,0.0
6,636,Ángel,MID,Fulham,0.0,5.0,0.0,,0.0,0.0,0.38,1.55,5.4,1.54,0.0,0.0
6,273,Phillips,GKP,Hull City,0.0,4.0,1.4,,0.0,0.0,0.38,2.25,9.75,2.25,0.0,0.0
6,284,McCarthy,DEF,Hull City,0.0,4.0,0.1,,0.0,0.0,0.38,2.38,10.32,2.38,0.0,0.0
6,288,Dowell,MID,Hull City,0.0,4.5,0.3,,0.0,0.0,0.38,1.16,5.02,1.16,0.0,0.0
6,654,Graham,MID,Everton,0.0,4.5,0.1,,0.0,0.0,0.38,1.55,3.86,1.54,0.0,0.0
6,251,Lecomte,GKP,Fulham,0.0,4.0,1.1,,0.0,0.0,0.38,3.0,10.5,3.0,0.0,0.0
6,256,Tete,DEF,Fulham,0.0,4.4,0.2,,0.0,0.0,0.28,1.43,5.1,1.46,0.0,0.0
6,386,Bettinelli,GKP,Man City,0.0,4.5,0.0,,0.0,0.0,0.38,1.5,9.0,1.5,0.0,0.0
6,392,Aït-Nouri,DEF,Man City,0.0,5.3,0.4,,0.0,0.0,0.16,0.47,2.84,0.47,0.0,0.0
6,587,Rulli,GKP,Man City,0.0,5.0,0.0,,0.0,0.0,0.38,1.5,9.0,1.5,0.0,0.0
6,628,Allan,MID,Man City,0.0,6.0,0.0,,0.0,0.0,0.38,0.77,4.63,0.77,0.0,0.0
6,653,Samba,MID,Man City,0.0,4.5,0.0,,0.0,0.0,0.38,0.77,4.63,0.77,0.0,0.0
6,218,Doucouré,MID,Crystal Palace,0.0,4.8,0.0,,0.0,0.0,0.38,1.16,5.02,1.16,0.0,0.0
6,221,Drakes-Thomas,MID,Crystal Palace,0.0,4.5,0.1,,0.0,0.0,0.0,0.0,0.0,0.0,0.0,0.0
6,555,Matthews,GKP,Crystal Palace,0.0,4.0,1.7,,0.0,0.0,0.38,2.25,9.75,2.25,0.0,0.0
6,227,Travers,GKP,Everton,0.0,5.0,0.0,,0.0,0.0,0.38,3.0,7.5,3.0,0.0,0.0
6,228,King,GKP,Everton,0.0,4.5,0.0,,0.0,0.0,0.38,3.0,7.5,3.0,0.0,0.0
6,231,Keane,DEF,Everton,0.0,4.8,0.7,,0.0,0.0,0.38,1.9,4.75,1.9,0.0,0.0
6,189,Shepherd,MID,Coventry City,0.0,4.4,0.3,,0.0,0.0,0.38,1.55,5.79,1.54,0.0,0.0
6,623,Bentley,GKP,Coventry City,0.0,4.0,0.6,,0.0,0.0,0.38,3.0,11.25,3.0,0.0,0.0
6,655,Gboho,MID,Coventry City,0.0,5.5,0.0,,0.0,0.0,0.38,1.55,5.79,1.54,0.0,0.0
6,131,Baleba,MID,Man Utd,0.0,4.9,0.1,,0.0,0.0,0.3,0.83,3.03,0.83,0.0,0.0
6,424,Amass,DEF,Man Utd,0.0,4.0,0.2,,0.0,0.0,0.38,2.38,8.73,2.38,0.0,0.0
6,434,J.Fletcher,MID,Man Utd,0.0,4.9,0.0,,0.0,0.0,0.0,0.0,0.0,0.0,0.0,0.0
6,437,Bendito Mantato,MID,Man Utd,0.0,4.4,0.2,,0.0,0.0,0.0,0.0,0.0,0.0,0.0,0.0
6,438,Fletcher,MID,Man Utd,0.0,4.4,0.3,,0.0,0.0,0.0,0.0,0.0,0.0,0.0,0.0
6,158,Gittens,MID,Chelsea,0.0,5.8,0.0,,0.0,0.0,0.07,0.23,0.86,0.23,0.0,0.0
6,169,Mheuka,FWD,Chelsea,0.0,4.5,0.5,,0.0,0.0,0.0,0.0,0.0,0.0,0.0,0.0
6,560,Penders,GKP,Chelsea,0.0,4.4,0.1,,0.0,0.0,0.38,2.25,8.25,2.25,0.0,0.0
6,561,Anselmino,DEF,Chelsea,0.0,4.5,0.0,,0.0,0.0,0.38,2.38,8.73,2.38,0.0,0.0
6,172,Wilson,GKP,Coventry City,0.0,4.4,0.4,,0.0,0.0,0.38,3.0,11.25,3.0,0.0,0.0
6,178,Bidwell,DEF,Coventry City,0.0,4.0,0.1,,0.0,0.0,0.38,3.18,11.91,3.17,0.0,0.0
6,442,Pope,GKP,Newcastle,0.0,4.9,1.0,,0.0,0.0,0.36,1.55,5.04,1.55,0.0,0.0
6,443,Gillespie,GKP,Newcastle,0.0,4.5,0.0,,0.0,0.0,0.38,3.0,9.75,3.0,0.0,0.0
6,659,Miley,MID,Newcastle,0.0,4.5,0.0,,0.0,0.0,0.38,1.55,5.02,1.54,0.0,0.0
6,614,Hadjam,DEF,Brighton,0.0,4.5,0.0,,0.0,0.0,0.38,2.38,7.14,2.38,0.0,0.0
6,658,Ibrahim,MID,Brighton,0.0,4.5,0.0,,0.0,0.0,0.38,1.16,3.47,1.16,0.0,0.0
6,657,Nunes,MID,Brentford,0.0,4.5,0.0,,0.0,0.0,0.38,0.77,4.25,0.77,0.0,0.0
6,660,Fredrick,DEF,Brentford,1.1,4.0,0.0,,0.0,1.1,0.38,1.59,8.73,1.59,0.42,0.41
6,661,Balcombe,GKP,Brentford,1.0,4.0,0.0,,0.0,1.0,0.38,1.5,8.25,1.5,0.38,0.38
6,111,Steele,GKP,Brighton,0.0,4.0,4.1,,0.0,0.0,0.38,2.25,6.75,2.25,0.0,0.0
6,117,Coppola,DEF,Brighton,0.0,4.5,0.0,,0.0,0.0,0.03,0.08,0.23,0.08,0.0,0.0
6,134,Oriola,MID,Brighton,0.0,4.5,0.2,,0.0,0.0,0.0,0.0,0.0,0.0,0.0,0.0
6,663,Pivas,DEF,Newcastle,1.1,4.0,0.0,,0.0,1.1,0.38,3.18,10.32,3.17,0.42,0.41
6,664,Salia,FWD,Newcastle,1.0,4.5,0.1,,0.0,1.0,0.38,1.0,3.25,1.0,0.38,0.38
6,665,Mills,MID,Newcastle,1.1,4.5,0.0,,0.0,1.1,0.38,1.55,5.02,1.54,0.42,0.41
6,666,Thompson,MID,Newcastle,1.1,4.5,0.0,,0.0,1.1,0.38,1.55,5.02,1.54,0.42,0.41
6,468,John,GKP,Nott'm Forest,0.0,4.5,0.1,,0.0,0.0,0.07,0.21,0.83,0.21,0.0,0.0
6,476,O.Richards,DEF,Nott'm Forest,0.0,4.0,0.2,,0.0,0.0,0.38,2.38,9.52,2.38,0.0,0.0
6,489,Yates,MID,Nott'm Forest,0.0,4.5,1.2,,0.0,0.0,0.03,0.08,0.31,0.08,0.0,0.0
6,573,Sanchez,DEF,Bournemouth,0.0,4.4,0.2,,0.0,0.0,0.38,1.59,9.52,1.59,0.0,0.0
6,615,Di Gregorio,GKP,Bournemouth,0.0,4.5,0.0,,0.0,0.0,0.38,1.5,9.0,1.5,0.0,0.0
6,83,Valdimarsson,GKP,Brentford,0.0,4.5,0.1,,0.0,0.0,0.01,0.03,0.17,0.03,0.0,0.0
6,92,Ji-soo,DEF,Brentford,0.0,4.4,0.0,,0.0,0.0,0.38,1.59,8.73,1.59,0.0,0.0
6,606,Rowe,DEF,Aston Villa,0.0,4.0,0.2,,0.0,0.0,0.38,2.38,9.52,2.38,0.0,0.0
6,630,Harwood-Bellis,DEF,Aston Villa,0.0,4.5,0.0,,0.0,0.0,0.38,2.38,9.52,2.38,0.0,0.0
6,667,Wright,GKP,Aston Villa,1.0,4.0,0.1,,0.0,1.0,0.38,2.25,9.0,2.25,0.38,0.38
6,58,Forster,GKP,Bournemouth,0.0,4.0,3.5,,0.0,0.0,0.38,1.5,9.0,1.5,0.0,0.0
6,62,Diakité,DEF,Bournemouth,0.0,4.9,0.2,,0.0,0.0,0.2,0.42,2.52,0.42,0.0,0.0
6,66,Soler,DEF,Bournemouth,0.0,4.0,0.3,,0.0,0.0,0.0,0.0,0.0,0.0,0.0,0.0
6,590,Benda,GKP,Nott'm Forest,0.0,4.5,0.1,,0.0,0.0,0.38,2.25,9.0,2.25,0.0,0.0
6,495,Austin,GKP,Spurs,0.0,4.0,1.0,,0.0,0.0,0.38,1.5,8.25,1.5,0.0,0.0
6,497,Dubravka,GKP,Spurs,0.0,4.0,17.2,,0.0,0.0,0.46,0.77,4.26,0.77,0.0,0.0
6,508,Davies,DEF,Spurs,0.0,3.9,0.9,,0.0,0.0,0.03,0.11,0.62,0.11,0.0,0.0
6,509,Byfield,DEF,Spurs,0.0,4.0,0.1,,0.0,0.0,0.0,0.0,0.0,0.0,0.0,0.0
6,510,Rowswell,DEF,Spurs,0.0,4.0,0.1,,0.0,0.0,0.0,0.0,0.0,0.0,0.0,0.0
6,550,Jocelin.T,MID,Sunderland,0.0,5.0,0.0,,0.0,0.0,0.01,0.05,0.19,0.05,0.0,0.0
6,3,Meslier,GKP,Arsenal,0.0,4.9,0.0,,0.0,0.0,0.38,3.0,9.0,3.0,0.0,0.0
6,613,Ahoka,MID,Sunderland,0.0,4.5,0.2,,0.0,0.0,0.38,1.55,5.79,1.54,0.0,0.0
6,2,Arrizabalaga,GKP,Arsenal,0.0,4.9,0.1,,0.0,0.0,0.01,0.06,0.18,0.06,0.0,0.0
6,651,J.Angulo,FWD,Sunderland,0.0,4.5,0.7,,0.0,0.0,0.38,1.0,3.75,1.0,0.0,0.0
6,612,Methalie,DEF,Sunderland,-0.2,4.5,0.0,,-1.0,-0.2,0.48,1.67,6.25,1.67,-0.1,-0.1
